Time,Calculated Engine Load (OBD) (%),Intake air temperature (C),Fuel Injection amoung (mg/cyl),Engine load (%),Fuel tank pressure (Bar),Fuel Rail Pressure A (KPa),Engine Load (%),Actual AFR (AFR),Mass air flow sensor (V),Vehicle speed (kph),MAF Flow (g/s),Ignition timing (deg),Electronic throttle control actual (deg),Absolute Engine Load (OBD) (%),Fuel pulse width (ms),Absolute Throttle Position (OBD) (%),Air fuel ratio (AFR),Calculated torque output (%),Electronic throttle control desired (deg),Engine coolant temperature (C),Engine speed (RPM),Fuel Pressure (mPa),Fuel pressure (mPa),Fuel system status (OL/CL),Gear Status,Intake Air Temperature (C),Knock retard (deg),Mass air flow (g/s),Throttle Open Angle (sub) (%),
0, 0, 39, 0, 0, 0.02, , 0, 14.7, 0.71, 0, , 0, 12.9, 0, 0, 22, 14.7, , 12.9, 85, 0, , , 1024, 70, 35, 0, 0.45, 21.6,
2641, 0, 39, 0, 0, 0.02, , 0, 14.7, 0.71, 0, , 0, 12.9, 0, 0, 22, 14.7, , 12.9, 84, 0, , , 1024, 70, 35, 0, 0.45, 21.6,
2800, 0, 39, 0, 0, 0.02, , 0, 14.7, 0.71, 0, , 0, 12.9, 0, 0, 22, 14.7, , 12.9, 84, 0, , , 1024, 70, 35, 0, 0.45, 21.6,
2959, 0, 39, 0, 0, 0.02, , 0, 14.7, 0.71, 0, , 0, 12.9, 0, 0, 22, 14.7, , 12.9, 84, 0, , , 1024, 70, 35, 0, 0.45, 21.6,
3128, 0, 39, 0, 0, 0.02, , 0, 14.7, 0.71, 0, , 0, 12.9, 0, 0, 22, 14.7, , 12.9, 84, 0, , , 1024, 70, 35, 0, 0.45, 21.6,
3295, 0, 39, 0, 0, 0.02, , 0, 14.7, 0.71, 0, , 0, 12.9, 0, 0, 22, 14.7, , 12.9, 84, 0, , , 1024, 70, 35, 0, 0.45, 21.6,
3454, 0, 39, 0, 0, 0.02, , 0, 14.7, 0.71, 0, , 0, 12.9, 0, 0, 22, 14.7, , 12.9, 84, 0, , , 1024, 70, 35, 0, 0.45, 21.6,
3620, 0, 39, 0, 0, 0.02, , 0, 14.7, 0.71, 0, , 0, 12.9, 0, 0, 22, 14.7, , 12.9, 84, 0, , , 1024, 70, 35, 0, 0.45, 21.6,
3778, 0, 39, 0, 0, 0.02, , 0, 14.7, 0.71, 0, , 0, 12.9, 0, 0, 22, 14.7, , 12.9, 84, 0, , , 1024, 70, 35, 0, 0.45, 21.6,
3938, 0, 39, 0, 0, 0.02, , 0, 14.7, 0.71, 0, , 0, 12.9, 0, 0, 22, 14.7, , 12.9, 84, 0, , , 1024, 70, 35, 0, 0.45, 21.6,
4099, 0, 39, 0, 0, 0.02, , 0, 14.7, 0.71, 0, , 0, 12.9, 0, 0, 22, 14.7, , 12.9, 84, 0, , , 1024, 70, 35, 0, 0.45, 21.6,
4260, 0, 39, 0, 0, 0.02, , 0, 14.7, 0.71, 0, , 0, 12.9, 0, 0, 22, 14.7, , 12.9, 84, 0, , , 1024, 70, 35, 0, 0.45, 21.6,
4419, 0, 39, 0, 0, 0.02, , 0, 14.7, 0.71, 0, , 0, 12.9, 0, 0, 22, 14.7, , 12.9, 84, 0, , , 1024, 70, 35, 0, 0.45, 21.6,
4579, 0, 39, 0, 0, 0.02, , 0, 14.7, 0.71, 0, , 0, 12.9, 0, 0, 22, 14.7, , 12.9, 84, 0, , , 1024, 70, 35, 0, 0.45, 21.6,
4738, 0, 39, 0, 0, 0.02, , 0, 14.7, 0.71, 0, , 0, 12.9, 0, 0, 22, 14.7, , 12.9, 84, 0, , , 1024, 70, 35, 0, 0.45, 21.6,
4899, 0, 39, 0, 0, 0.02, , 0, 14.7, 0.71, 0, , 0, 12.9, 0, 0, 22, 14.7, , 12.9, 84, 0, , , 1024, 70, 35, 0, 0.45, 21.6,
5060, 0, 39, 0, 0, 0.02, , 0, 14.7, 0.71, 0, , 0, 12.9, 0, 0, 22, 14.7, , 12.9, 84, 0, , , 1024, 70, 35, 0, 0.45, 21.6,
5219, 0, 39, 0, 0, 0.02, , 0, 14.7, 0.71, 0, , 0, 12.9, 0, 0, 22, 14.7, , 12.9, 84, 0, , , 1024, 70, 35, 0, 0.45, 21.6,
5379, 0, 39, 0, 0, 0.02, , 0, 14.7, 0.71, 0, , 0, 12.9, 0, 0, 22, 14.7, , 12.9, 84, 0, , , 1024, 70, 35, 0, 0.45, 21.6,
5541, 0, 39, 0, 0, 0.02, , 0, 14.7, 0.71, 0, , 0, 12.9, 0, 0, 22, 14.7, , 12.9, 84, 0, , , 1024, 70, 35, 0, 0.45, 21.6,
5708, 0, 39, 0, 0, 0.02, , 0, 14.7, 0.71, 0, , 0, 12.9, 0, 0, 22, 14.7, , 12.9, 84, 0, , , 1024, 70, 35, 0, 0.45, 21.6,
5869, 0, 39, 0, 0, 0.02, , 0, 14.7, 0.71, 0, , 0, 12.9, 0, 0, 22, 14.7, , 12.9, 84, 0, , , 1024, 70, 35, 0, 0.45, 21.6,
6035, 0, 39, 0, 0, 0.02, , 0, 14.7, 0.71, 0, , 0, 12.9, 0, 0, 22, 14.7, , 12.9, 84, 0, , , 1024, 70, 35, 0, 0.45, 21.6,
6194, 0, 39, 0, 0, 0.02, , 0, 14.7, 0.71, 0, , 0, 12.9, 0, 0, 22, 14.7, , 12.9, 84, 0, , , 1024, 70, 35, 0, 0.45, 21.6,
6354, 0, 39, 0, 0, 0.02, , 0, 14.7, 0.71, 0, , 0, 12.9, 0, 0, 22, 14.7, , 12.9, 84, 0, , , 1024, 70, 35, 0, 0.45, 21.6,
6514, 0, 39, 0, 0, 0.02, , 0, 14.7, 0.71, 0, , 0, 12.9, 0, 0, 22, 14.7, , 12.9, 84, 0, , , 1024, 70, 35, 0, 0.45, 21.6,
6674, 0, 39, 0, 0, 0.02, , 0, 14.7, 0.71, 0, , 0, 12.9, 0, 0, 22, 14.7, , 12.9, 84, 0, , , 1024, 70, 35, 0, 0.45, 21.6,
6834, 0, 39, 0, 0, 0.02, , 0, 14.7, 0.71, 0, , 0, 12.9, 0, 0, 22, 14.7, , 12.9, 84, 0, , , 1024, 70, 35, 0, 0.45, 21.6,
6994, 0, 39, 0, 0, 0.02, , 0, 14.7, 0.71, 0, , 0, 12.9, 0, 0, 22, 14.7, , 12.9, 84, 0, , , 1024, 70, 35, 0, 0.45, 21.6,
7155, 0, 39, 0, 0, 0.02, , 0, 14.7, 0.71, 0, , 0, 12.9, 0, 0, 22, 14.7, , 12.9, 84, 0, , , 1024, 70, 35, 0, 0.45, 21.6,
7313, 0, 39, 0, 0, 0.02, , 0, 14.7, 0.71, 0, , 0, 12.9, 0, 0, 22, 14.7, , 12.9, 84, 0, , , 1024, 70, 35, 0, 0.45, 21.6,
7474, 0, 39, 0, 0, 0.02, , 0, 14.7, 0.71, 0, , 0, 12.9, 0, 0, 22, 14.7, , 12.9, 84, 0, , , 1024, 70, 35, 0, 0.45, 21.6,
7635, 0, 39, 0, 0, 0.02, , 0, 14.7, 0.71, 0, , 0, 12.9, 0, 0, 22, 14.7, , 12.9, 84, 0, , , 1024, 70, 35, 0, 0.45, 21.6,
7799, 0, 39, 0, 0, 0.02, , 0, 14.7, 0.71, 0, , 0, 12.9, 0, 0, 22, 14.7, , 12.9, 84, 0, , , 1024, 70, 35, 0, 0.45, 21.6,
7959, 100, 39, 0, 0.66, 0.02, , 100, 14.7, 0.81, 0, , 0, 12.9, 65.9, 0, 22, 14.7, , 12.9, 84, 0, , , 1024, 70, 35, 0, 0.74, 21.6,
8119, 100, 39, 0, 0.66, 0.02, , 100, 14.7, 0.85, 0, , 0, 12.93, 65.9, 0, 22, 14.7, , 12.9, 84, 0, , , 1024, 70, 35, 0, 1.95, 21.6,
8280, 100, 39, 20.26, 0.41, 0.02, , 74.51, 14.7, 0.71, 0, , -5, 12.9, 65.9, 0, 22, 14.7, , 12.9, 84, 254, , , 1024, 70, 35, 0, 1.64, 21.6,
8441, 74.5, 39, 20.29, 0.4, 0.02, , 74.9, 14.7, 0.89, 0, , -5, 12.9, 41.6, 2.58, 22, 14.7, , 12.9, 84, 270, , , 1024, 70, 35, 0, 3.43, 21.6,
8599, 72.2, 39, 30.36, 0.34, 0.02, , 60.39, 14.7, 0.98, 0, , -7.5, 27.79, 40, 2.45, 22, 14.7, , 34.91, 84, 557, , , 256, 70, 35, 0, 6.34, 22.7,
8760, 58.4, 39, 16.54, 0.32, 0.02, , 51.76, 14.7, 0.68, 0, , -14, 0.24, 34.1, 4.22, 10.2, 14.7, , 0.28, 84, 782, , , 256, 70, 35, 0, 0.57, 9.4,
8919, 49.8, 39, 12.73, 0.3, 0.02, , 49.02, 14.7, 0.73, 0, , -15, 0.26, 31.8, 2.59, 9.8, 14.7, , 0.28, 84, 805, , , 256, 70, 35, 0, 0.58, 9.4,
9079, 47.5, 39, 11.23, 0.27, 0.02, , 45.88, 14.7, 0.72, 0, , -10, 0.26, 29.8, 2.02, 9.8, 14.7, , 0.28, 84, 748, , , 256, 70, 35, 0, 0.71, 9.4,
9240, 43.5, 39, 9.89, 0.24, 0.02, , 41.18, 14.7, 0.72, 0, , -3.5, 0.26, 26.3, 1.84, 9.8, 14.7, , 0.28, 84, 708, , , 256, 70, 35, 0, 0.66, 9.4,
9399, 39.6, 39, 9.49, 0.24, 0.01, , 40, 14.7, 0.74, 0, , 0, 2.98, 23.9, 1.79, 10.6, 14.7, , 3.8, 84, 702, , , 256, 70, 35, 0, 1.17, 10.2,
9559, 40.8, 38, 10.22, 0.25, 0.02, , 41.18, 14.7, 0.92, 0, , 2, 4.54, 24.3, 1.97, 13.7, 14.7, , 4.54, 84, 683, , , 256, 70, 35, 0, 3.07, 13.3,
9749, 42, 38, 10.83, 0.25, 0.01, , 42.35, 14.7, 0.98, 0, , 0, 4.85, 24.7, 2.06, 14.1, 14.7, , 4.59, 84, 694, , , 256, 70, 35, 0, 3.44, 13.7,
9910, 42.7, 38, 11.02, 0.25, 0.02, , 42.75, 14.7, 0.98, 0, , -0.5, 4.77, 25.5, 2.09, 14.1, 14.7, , 4.83, 84, 693, , , 256, 70, 35, 0, 3.33, 13.7,
10074, 42.7, 38, 11.02, 0.25, 0.02, , 42.35, 14.7, 0.98, 0, , 0.5, 4.93, 25.5, 2.08, 14.1, 14.7, , 4.93, 84, 701, , , 256, 70, 35, 0, 3.62, 13.7,
10235, 42.4, 38, 11.08, 0.25, 0.01, , 42.35, 14.7, 0.99, 0, , -0.5, 4.93, 25.5, 2.05, 14.1, 14.7, , 4.94, 84, 708, , , 256, 70, 35, 0, 3.41, 13.7,
10395, 42.4, 38, 10.93, 0.25, 0.01, , 41.96, 14.7, 0.98, 0, , -0.5, 5.03, 25.5, 2.01, 14.5, 14.7, , 5.02, 84, 710, , , 256, 70, 35, 0, 3.56, 13.7,
10555, 42, 38, 10.86, 0.25, 0.02, , 42.35, 14.7, 0.95, 0, , -1.5, 5.06, 25.5, 1.98, 14.5, 14.7, , 5.09, 84, 721, , , 256, 70, 35, 0, 3.62, 13.7,
10715, 42, 38, 10.8, 0.25, 0.02, , 42.35, 14.7, 0.99, 0, , -1.5, 5.03, 25.5, 1.96, 14.5, 14.7, , 5.03, 84, 720, , , 256, 70, 35, 0, 3.61, 13.7,
10875, 42, 38, 10.74, 0.25, 0.02, , 41.96, 14.7, 1, 0, , -2, 5.03, 25.5, 1.95, 14.5, 14.7, , 4.97, 84, 723, , , 256, 70, 35, 0, 3.67, 13.7,
11039, 41.6, 38, 10.65, 0.25, 0.02, , 41.57, 14.7, 0.99, 0, , -2, 4.98, 25.1, 1.94, 14.5, 14.7, , 4.99, 84, 726, , , 256, 70, 35, 0, 3.5, 13.7,
11199, 41.6, 38, 10.5, 0.25, 0.02, , 41.18, 14.7, 0.99, 0, , -2, 5.18, 25.1, 1.91, 14.5, 14.7, , 5.07, 84, 725, , , 256, 70, 35, 0, 3.74, 14.1,
11359, 41.6, 38, 10.59, 0.25, 0.01, , 41.57, 14.7, 1.01, 0, , -2, 4.83, 25.1, 1.95, 14.5, 14.7, , 4.86, 84, 718, , , 256, 70, 35, 0, 3.25, 13.7,
11520, 41.2, 38, 10.41, 0.25, 0.02, , 40.78, 14.7, 0.98, 0, , -1.5, 4.85, 24.7, 1.91, 14.1, 14.7, , 4.89, 84, 717, , , 256, 70, 35, 0, 3.38, 13.7,
11679, 40.8, 38, 10.38, 0.25, 0.02, , 40.78, 14.7, 0.98, 0, , -1, 4.85, 24.7, 1.92, 14.1, 14.7, , 4.77, 84, 716, , , 256, 70, 35, 0, 3.35, 13.7,
11840, 40.8, 38, 10.31, 0.24, 0.02, , 40.78, 14.7, 0.99, 0, , -1, 4.77, 24.7, 1.91, 14.1, 14.7, , 4.75, 84, 712, , , 256, 70, 35, 0, 3.31, 13.7,
12002, 40.4, 38, 10.13, 0.24, 0.02, , 40, 14.7, 0.97, 0, , 0, 4.7, 24.3, 1.91, 14.1, 14.7, , 4.84, 84, 708, , , 256, 70, 35, 0, 3.11, 13.7,
12159, 40, 38, 10.07, 0.23, 0.01, , 39.61, 14.7, 0.97, 0, , 1, 4.75, 23.9, 1.89, 14.1, 14.7, , 4.8, 84, 712, , , 256, 70, 35, 0, 3.35, 13.7,
12319, 39.6, 38, 10.04, 0.24, 0.02, , 39.61, 14.7, 0.97, 0, , 1, 4.8, 23.9, 1.9, 14.1, 14.7, , 4.74, 84, 712, , , 256, 70, 35, 0, 3.34, 13.7,
12479, 39.6, 38, 10.01, 0.23, 0.02, , 39.61, 14.7, 0.97, 0, , 2, 4.75, 23.9, 1.89, 14.1, 14.7, , 4.72, 84, 706, , , 256, 70, 35, 0, 3.31, 13.7,
12640, 39.6, 38, 10.01, 0.23, 0.02, , 39.61, 14.7, 0.97, 0, , 1, 4.7, 23.5, 1.9, 14.1, 14.7, , 4.67, 84, 714, , , 256, 70, 35, 0, 3.38, 13.7,
12799, 39.2, 38, 9.98, 0.23, 0.01, , 39.22, 14.7, 0.98, 0, , 2, 4.62, 23.5, 1.89, 14.1, 14.7, , 4.6, 84, 710, , , 256, 70, 35, 0, 3.22, 13.7,
12959, 39.2, 38, 9.86, 0.23, 0.02, , 39.22, 14.7, 0.97, 0, , 2, 4.6, 23.5, 1.89, 14.1, 14.7, , 4.61, 84, 706, , , 256, 70, 35, 0, 3.05, 13.3,
13120, 38.8, 38, 9.7, 0.23, 0.02, , 38.82, 14.7, 0.93, 0, , 2.5, 4.65, 23.1, 1.86, 14.1, 14.7, , 4.79, 84, 706, , , 256, 70, 35, 0, 2.81, 13.3,
13280, 38.4, 38, 9.74, 0.23, 0.02, , 38.43, 14.7, 0.98, 0, , 3.5, 4.72, 23.1, 1.87, 14.1, 14.7, , 4.71, 84, 706, , , 256, 70, 35, 0, 3.31, 13.7,
13440, 38.4, 38, 9.77, 0.23, 0.02, , 38.43, 14.7, 0.97, 0, , 2.5, 4.7, 23.1, 1.88, 14.1, 14.7, , 4.63, 84, 710, , , 256, 70, 35, 0, 3.24, 13.7,
13600, 38.4, 38, 9.7, 0.23, 0.02, , 38.82, 14.7, 0.96, 0, , 2.5, 4.65, 23.1, 1.88, 14.1, 14.7, , 4.61, 84, 705, , , 256, 70, 35, 0, 3.28, 13.3,
13758, 38.4, 38, 9.64, 0.23, 0.01, , 38.43, 14.7, 0.95, 0, , 4, 4.57, 23.1, 1.87, 14.1, 14.7, , 4.63, 84, 704, , , 256, 70, 35, 0, 3.22, 13.3,
13919, 38, 38, 9.52, 0.23, 0.02, , 37.65, 14.7, 0.91, 0, , 4, 4.67, 22.7, 1.84, 14.1, 14.7, , 4.88, 84, 706, , , 256, 70, 35, 0, 2.66, 13.3,
14079, 37.6, 38, 9.52, 0.23, 0.01, , 37.65, 14.7, 0.96, 0, , 4.5, 4.83, 22.7, 1.84, 14.1, 14.7, , 4.8, 84, 709, , , 256, 70, 35, 0, 3.34, 13.7,
14240, 38, 38, 9.55, 0.23, 0.02, , 38.04, 14.7, 0.95, 0, , 3.5, 4.75, 22.7, 1.86, 14.1, 14.7, , 4.69, 84, 710, , , 256, 70, 35, 0, 3.27, 13.7,
14400, 38, 38, 9.58, 0.23, 0.02, , 38.04, 14.7, 0.97, 0, , 2.5, 4.57, 22.7, 1.86, 14.1, 14.7, , 4.57, 84, 709, , , 256, 70, 35, 0, 3.12, 13.3,
14560, 38, 38, 9.46, 0.23, 0.02, , 37.65, 14.7, 0.94, 0, , 3, 4.57, 22.7, 1.84, 14.1, 14.7, , 4.56, 84, 710, , , 256, 70, 35, 0, 3.05, 13.3,
14757, 37.3, 38, 9.37, 0.22, 0.02, , 37.25, 14.7, 0.93, 0, , 3.5, 4.65, 22.4, 1.83, 14.1, 14.7, , 4.67, 84, 706, , , 256, 70, 35, 0, 3.05, 13.3,
14914, 37.3, 38, 9.37, 0.22, 0.02, , 37.25, 14.7, 0.96, 0, , 4, 4.65, 22.4, 1.84, 14.1, 14.7, , 4.62, 84, 707, , , 256, 70, 35, 0, 3.18, 13.3,
15074, 37.3, 38, 9.37, 0.22, 0.01, , 37.25, 14.7, 0.95, 0, , 4, 4.62, 22.4, 1.84, 14.1, 14.7, , 4.61, 84, 705, , , 256, 70, 35, 0, 3.09, 13.3,
15234, 37.3, 38, 9.31, 0.22, 0.02, , 37.25, 14.7, 0.95, 0, , 4, 4.65, 22.4, 1.83, 14.1, 14.7, , 4.68, 84, 698, , , 256, 70, 35, 0, 3.11, 13.3,
15395, 37.3, 38, 9.28, 0.22, 0.01, , 37.25, 14.7, 0.95, 0, , 5, 4.65, 22.4, 1.83, 14.1, 14.7, , 4.65, 84, 707, , , 256, 70, 35, 0, 3.24, 13.3,
15554, 37.6, 38, 9.34, 0.22, 0.02, , 37.25, 14.7, 0.96, 0, , 3, 4.6, 22.4, 1.84, 14.1, 14.7, , 4.56, 84, 704, , , 256, 70, 35, 0, 3.05, 13.3,
15714, 37.3, 38, 9.28, 0.22, 0.02, , 37.25, 14.7, 0.95, 0, , 4.5, 4.6, 22.4, 1.83, 14.1, 14.7, , 4.56, 84, 702, , , 256, 70, 35, 0, 3.11, 13.3,
15873, 37.3, 38, 9.28, 0.22, 0.02, , 37.25, 14.7, 0.95, 0, , 4, 4.57, 22.4, 1.83, 14.1, 14.7, , 4.59, 84, 706, , , 256, 70, 35, 0, 2.81, 13.3,
16034, 36.9, 38, 9.25, 0.22, 0.02, , 37.25, 14.7, 0.96, 0, , 4, 4.6, 22.4, 1.81, 14.1, 14.7, , 4.57, 84, 708, , , 256, 70, 35, 0, 3.11, 13.3,
16194, 37.3, 38, 9.22, 0.22, 0.01, , 36.86, 14.7, 0.95, 0, , 4.5, 4.6, 22.4, 1.82, 14.1, 14.7, , 4.6, 84, 703, , , 256, 70, 35, 0, 2.98, 13.3,
16354, 36.9, 38, 9.19, 0.22, 0.02, , 36.86, 14.7, 0.96, 0, , 4.5, 4.6, 22, 1.81, 14.1, 14.7, , 4.6, 84, 707, , , 256, 70, 35, 0, 3.14, 13.3,
16515, 36.9, 38, 9.22, 0.22, 0.02, , 36.86, 14.7, 0.95, 0, , 4, 4.57, 22, 1.81, 14.1, 14.7, , 4.54, 84, 704, , , 256, 70, 35, 0, 3.08, 13.3,
16674, 36.9, 38, 9.19, 0.22, 0.02, , 37.25, 14.7, 0.96, 0, , 4.5, 4.52, 22, 1.82, 14.1, 14.7, , 4.51, 84, 700, , , 256, 70, 35, 0, 2.88, 13.3,
16834, 36.9, 38, 9.09, 0.22, 0.02, , 36.47, 14.01, 0.93, 0, , 6, 4.54, 22, 1.81, 14.1, 14.01, , 4.61, 84, 697, , , 512, 70, 35, 0, 3.11, 13.3,
16995, 36.5, 38, 9.43, 0.22, 0.02, , 36.86, 14.01, 0.95, 0, , 5, 4.57, 22, 1.83, 14.1, 14.01, , 4.54, 84, 696, , , 512, 70, 35, 0, 3.05, 13.3,
17155, 36.9, 38, 9.37, 0.22, 0.01, , 36.86, 14.01, 0.95, 0, , 5, 4.57, 22, 1.81, 14.1, 14.01, , 4.54, 84, 696, , , 512, 70, 35, 0, 3.01, 13.3,
17315, 36.9, 38, 9.37, 0.22, 0.02, , 36.86, 14.01, 0.97, 0, , 4.5, 4.57, 22, 1.83, 14.1, 14.01, , 4.49, 84, 694, , , 512, 70, 35, 0, 3.31, 13.3,
17474, 37.3, 37, 9.37, 0.22, 0.02, , 36.86, 14.13, 0.94, 0, , 4.5, 4.54, 22, 1.83, 13.7, 14.13, , 4.56, 84, 696, , , 512, 70, 35, 0, 3.08, 13.3,
17634, 36.9, 37, 9.34, 0.22, 0.02, , 36.86, 14.01, 0.93, 0, , 5, 4.57, 22, 1.81, 14.1, 14.01, , 4.69, 84, 692, , , 512, 70, 35, 0, 3.02, 13.3,
17795, 36.9, 37, 9.34, 0.22, 0.02, , 36.86, 14.01, 0.95, 0, , 5.5, 4.6, 22, 1.81, 14.1, 14.01, , 4.6, 84, 694, , , 512, 70, 35, 0, 3.17, 13.3,
17955, 37.3, 37, 9.4, 0.22, 0.02, , 37.25, 14.13, 0.96, 0, , 4.5, 4.57, 22.4, 1.83, 14.1, 14.13, , 4.54, 84, 692, , , 512, 70, 35, 0, 3.05, 13.3,
18115, 37.3, 37, 9.4, 0.22, 0.01, , 37.25, 14.01, 0.95, 0, , 4.5, 4.54, 22.4, 1.82, 14.1, 14.01, , 4.51, 84, 699, , , 512, 70, 35, 0, 3.11, 13.3,
18277, 37.3, 37, 9.43, 0.22, 0.02, , 37.25, 14.01, 0.95, 0, , 4.5, 4.54, 22.4, 1.81, 14.1, 14.01, , 4.55, 84, 694, , , 512, 70, 35, 0, 2.87, 13.3,
18436, 37.3, 37, 9.31, 0.22, 0.02, , 37.25, 14.01, 0.96, 0, , 6, 4.7, 22, 1.79, 14.1, 14.01, , 4.67, 84, 696, , , 512, 70, 35, 0, 3.3, 13.7,
18595, 37.3, 37, 9.43, 0.22, 0.02, , 37.25, 14.01, 0.97, 0, , 3.5, 4.67, 22.4, 1.82, 14.1, 14.01, , 4.62, 84, 700, , , 512, 70, 35, 0, 3.33, 13.3,
18755, 37.6, 37, 9.43, 0.22, 0.02, , 37.65, 14.13, 0.95, 0, , 4, 4.57, 22.4, 1.81, 14.1, 14.13, , 4.57, 84, 696, , , 512, 70, 35, 0, 3.14, 13.3,
18916, 37.3, 37, 9.37, 0.22, 0.01, , 37.25, 14.13, 0.95, 0, , 3.5, 4.57, 22.4, 1.8, 14.1, 14.13, , 4.58, 84, 702, , , 512, 70, 35, 0, 3.05, 13.3,
19075, 37.6, 37, 9.37, 0.22, 0.02, , 37.65, 14.13, 0.95, 0, , 2.5, 4.57, 22.4, 1.8, 14.1, 14.13, , 4.56, 84, 702, , , 512, 70, 35, 0, 3.18, 13.3,
19237, 37.3, 37, 9.37, 0.22, 0.02, , 37.25, 14.13, 0.95, 0, , 4, 4.57, 22.4, 1.8, 14.1, 14.13, , 4.52, 84, 700, , , 512, 70, 35, 0, 3.04, 13.3,
19395, 37.3, 37, 9.37, 0.22, 0.02, , 37.25, 14.13, 0.95, 0, , 4, 4.42, 22.4, 1.8, 13.7, 14.13, , 4.44, 84, 698, , , 512, 70, 35, 0, 3.08, 13.3,
19555, 37.3, 37, 9.28, 0.22, 0.02, , 37.25, 14.13, 0.93, 0, , 4.5, 4.44, 22.4, 1.79, 13.7, 14.13, , 4.54, 84, 698, , , 512, 70, 35, 0, 2.98, 13.3,
19715, 37.3, 37, 9.28, 0.22, 0.02, , 36.86, 14.13, 0.95, 0, , 4.5, 4.52, 22.4, 1.8, 13.7, 14.13, , 4.5, 84, 693, , , 512, 70, 35, 0, 3.11, 13.3,
19875, 36.9, 37, 9.25, 0.22, 0.02, , 36.86, 14.13, 0.95, 0, , 3.5, 4.54, 22, 1.78, 13.7, 14.13, , 4.57, 84, 692, , , 512, 70, 35, 0, 2.95, 13.3,
20035, 36.9, 37, 9.25, 0.22, 0.02, , 36.86, 14.13, 0.95, 0, , 4.5, 4.57, 22, 1.78, 14.1, 14.13, , 4.51, 84, 693, , , 512, 70, 35, 0, 3.12, 13.3,
20196, 36.9, 37, 9.25, 0.22, 0.02, , 37.25, 14.13, 0.95, 0, , 4, 4.52, 22, 1.79, 13.7, 14.13, , 4.48, 84, 690, , , 512, 70, 35, 0, 3.05, 13.3,
20355, 37.3, 37, 9.19, 0.22, 0.02, , 36.86, 14.13, 0.93, 0, , 4, 4.54, 22, 1.77, 14.1, 14.13, , 4.56, 84, 693, , , 512, 70, 35, 0, 3.2, 13.3,
20515, 36.9, 37, 9.22, 0.22, 0.02, , 36.86, 14.13, 0.94, 0, , 5.5, 4.52, 22, 1.78, 13.7, 14.13, , 4.51, 84, 687, , , 512, 70, 35, 0, 2.99, 13.3,
20676, 36.9, 37, 9.25, 0.22, 0.02, , 37.25, 14.13, 0.96, 0, , 4.5, 4.47, 22, 1.78, 13.7, 14.13, , 4.43, 84, 696, , , 512, 70, 35, 0, 3.09, 13.3,
20841, 37.3, 37, 9.19, 0.22, 0.01, , 37.25, 14.13, 0.94, 0, , 3.5, 4.47, 22.4, 1.78, 13.7, 14.13, , 4.52, 84, 694, , , 512, 70, 35, 0, 3.01, 13.3,
21000, 36.9, 37, 9.19, 0.22, 0.02, , 36.86, 14.13, 0.94, 0, , 3, 4.47, 22, 1.78, 13.7, 14.24, , 4.46, 84, 696, , , 512, 70, 35, 0, 3.17, 13.3,
21161, 37.3, 37, 9.12, 0.22, 0.02, , 36.86, 14.24, 0.95, 0, , 3, 4.13, 22.4, 1.78, 13.3, 14.24, , 4.4, 84, 697, , , 512, 70, 35, 0, 2.77, 12.9,
21320, 36.5, 37, 9.03, 0.21, 0.02, , 36.47, 14.13, 0.94, 0, , 5.5, 4.49, 21.6, 1.75, 13.7, 14.13, , 4.46, 84, 692, , , 512, 70, 35, 0, 3.01, 13.3,
21480, 36.5, 37, 9.06, 0.22, 0.01, , 36.47, 14.24, 0.95, 0, , 4, 4.49, 21.6, 1.76, 13.7, 14.24, , 4.49, 84, 695, , , 512, 70, 35, 0, 3.01, 13.3,
21641, 36.5, 37, 9.09, 0.22, 0.02, , 36.47, 14.24, 0.95, 0, , 4, 4.47, 21.6, 1.77, 13.7, 14.24, , 4.43, 84, 698, , , 512, 70, 35, 0, 3.05, 13.3,
21800, 36.5, 37, 9.06, 0.21, 0.01, , 36.47, 14.13, 0.95, 0, , 3, 4.44, 21.6, 1.76, 13.7, 14.13, , 4.43, 84, 698, , , 512, 70, 35, 0, 2.87, 13.3,
21961, 36.5, 37, 9.03, 0.21, 0.02, , 36.47, 14.13, 0.95, 0, , 3.5, 4.42, 21.6, 1.75, 13.7, 14.13, , 4.41, 84, 692, , , 512, 70, 35, 0, 3.05, 13.3,
22119, 36.5, 37, 9, 0.21, 0.02, , 36.08, 14.13, 0.93, 0, , 4, 4.42, 21.6, 1.75, 13.7, 14.13, , 4.45, 84, 698, , , 512, 70, 35, 0, 2.81, 13.3,
22280, 36.1, 37, 8.91, 0.21, 0.02, , 35.69, 14.13, 0.94, 0, , 4.5, 4.42, 21.6, 1.74, 13.7, 14.13, , 4.48, 84, 695, , , 512, 70, 35, 0, 3.02, 13.3,
22440, 36.1, 37, 8.94, 0.21, 0.02, , 35.69, 14.13, 0.94, 0, , 2.5, 4.44, 21.6, 1.74, 13.7, 14.13, , 4.41, 84, 695, , , 512, 70, 35, 0, 2.94, 13.3,
22600, 35.7, 37, 8.88, 0.21, 0.02, , 35.69, 14.13, 0.94, 0, , 3, 4.42, 21.6, 1.74, 13.7, 14.13, , 4.48, 84, 701, , , 512, 70, 35, 0, 3.05, 13.3,
22760, 35.7, 37, 8.91, 0.21, 0.02, , 36.08, 14.24, 0.93, 0, , 3.5, 4.39, 21.6, 1.75, 13.7, 14.24, , 4.34, 84, 698, , , 512, 70, 35, 0, 2.85, 13.3,
22920, 35.7, 37, 8.85, 0.21, 0.02, , 35.69, 14.24, 0.95, 0, , 2.5, 4.36, 21.2, 1.75, 13.7, 14.24, , 4.35, 84, 703, , , 512, 70, 35, 0, 3.04, 13.3,
23080, 35.3, 37, 8.85, 0.21, 0.02, , 35.69, 14.24, 0.94, 0, , 3.5, 4.34, 21.2, 1.75, 13.7, 14.24, , 4.35, 84, 697, , , 512, 70, 35, 0, 2.83, 13.3,
23240, 35.3, 37, 8.73, 0.21, 0.02, , 35.29, 14.24, 0.95, 0, , 4, 4.39, 21.2, 1.72, 13.7, 14.24, , 4.44, 84, 700, , , 512, 70, 35, 0, 2.59, 13.3,
23400, 34.9, 37, 8.67, 0.21, 0.02, , 34.9, 14.24, 0.91, 0, , 3.5, 4.47, 20.8, 1.73, 13.7, 14.24, , 4.43, 84, 704, , , 512, 70, 35, 0, 3.01, 13.3,
23566, 35.3, 37, 8.76, 0.21, 0.02, , 35.29, 14.24, 0.96, 0, , 3.5, 4.34, 21.2, 1.75, 13.7, 14.24, , 4.28, 84, 696, , , 512, 70, 35, 0, 2.87, 13.3,
23726, 34.9, 37, 8.67, 0.21, 0.01, , 34.9, 14.24, 0.92, 0, , 3, 4.26, 20.8, 1.73, 13.7, 14.24, , 4.33, 84, 704, , , 512, 70, 35, 0, 2.73, 12.9,
23890, 34.5, 37, 8.64, 0.21, 0.02, , 34.9, 14.24, 0.94, 0, , 4, 4.31, 20.8, 1.73, 13.7, 14.24, , 4.3, 84, 698, , , 512, 70, 35, 0, 2.69, 13.3,
24051, 34.5, 37, 8.61, 0.2, 0.02, , 34.51, 14.24, 0.92, 0, , 4, 4.34, 20.8, 1.72, 13.7, 14.24, , 4.38, 84, 698, , , 512, 70, 35, 0, 2.92, 13.3,
24211, 34.5, 37, 8.58, 0.2, 0.02, , 34.51, 14.24, 0.94, 0, , 4, 4.36, 20.4, 1.72, 13.7, 14.24, , 4.36, 84, 698, , , 512, 70, 35, 0, 2.8, 13.3,
24370, 34.5, 37, 8.61, 0.21, 0.02, , 34.51, 14.24, 0.93, 0, , 4, 4.34, 20.4, 1.73, 13.7, 14.24, , 4.31, 84, 697, , , 512, 70, 35, 0, 2.97, 13.3,
24537, 34.5, 37, 8.64, 0.21, 0.01, , 34.51, 14.24, 0.93, 0, , 4.5, 4.29, 20.8, 1.74, 13.7, 14.24, , 4.24, 84, 699, , , 512, 70, 35, 0, 2.64, 13.3,
24700, 34.5, 37, 8.58, 0.2, 0.02, , 34.51, 14.24, 0.91, 0, , 4, 4.29, 20.8, 1.73, 13.7, 14.24, , 4.3, 84, 698, , , 512, 70, 35, 0, 2.91, 13.3,
24870, 34.1, 37, 8.51, 0.2, 0.01, , 34.12, 14.24, 0.92, 0, , 3.5, 4.34, 20.4, 1.72, 13.7, 14.24, , 4.37, 84, 706, , , 512, 70, 35, 0, 2.74, 13.3,
25030, 34.1, 37, 8.51, 0.2, 0.02, , 34.12, 14.24, 0.94, 0, , 3, 4.34, 20.4, 1.7, 13.7, 14.24, , 4.31, 84, 703, , , 512, 70, 35, 0, 2.95, 13.3,
25191, 34.1, 37, 8.45, 0.2, 0.02, , 34.12, 14.24, 0.93, 0, , 4.5, 4.31, 20.4, 1.71, 13.7, 14.24, , 4.29, 84, 697, , , 512, 70, 35, 0, 2.76, 13.3,
25351, 34.1, 37, 8.42, 0.2, 0.02, , 33.73, 14.24, 0.93, 0, , 3.5, 4.31, 20.4, 1.71, 13.7, 14.24, , 4.38, 84, 701, , , 512, 70, 35, 0, 2.89, 13.3,
25516, 33.7, 37, 8.48, 0.2, 0.02, , 34.12, 14.24, 0.93, 0, , 5, 4.29, 20, 1.72, 13.7, 14.24, , 4.21, 84, 699, , , 512, 70, 35, 0, 2.88, 13.3,
25681, 34.1, 37, 8.45, 0.2, 0.02, , 34.12, 14.24, 0.94, 0, , 4.5, 4.26, 20.4, 1.73, 13.7, 14.24, , 4.29, 84, 701, , , 512, 70, 35, 0, 2.74, 12.9,
25839, 34.1, 37, 8.45, 0.2, 0.02, , 34.12, 14.24, 0.92, 0, , 4.5, 4.29, 20.4, 1.73, 13.7, 14.24, , 4.26, 84, 704, , , 512, 70, 35, 0, 3.01, 12.9,
26000, 33.7, 37, 8.48, 0.2, 0.02, , 33.73, 14.24, 0.94, 0, , 3, 4.26, 20.4, 1.73, 13.7, 14.24, , 4.21, 84, 706, , , 512, 70, 35, 0, 2.78, 12.9,
26159, 33.7, 37, 8.39, 0.2, 0.02, , 33.73, 14.24, 0.92, 0, , 4, 4.24, 20.4, 1.71, 13.7, 14.36, , 4.27, 84, 704, , , 512, 70, 35, 0, 2.85, 12.9,
26321, 33.7, 37, 8.36, 0.2, 0.02, , 33.73, 14.24, 0.92, 0, , 5.5, 4.26, 20, 1.7, 13.7, 14.24, , 4.29, 84, 696, , , 512, 70, 35, 0, 2.7, 12.9,
26480, 33.7, 37, 8.33, 0.2, 0.01, , 33.33, 14.24, 0.92, 0, , 4.5, 4.29, 20, 1.7, 13.7, 14.24, , 4.31, 84, 700, , , 512, 70, 35, 0, 2.81, 13.3,
26640, 33.3, 37, 8.36, 0.2, 0.02, , 33.33, 14.24, 0.93, 0, , 4.5, 4.34, 20, 1.7, 13.7, 14.24, , 4.29, 84, 700, , , 512, 70, 35, 0, 2.77, 13.3,
26800, 33.3, 37, 8.36, 0.2, 0.01, , 33.73, 14.24, 0.92, 0, , 5.5, 4.31, 20, 1.72, 13.7, 14.24, , 4.29, 84, 700, , , 512, 70, 35, 0, 2.87, 13.3,
26961, 33.7, 37, 8.39, 0.2, 0.01, , 33.73, 14.24, 0.93, 0, , 4.5, 4.29, 20, 1.72, 13.7, 14.24, , 4.28, 84, 702, , , 512, 70, 35, 0, 2.77, 13.3,
27127, 33.7, 37, 8.39, 0.2, 0.01, , 33.33, 14.24, 0.93, 0, , 4.5, 4.29, 20, 1.72, 13.7, 14.24, , 4.28, 84, 700, , , 512, 70, 35, 0, 2.87, 13.3,
27286, 33.7, 37, 8.39, 0.2, 0.02, , 33.73, 14.24, 0.92, 0, , 4, 4.26, 20, 1.71, 13.7, 14.24, , 4.23, 84, 704, , , 512, 70, 35, 0, 2.85, 13.3,
27447, 33.7, 37, 8.39, 0.2, 0.01, , 33.73, 14.24, 0.94, 0, , 4, 4.26, 20, 1.71, 13.7, 14.24, , 4.25, 84, 702, , , 512, 70, 35, 0, 2.84, 12.9,
27616, 33.7, 37, 8.36, 0.2, 0.01, , 33.73, 14.24, 0.92, 0, , 4.5, 4.24, 20, 1.71, 13.7, 14.24, , 4.23, 84, 696, , , 512, 70, 35, 0, 2.74, 12.9,
27780, 33.3, 37, 8.36, 0.2, 0.01, , 33.33, 14.24, 0.93, 0, , 4, 4.24, 20, 1.71, 13.7, 14.24, , 4.23, 84, 702, , , 512, 70, 35, 0, 2.87, 12.9,
27941, 33.3, 37, 8.33, 0.2, 0.01, , 33.33, 14.36, 0.93, 0, , 4.5, 4.21, 20, 1.71, 13.7, 14.36, , 4.2, 84, 700, , , 512, 70, 35, 0, 2.94, 12.9,
28100, 33.3, 37, 8.36, 0.2, 0.01, , 33.33, 14.24, 0.94, 0, , 5, 4.21, 20, 1.71, 13.7, 14.24, , 4.17, 84, 702, , , 512, 70, 35, 0, 2.67, 12.9,
28260, 33.7, 37, 8.27, 0.2, 0.02, , 33.33, 14.24, 0.92, 0, , 5, 4.24, 20, 1.7, 13.7, 14.24, , 4.27, 84, 702, , , 512, 70, 35, 0, 2.92, 12.9,
28420, 33.3, 37, 8.27, 0.2, 0.01, , 33.33, 14.24, 0.91, 0, , 4.5, 4.26, 20, 1.7, 13.7, 14.24, , 4.26, 84, 705, , , 512, 70, 35, 0, 2.66, 12.9,
28580, 33.3, 37, 8.27, 0.2, 0.01, , 33.33, 14.24, 0.92, 0, , 5, 4.24, 20, 1.69, 13.7, 14.24, , 4.24, 84, 707, , , 512, 70, 35, 0, 3.02, 12.9,
28741, 33.3, 37, 8.27, 0.2, 0.01, , 33.33, 14.24, 0.92, 0, , 5, 4.24, 20, 1.7, 13.7, 14.24, , 4.24, 84, 699, , , 512, 70, 35, 0, 2.85, 12.9,
28901, 33.3, 37, 8.27, 0.2, 0.02, , 33.33, 14.24, 0.93, 0, , 4, 4.24, 20, 1.7, 13.7, 14.24, , 4.21, 84, 701, , , 512, 70, 35, 0, 2.84, 12.9,
29060, 33.3, 37, 8.24, 0.2, 0.01, , 32.94, 14.24, 0.91, 0, , 4, 4.24, 20, 1.69, 13.7, 14.24, , 4.26, 84, 703, , , 512, 70, 35, 0, 2.8, 12.9,
29220, 33.3, 37, 8.27, 0.2, 0.02, , 33.33, 14.24, 0.94, 0, , 4.5, 4.21, 20, 1.7, 13.7, 14.24, , 4.18, 84, 701, , , 512, 70, 35, 0, 2.92, 12.9,
29381, 33.3, 37, 8.24, 0.2, 6.55, , 33.33, 14.24, 0.91, 0, , 5, 4.21, 20, 1.7, 13.7, 14.24, , 4.24, 84, 697, , , 512, 70, 35, 0, 2.73, 12.9,
29539, 33.3, 37, 8.24, 0.2, 6.54, , 33.33, 14.24, 0.92, 0, , 4.5, 4.24, 20, 1.7, 13.7, 14.24, , 4.23, 84, 701, , , 512, 70, 35, 0, 2.66, 12.9,
29699, 32.9, 37, 8.24, 0.2, 0, , 32.94, 14.24, 0.91, 0, , 4.5, 4.21, 19.6, 1.7, 13.7, 14.24, , 4.2, 84, 701, , , 512, 70, 35, 0, 2.77, 12.9,
29879, 32.9, 37, 8.21, 0.2, 0, , 33.33, 14.24, 0.94, 0, , 4, 4.21, 19.6, 1.7, 13.7, 14.24, , 4.2, 84, 704, , , 512, 70, 35, 0, 2.66, 12.9,
30039, 33.3, 37, 8.24, 0.2, 0.01, , 33.33, 14.24, 0.92, 0, , 4, 4.21, 20, 1.7, 13.7, 14.24, , 4.2, 84, 700, , , 512, 70, 35, 0, 2.87, 12.9,
30200, 32.9, 37, 8.24, 0.2, 6.55, , 33.33, 14.24, 0.93, 0, , 4.5, 4.08, 19.6, 1.7, 13.7, 14.24, , 4.14, 84, 704, , , 512, 70, 35, 0, 2.66, 12.9,
30365, 32.9, 37, 8.18, 0.2, 6.55, , 32.94, 14.24, 0.92, 0, , 4, 4.16, 19.6, 1.69, 13.3, 14.24, , 4.19, 84, 702, , , 512, 70, 35, 0, 2.84, 12.9,
30531, 32.9, 37, 8.15, 0.2, 6.54, , 32.94, 14.36, 0.91, 0, , 5, 4.19, 19.6, 1.69, 13.7, 14.36, , 4.19, 84, 698, , , 512, 70, 35, 0, 2.58, 12.9,
30691, 32.9, 37, 8.15, 0.2, 0.01, , 32.55, 14.36, 0.92, 0, , 5, 4.21, 19.6, 1.7, 13.7, 14.36, , 4.18, 84, 699, , , 512, 70, 35, 0, 2.77, 12.9,
30850, 32.9, 37, 8.18, 0.2, 0.01, , 32.94, 14.36, 0.92, 0, , 4, 4.16, 19.6, 1.7, 13.7, 14.36, , 4.12, 84, 701, , , 512, 70, 35, 0, 2.73, 12.9,
31010, 32.9, 37, 8.12, 0.2, 6.55, , 32.55, 14.36, 0.92, 0, , 4.5, 4.11, 19.6, 1.7, 13.7, 14.36, , 4.12, 84, 704, , , 512, 70, 35, 0, 2.84, 12.9,
31171, 32.9, 37, 8.09, 0.2, 6.55, , 32.55, 14.24, 0.9, 0, , 4.5, 4.16, 19.6, 1.68, 13.7, 14.24, , 4.23, 84, 700, , , 512, 70, 35, 0, 2.74, 12.9,
31330, 32.5, 37, 8.09, 0.2, 6.55, , 32.55, 14.24, 0.92, 0, , 4.5, 4.19, 19.6, 1.68, 13.7, 14.24, , 4.19, 84, 705, , , 512, 70, 35, 0, 2.7, 12.9,
31489, 32.5, 37, 8.12, 0.2, 0.01, , 32.55, 14.24, 0.93, 0, , 5, 4.19, 19.6, 1.69, 13.7, 14.24, , 4.16, 84, 701, , , 512, 70, 35, 0, 2.76, 12.9,
31650, 32.5, 37, 8.06, 0.2, 0.01, , 32.55, 14.24, 0.91, 0, , 5.5, 4.19, 19.6, 1.68, 13.7, 14.24, , 4.22, 84, 700, , , 512, 70, 35, 0, 2.63, 12.9,
31811, 32.5, 37, 8.09, 0.2, 6.55, , 32.55, 14.24, 0.91, 0, , 5, 4.19, 19.6, 1.68, 13.7, 14.24, , 4.16, 84, 698, , , 512, 70, 35, 0, 2.77, 12.9,
31971, 32.5, 37, 7.84, 0.2, 6.54, , 32.55, 14.24, 0.92, 0, , 4, 4.19, 19.6, 1.68, 13.7, 14.24, , 4.18, 84, 704, , , 512, 70, 35, 0, 2.69, 12.9,
32129, 32.5, 37, 7.81, 0.2, 6.52, , 32.55, 14.24, 0.92, 0, , 6.5, 4.19, 19.6, 1.64, 13.7, 14.24, , 4.21, 84, 701, , , 512, 70, 35, 0, 2.77, 12.9,
32290, 32.5, 37, 7.87, 0.2, 6.55, , 32.55, 14.24, 0.92, 0, , 6.5, 4.21, 19.6, 1.65, 13.7, 14.24, , 4.19, 84, 698, , , 512, 70, 35, 0, 2.73, 12.9,
32451, 32.5, 37, 7.9, 0.2, 0.01, , 32.55, 14.24, 0.92, 0, , 6, 4.21, 19.6, 1.64, 13.7, 14.24, , 4.22, 84, 701, , , 512, 70, 35, 0, 2.76, 12.9,
32610, 32.5, 37, 7.93, 0.2, 6.54, , 32.55, 14.36, 0.92, 0, , 6, 4.21, 19.6, 1.66, 13.7, 14.36, , 4.2, 84, 701, , , 512, 70, 35, 0, 2.63, 12.9,
32770, 32.5, 37, 7.9, 0.2, 6.53, , 32.55, 14.47, 0.92, 0, , 6, 4.26, 19.6, 1.65, 13.7, 14.47, , 4.24, 84, 705, , , 512, 70, 35, 0, 2.77, 12.9,
32930, 32.9, 37, 7.93, 0.2, 6.52, , 32.94, 14.59, 0.92, 0, , 6, 4.21, 19.6, 1.66, 13.7, 14.47, , 4.17, 84, 701, , , 512, 70, 35, 0, 2.82, 12.9,
33095, 32.9, 37, 7.93, 0.2, 6.54, , 32.55, 14.59, 0.93, 0, , 5, 4.19, 19.6, 1.66, 13.7, 14.59, , 4.14, 84, 698, , , 512, 70, 35, 0, 2.73, 12.9,
33260, 32.9, 37, 7.93, 0.2, 0.01, , 32.55, 14.59, 0.92, 0, , 5.5, 4.13, 19.6, 1.66, 13.7, 14.59, , 4.15, 84, 699, , , 512, 70, 35, 0, 2.78, 12.9,
33425, 32.9, 37, 7.93, 0.2, 0, , 32.55, 14.59, 0.92, 0, , 5.5, 4.11, 19.6, 1.66, 13.3, 14.59, , 4.14, 84, 704, , , 512, 70, 35, 0, 2.69, 12.9,
33586, 32.9, 37, 7.9, 0.2, 6.54, , 32.55, 14.59, 0.92, 0, , 6, 4.13, 19.6, 1.65, 13.7, 14.59, , 4.16, 84, 697, , , 512, 70, 35, 0, 2.73, 12.9,
33750, 32.5, 37, 7.9, 0.2, 6.52, , 32.55, 14.7, 0.92, 0, , 5.5, 4.16, 19.6, 1.65, 13.7, 14.7, , 4.15, 84, 698, , , 512, 70, 35, 0, 2.59, 12.9,
33915, 32.5, 37, 7.9, 0.2, 6.55, , 32.55, 14.59, 0.92, 0, , 6, 4.16, 19.6, 1.66, 13.7, 14.59, , 4.17, 84, 702, , , 512, 70, 35, 0, 2.7, 12.9,
34075, 32.5, 37, 7.87, 0.2, 6.54, , 32.55, 14.59, 0.92, 0, , 6, 4.19, 19.6, 1.66, 13.7, 14.59, , 4.15, 84, 708, , , 512, 70, 35, 0, 2.66, 12.9,
34236, 32.9, 37, 7.9, 0.2, 0.01, , 32.94, 14.7, 0.92, 0, , 4, 4.19, 19.6, 1.66, 13.7, 14.7, , 4.16, 84, 706, , , 512, 70, 35, 0, 2.62, 12.9,
34396, 32.5, 37, 7.9, 0.2, 6.53, , 32.55, 14.59, 0.91, 0, , 5, 4.13, 19.6, 1.65, 13.7, 14.59, , 4.04, 84, 707, , , 512, 70, 35, 0, 2.73, 12.9,
34555, 32.5, 37, 7.81, 0.19, 6.5, , 32.55, 14.59, 0.92, 0, , 6.5, 4.06, 19.2, 1.64, 13.3, 14.59, , 4.1, 84, 707, , , 512, 70, 35, 0, 2.51, 12.9,
34715, 32.2, 37, 7.81, 0.19, 6.54, , 32.16, 14.59, 0.92, 0, , 5, 4.13, 19.2, 1.63, 13.7, 14.59, , 4.14, 84, 706, , , 512, 70, 35, 0, 2.69, 12.9,
34911, 32.5, 37, 7.78, 0.19, 6.54, , 32.16, 14.59, 0.92, 0, , 5.5, 4.11, 19.2, 1.63, 13.7, 14.59, , 4.1, 84, 703, , , 512, 70, 35, 0, 2.6, 12.9,
35069, 32.2, 37, 7.78, 0.19, 6.54, , 32.16, 14.59, 0.91, 0, , 5.5, 4.13, 19.2, 1.64, 13.7, 14.59, , 4.11, 84, 704, , , 512, 70, 35, 0, 2.81, 12.9,
35229, 32.2, 37, 7.81, 0.19, 0, , 32.55, 14.59, 0.91, 0, , 5.5, 4.08, 19.2, 1.65, 13.3, 14.59, , 4.05, 84, 702, , , 512, 70, 35, 0, 2.63, 12.9,
35390, 32.2, 37, 7.81, 0.19, 6.53, , 32.55, 14.59, 0.91, 0, , 4.5, 4.08, 19.2, 1.64, 13.3, 14.59, , 4.07, 84, 702, , , 512, 70, 35, 0, 2.74, 12.9,
35549, 32.2, 37, 7.78, 0.19, 6.5, , 32.16, 14.59, 0.91, 0, , 6, 4.11, 19.2, 1.65, 13.3, 14.59, , 4.13, 84, 698, , , 512, 70, 35, 0, 2.58, 12.9,
35710, 32.2, 37, 7.69, 0.19, 6.54, , 31.76, 14.7, 0.91, 0, , 6.5, 4.19, 19.2, 1.64, 13.7, 14.7, , 4.23, 84, 701, , , 512, 70, 35, 0, 2.63, 12.9,
35869, 32.2, 37, 7.78, 0.19, 6.53, , 32.16, 14.7, 0.91, 0, , 5.5, 4.24, 19.2, 1.64, 13.7, 14.7, , 4.16, 84, 699, , , 512, 70, 35, 0, 2.76, 12.9,
36035, 32.5, 37, 7.78, 0.19, 0, , 32.55, 14.7, 0.92, 0, , 5, 4.13, 19.2, 1.65, 13.7, 14.7, , 4.12, 84, 700, , , 512, 70, 35, 0, 2.49, 12.9,
36196, 32.2, 37, 7.78, 0.19, 6.53, , 32.16, 14.7, 0.9, 0, , 5, 4.08, 19.2, 1.65, 13.3, 14.7, , 4.14, 84, 705, , , 512, 70, 35, 0, 2.66, 12.9,
36355, 32.2, 37, 7.75, 0.19, 6.51, , 32.16, 14.7, 0.91, 0, , 6, 4.11, 19.2, 1.63, 13.3, 14.7, , 4.16, 84, 700, , , 512, 70, 35, 0, 2.53, 12.9,
36517, 32.2, 37, 7.75, 0.19, 6.53, , 32.16, 14.7, 0.92, 0, , 7, 4.13, 19.2, 1.64, 13.7, 14.7, , 4.13, 84, 701, , , 512, 70, 35, 0, 2.69, 12.9,
36676, 32.2, 37, 7.75, 0.19, 6.54, , 32.16, 14.7, 0.92, 0, , 5, 4.13, 19.2, 1.65, 13.7, 14.7, , 4.15, 84, 698, , , 512, 70, 35, 0, 2.55, 12.9,
36834, 32.2, 37, 7.72, 0.19, 0, , 32.16, 14.7, 0.91, 0, , 5.5, 4.13, 19.2, 1.64, 13.7, 14.7, , 4.16, 84, 697, , , 512, 70, 35, 0, 2.74, 12.9,
36996, 32.2, 37, 7.72, 0.19, 6.52, , 32.16, 14.7, 0.92, 0, , 6.5, 4.11, 19.2, 1.65, 13.7, 14.7, , 4.09, 84, 703, , , 512, 70, 35, 0, 2.56, 12.9,
37156, 32.2, 37, 7.72, 0.19, 6.49, , 32.16, 14.7, 0.91, 0, , 5, 4.11, 19.2, 1.65, 13.3, 14.7, , 4.12, 84, 700, , , 512, 70, 35, 0, 2.77, 12.9,
37315, 32.2, 37, 7.72, 0.19, 6.53, , 32.16, 14.7, 0.9, 0, , 4.5, 4.08, 19.2, 1.64, 13.3, 14.7, , 4.07, 84, 706, , , 512, 70, 35, 0, 2.55, 12.9,
37475, 32.2, 37, 7.72, 0.19, 6.52, , 32.16, 14.7, 0.92, 0, , 5, 4.03, 19.2, 1.64, 13.3, 14.7, , 4.03, 84, 708, , , 512, 70, 35, 0, 2.45, 12.9,
37634, 31.8, 37, 7.66, 0.19, 0, , 31.76, 14.81, 0.89, 0, , 5, 4.06, 19.2, 1.64, 13.3, 14.81, , 4.09, 84, 705, , , 512, 70, 35, 0, 2.73, 12.9,
37800, 31.8, 37, 7.66, 0.19, 6.52, , 31.76, 14.81, 0.92, 0, , 4.5, 4.06, 19.2, 1.65, 13.3, 14.81, , 4.02, 84, 704, , , 512, 70, 35, 0, 2.62, 12.9,
37960, 31.8, 37, 7.63, 0.19, 6.49, , 31.76, 14.7, 0.91, 0, , 5.5, 4.08, 18.8, 1.63, 13.3, 14.7, , 4.08, 84, 704, , , 512, 70, 35, 0, 2.7, 12.9,
38120, 31.8, 37, 7.6, 0.19, 6.49, , 31.76, 14.7, 0.91, 0, , 7, 4.06, 18.8, 1.62, 13.3, 14.7, , 4.1, 84, 696, , , 512, 70, 35, 0, 2.56, 12.9,
38280, 31.4, 37, 7.6, 0.19, 6.52, , 31.76, 14.7, 0.9, 0, , 6, 4.08, 18.8, 1.63, 13.3, 14.7, , 4.06, 84, 700, , , 512, 70, 35, 0, 2.73, 12.9,
38440, 31.8, 37, 7.66, 0.19, 0, , 31.76, 14.7, 0.91, 0, , 6, 4.03, 19.2, 1.65, 13.3, 14.7, , 4.04, 84, 697, , , 512, 70, 35, 0, 2.49, 12.9,
38606, 31.8, 37, 7.66, 0.19, 6.52, , 31.76, 14.7, 0.9, 0, , 6, 4.06, 18.8, 1.65, 13.3, 14.7, , 4.09, 84, 704, , , 512, 70, 35, 0, 2.69, 12.9,
38766, 31.8, 37, 7.69, 0.19, 6.49, , 31.76, 14.7, 0.92, 0, , 6, 4.06, 18.8, 1.65, 13.3, 14.7, , 4.07, 84, 703, , , 512, 70, 35, 0, 2.59, 12.9,
38925, 31.8, 37, 7.69, 0.19, 6.49, , 31.76, 14.7, 0.92, 0, , 6, 4.06, 18.8, 1.65, 13.3, 14.7, , 4.05, 84, 702, , , 512, 70, 35, 0, 2.71, 12.9,
39087, 32.2, 37, 7.69, 0.19, 6.52, , 31.76, 14.7, 0.91, 0, , 5.5, 4.06, 18.8, 1.64, 13.3, 14.7, , 4.05, 84, 696, , , 512, 70, 35, 0, 2.64, 12.9,
39245, 31.8, 37, 7.69, 0.19, 0, , 31.76, 14.7, 0.92, 0, , 7, 4.06, 19.2, 1.65, 13.3, 14.7, , 4.04, 84, 692, , , 512, 70, 35, 0, 2.59, 12.9,
39408, 31.8, 37, 7.69, 0.19, 6.52, , 31.76, 14.59, 0.91, 0, , 7, 4.06, 19.2, 1.64, 13.3, 14.59, , 4.09, 84, 705, , , 512, 70, 35, 0, 2.55, 12.9,
39570, 32.2, 37, 7.69, 0.19, 6.51, , 32.16, 14.59, 0.92, 0, , 5, 4.08, 19.2, 1.64, 13.3, 14.59, , 4.09, 84, 698, , , 512, 70, 35, 0, 2.63, 12.9,
39729, 31.8, 37, 7.66, 0.19, 6.47, , 31.76, 14.59, 0.91, 0, , 5.5, 4.13, 19.2, 1.64, 13.7, 14.59, , 4.1, 84, 698, , , 512, 70, 35, 0, 2.56, 12.9,
39891, 32.2, 37, 7.69, 0.19, 6.51, , 31.76, 14.59, 0.92, 0, , 6.5, 4.08, 19.2, 1.65, 13.3, 14.59, , 4.05, 84, 704, , , 512, 70, 35, 0, 2.62, 12.9,
40056, 32.2, 37, 7.69, 0.19, 0, , 32.16, 14.59, 0.91, 0, , 5, 4.03, 19.2, 1.64, 13.3, 14.59, , 4.06, 84, 702, , , 512, 70, 35, 0, 2.69, 12.9,
40215, 32.2, 37, 7.69, 0.19, 6.51, , 32.16, 14.59, 0.92, 0, , 4.5, 4.03, 19.2, 1.63, 13.3, 14.59, , 4.01, 84, 706, , , 512, 70, 35, 0, 2.69, 12.9,
40375, 32.2, 37, 7.69, 0.19, 6.51, , 32.16, 14.59, 0.92, 0, , 5.5, 3.95, 19.2, 1.63, 13.3, 14.59, , 3.97, 84, 702, , , 512, 70, 35, 0, 2.62, 12.9,
40534, 31.8, 37, 7.6, 0.19, 6.47, , 31.76, 14.7, 0.9, 0, , 7, 4.01, 19.2, 1.62, 13.3, 14.7, , 4.07, 84, 698, , , 512, 70, 35, 0, 2.51, 12.9,
40696, 31.8, 37, 7.6, 0.19, 6.51, , 31.76, 14.59, 0.9, 0, , 5.5, 4.08, 18.8, 1.62, 13.3, 14.59, , 4.11, 84, 700, , , 512, 70, 35, 0, 2.69, 12.9,
40855, 31.8, 37, 7.6, 0.19, 0, , 31.76, 14.7, 0.91, 0, , 5, 4.08, 19.2, 1.63, 13.3, 14.7, , 4.07, 84, 705, , , 512, 70, 35, 0, 2.74, 12.9,
41015, 31.8, 37, 7.66, 0.19, 6.51, , 31.76, 14.7, 0.92, 0, , 5.5, 4.01, 19.2, 1.65, 13.3, 14.7, , 3.96, 84, 702, , , 512, 70, 35, 0, 2.7, 12.9,
41175, 31.8, 37, 7.6, 0.19, 6.52, , 31.76, 14.7, 0.9, 0, , 7, 4.01, 18.8, 1.63, 13.3, 14.7, , 4.04, 84, 698, , , 512, 70, 35, 0, 2.52, 12.9,
41334, 31.8, 36, 7.6, 0.19, 6.47, , 31.76, 14.59, 0.92, 0, , 6, 4.06, 18.8, 1.62, 13.3, 14.59, , 4.1, 84, 700, , , 512, 70, 35, 0, 2.59, 12.9,
41495, 31.8, 37, 7.63, 0.19, 6.52, , 31.76, 14.59, 0.91, 0, , 6, 4.06, 18.8, 1.62, 13.3, 14.59, , 4.06, 84, 708, , , 512, 70, 35, 0, 2.55, 12.9,
41655, 31.8, 36, 7.6, 0.19, 6.55, , 31.76, 14.59, 0.91, 0, , 4.5, 4.08, 18.8, 1.62, 13.3, 14.59, , 4.09, 84, 698, , , 512, 70, 35, 0, 2.6, 12.9,
41821, 31.8, 36, 7.6, 0.19, 0, , 31.76, 14.59, 0.91, 0, , 6.5, 4.08, 18.8, 1.63, 13.3, 14.59, , 4.03, 84, 704, , , 512, 70, 35, 0, 2.64, 12.9,
41985, 31.8, 36, 7.63, 0.19, 6.51, , 31.76, 14.59, 0.92, 0, , 5, 4.03, 19.2, 1.64, 13.3, 14.59, , 4.03, 84, 700, , , 512, 70, 35, 0, 2.62, 12.9,
42145, 31.8, 36, 7.63, 0.19, 6.46, , 31.76, 14.7, 0.91, 0, , 5, 3.98, 19.2, 1.64, 13.3, 14.7, , 3.98, 84, 704, , , 512, 70, 35, 0, 2.62, 12.9,
42305, 31.8, 36, 7.6, 0.19, 6.5, , 31.76, 14.7, 0.91, 0, , 5, 3.98, 19.2, 1.63, 13.3, 14.7, , 4, 84, 710, , , 512, 70, 35, 0, 2.48, 12.9,
42465, 31.8, 36, 7.54, 0.19, 6.5, , 31.37, 14.7, 0.91, 0, , 5, 4.01, 18.8, 1.62, 13.3, 14.7, , 4.03, 84, 708, , , 512, 70, 35, 0, 2.6, 12.9,
42631, 31.8, 36, 7.51, 0.19, 6.55, , 31.37, 14.7, 0.9, 0, , 5.5, 4.03, 18.8, 1.62, 13.3, 14.7, , 4.04, 85, 707, , , 512, 70, 35, 0, 2.49, 12.9,
42790, 31.4, 36, 7.54, 0.19, 6.51, , 31.37, 14.59, 0.91, 0, , 5, 4.03, 18.8, 1.62, 13.3, 14.59, , 4.02, 85, 706, , , 512, 70, 35, 0, 2.53, 12.9,
42951, 31.4, 36, 7.45, 0.19, 6.46, , 31.37, 14.59, 0.9, 0, , 7, 4.06, 18.8, 1.62, 13.3, 14.59, , 4.09, 85, 702, , , 512, 70, 35, 0, 2.67, 12.9,
43115, 31.4, 36, 7.51, 0.19, 6.5, , 31.37, 14.59, 0.91, 0, , 5.5, 4.06, 18.8, 1.62, 13.3, 14.59, , 4.04, 85, 701, , , 512, 70, 35, 0, 2.58, 12.9,
43276, 31.8, 36, 7.54, 0.19, 6.5, , 31.76, 14.59, 0.92, 0, , 6.5, 3.98, 18.8, 1.63, 13.3, 14.59, , 3.95, 85, 699, , , 512, 70, 35, 0, 2.76, 12.9,
43441, 31.8, 36, 7.54, 0.19, 6.55, , 31.76, 14.7, 0.91, 0, , 7, 3.93, 18.8, 1.63, 13.3, 14.7, , 3.96, 85, 696, , , 512, 70, 35, 0, 2.55, 12.9,
43600, 31.4, 36, 7.54, 0.19, 6.51, , 31.76, 14.7, 0.9, 0, , 6.5, 3.95, 18.8, 1.63, 13.3, 14.7, , 4, 85, 697, , , 512, 70, 35, 0, 2.63, 12.9,
43761, 31.4, 36, 7.51, 0.19, 6.46, , 31.37, 14.7, 0.91, 0, , 5, 4.01, 18.8, 1.63, 13.3, 14.7, , 4.04, 85, 702, , , 512, 70, 35, 0, 2.46, 12.9,
43921, 31.4, 36, 7.54, 0.19, 6.46, , 31.76, 14.7, 0.92, 0, , 6, 4.03, 18.8, 1.64, 13.3, 14.7, , 4.01, 85, 700, , , 512, 70, 35, 0, 2.67, 12.9,
44081, 31.4, 36, 7.54, 0.19, 6.5, , 31.76, 14.7, 0.91, 0, , 6, 4.01, 18.8, 1.63, 13.3, 14.7, , 3.97, 85, 704, , , 512, 70, 35, 0, 2.58, 12.9,
44241, 31.8, 36, 7.57, 0.19, 0, , 31.76, 14.7, 0.91, 0, , 6, 3.98, 18.8, 1.62, 13.3, 14.7, , 3.98, 85, 694, , , 512, 70, 35, 0, 2.58, 12.9,
44401, 31.8, 36, 7.54, 0.19, 6.51, , 31.76, 14.59, 0.91, 0, , 6.5, 3.98, 18.8, 1.62, 13.3, 14.59, , 3.96, 85, 700, , , 512, 70, 35, 0, 2.51, 12.9,
44566, 31.8, 36, 7.6, 0.19, 6.45, , 31.76, 14.59, 0.92, 0, , 6, 3.93, 18.8, 1.63, 13.3, 14.59, , 3.89, 85, 696, , , 512, 70, 35, 0, 2.51, 12.9,
44726, 31.8, 36, 7.54, 0.19, 6.45, , 31.37, 14.7, 0.89, 0, , 7, 3.93, 18.8, 1.62, 13.3, 14.7, , 3.97, 85, 705, , , 512, 70, 35, 0, 2.44, 12.9,
44885, 31.8, 36, 7.51, 0.19, 6.49, , 31.37, 14.7, 0.9, 0, , 5.5, 4.01, 18.8, 1.62, 13.3, 14.7, , 4.06, 85, 697, , , 512, 70, 35, 0, 2.49, 12.9,
45046, 31.8, 36, 7.54, 0.19, 6.55, , 31.76, 14.7, 0.92, 0, , 6.5, 4.08, 18.8, 1.63, 13.3, 14.7, , 3.95, 85, 699, , , 512, 70, 35, 0, 2.8, 12.9,
45211, 31.8, 36, 7.57, 0.19, 6.5, , 31.76, 14.59, 0.93, 0, , 5.5, 3.93, 19.2, 1.64, 13.3, 14.59, , 3.93, 85, 697, , , 512, 70, 35, 0, 2.53, 12.9,
45374, 31.4, 36, 7.51, 0.19, 6.51, , 31.37, 14.59, 0.89, 0, , 7, 4.01, 18.8, 1.62, 13.3, 14.59, , 4.05, 85, 696, , , 512, 70, 35, 0, 2.53, 12.9,
45540, 31.4, 36, 7.54, 0.19, 6.45, , 31.76, 14.59, 0.92, 0, , 6, 4.06, 18.8, 1.62, 13.3, 14.59, , 3.98, 85, 700, , , 512, 70, 35, 0, 2.56, 12.9,
45700, 31.8, 36, 7.54, 0.19, 6.49, , 31.76, 14.59, 0.91, 0, , 6, 4.01, 18.8, 1.63, 13.3, 14.59, , 4, 85, 700, , , 512, 70, 35, 0, 2.63, 12.9,
45861, 31.8, 36, 7.54, 0.19, 6.55, , 31.76, 14.59, 0.91, 0, , 5, 4.01, 18.8, 1.62, 13.3, 14.59, , 3.99, 85, 706, , , 512, 70, 35, 0, 2.42, 12.9,
46020, 31.8, 36, 7.51, 0.19, 6.55, , 31.76, 14.59, 0.91, 0, , 6, 4.01, 18.8, 1.62, 13.3, 14.59, , 4.01, 85, 698, , , 512, 70, 35, 0, 2.56, 12.9,
46180, 31.4, 36, 7.54, 0.19, 6.51, , 31.76, 14.59, 0.91, 0, , 4.5, 4.01, 18.8, 1.62, 13.3, 14.59, , 3.95, 85, 702, , , 512, 70, 35, 0, 2.56, 12.9,
46339, 31.8, 36, 7.54, 0.19, 6.45, , 31.76, 14.7, 0.9, 0, , 7, 3.9, 19.2, 1.62, 13.3, 14.7, , 3.99, 85, 692, , , 512, 70, 35, 0, 2.56, 12.9,
46500, 31.4, 36, 7.45, 0.19, 6.5, , 31.37, 14.7, 0.91, 0, , 7.5, 3.98, 18.8, 1.62, 13.3, 14.7, , 4.02, 85, 698, , , 512, 70, 35, 0, 2.37, 12.9,
46662, 31.4, 36, 7.48, 0.19, 6.55, , 31.37, 14.7, 0.91, 0, , 5.5, 4.06, 18.8, 1.62, 13.3, 14.7, , 4.04, 85, 701, , , 512, 70, 35, 0, 2.63, 12.9,
46820, 31.8, 36, 7.51, 0.19, 0, , 31.76, 14.7, 0.9, 0, , 4.5, 4.01, 18.8, 1.63, 13.3, 14.7, , 3.96, 85, 701, , , 512, 70, 35, 0, 2.46, 12.9,
46981, 31.8, 36, 7.51, 0.19, 6.51, , 31.76, 14.7, 0.91, 0, , 4.5, 3.95, 18.8, 1.62, 13.3, 14.7, , 3.96, 85, 700, , , 512, 70, 35, 0, 2.58, 12.9,
47140, 31.4, 36, 7.48, 0.19, 6.44, , 31.37, 14.7, 0.89, 0, , 6, 3.95, 18.8, 1.62, 13.3, 14.7, , 3.97, 85, 702, , , 512, 70, 35, 0, 2.59, 12.9,
47301, 31.4, 36, 7.45, 0.19, 6.49, , 31.37, 14.7, 0.91, 0, , 5.5, 3.95, 18.8, 1.62, 13.3, 14.7, , 3.97, 85, 701, , , 512, 70, 35, 0, 2.62, 12.9,
47461, 31.8, 36, 7.45, 0.19, 0, , 31.37, 14.7, 0.9, 0, , 5, 3.98, 18.8, 1.62, 13.3, 14.7, , 3.97, 85, 698, , , 512, 70, 35, 0, 2.58, 12.9,
47620, 31.4, 36, 7.42, 0.19, 0, , 31.37, 14.7, 0.91, 0, , 6.5, 3.95, 18.8, 1.62, 13.3, 14.7, , 3.96, 85, 700, , , 512, 70, 35, 0, 2.56, 12.9,
47780, 31.4, 36, 7.42, 0.19, 6.51, , 31.37, 14.7, 0.89, 0, , 6.5, 3.95, 18.8, 1.62, 13.3, 14.7, , 3.94, 85, 701, , , 512, 70, 35, 0, 2.66, 12.9,
47941, 31.4, 36, 7.42, 0.19, 6.45, , 31.37, 14.7, 0.91, 0, , 5.5, 3.93, 18.8, 1.62, 13.3, 14.7, , 3.95, 85, 701, , , 512, 70, 35, 0, 2.31, 12.9,
48101, 31.4, 36, 7.42, 0.19, 6.49, , 31.37, 14.7, 0.88, 0, , 5, 3.95, 18.8, 1.62, 13.3, 14.7, , 3.97, 85, 704, , , 512, 70, 35, 0, 2.59, 12.9,
48260, 31.4, 36, 7.39, 0.18, 6.55, , 31.37, 14.7, 0.91, 0, , 6, 3.95, 18.8, 1.62, 13.3, 14.7, , 3.99, 85, 703, , , 512, 70, 35, 0, 2.42, 12.9,
48425, 31.4, 36, 7.35, 0.18, 6.55, , 30.98, 14.7, 0.91, 0, , 6.5, 3.98, 18.4, 1.62, 13.3, 14.7, , 3.98, 85, 704, , , 512, 70, 35, 0, 2.6, 12.9,
48586, 31.4, 36, 7.42, 0.19, 6.5, , 31.37, 14.7, 0.91, 0, , 5.5, 3.98, 18.8, 1.62, 13.3, 14.7, , 3.95, 85, 703, , , 512, 70, 35, 0, 2.48, 12.9,
48746, 31.4, 36, 7.42, 0.19, 6.44, , 31.37, 14.7, 0.91, 0, , 6, 3.98, 18.8, 1.62, 13.3, 14.7, , 3.96, 85, 701, , , 512, 70, 35, 0, 2.52, 12.9,
48907, 31.4, 36, 7.39, 0.19, 6.49, , 31.37, 14.7, 0.9, 0, , 6.5, 3.95, 18.8, 1.62, 13.3, 14.7, , 3.96, 85, 702, , , 512, 70, 35, 0, 2.42, 12.9,
49065, 31, 36, 7.35, 0.18, 0, , 31.37, 14.7, 0.91, 0, , 6, 3.98, 18.8, 1.62, 13.3, 14.81, , 3.99, 85, 699, , , 512, 70, 35, 0, 2.56, 12.9,
49227, 31, 36, 7.35, 0.19, 6.55, , 31.37, 14.7, 0.89, 0, , 5, 3.98, 18.4, 1.62, 13.3, 14.7, , 3.95, 85, 702, , , 512, 70, 35, 0, 2.44, 12.9,
49387, 31.4, 36, 7.35, 0.19, 6.51, , 30.98, 14.7, 0.91, 0, , 6, 3.95, 18.8, 1.62, 13.3, 14.7, , 3.97, 85, 703, , , 512, 70, 35, 0, 2.58, 12.9,
49546, 31, 36, 7.39, 0.19, 6.44, , 30.98, 14.81, 0.9, 0, , 6, 3.9, 18.4, 1.62, 13.3, 14.81, , 3.9, 85, 704, , , 512, 70, 35, 0, 2.55, 12.9,
49705, 31.4, 36, 7.35, 0.18, 6.48, , 30.98, 14.7, 0.9, 0, , 5.5, 3.9, 18.4, 1.62, 13.3, 14.7, , 3.92, 85, 699, , , 512, 70, 35, 0, 2.46, 12.9,
49867, 31, 36, 7.35, 0.19, 6.48, , 30.98, 14.7, 0.89, 0, , 5.5, 3.93, 18.4, 1.61, 13.3, 14.7, , 3.95, 85, 703, , , 512, 70, 35, 0, 2.6, 12.9,
50055, 31, 36, 7.35, 0.18, 0, , 30.98, 14.81, 0.9, 0, , 6, 3.9, 18.4, 1.62, 13.3, 14.7, , 3.88, 85, 705, , , 512, 70, 35, 0, 2.42, 12.9,
50220, 31, 36, 7.32, 0.18, 6.55, , 30.98, 14.7, 0.9, 0, , 6, 3.9, 18.4, 1.61, 13.3, 14.7, , 3.93, 85, 704, , , 512, 70, 35, 0, 2.55, 12.9,
50385, 31, 36, 7.32, 0.18, 6.51, , 30.98, 14.7, 0.9, 0, , 5.5, 3.9, 18.4, 1.6, 13.3, 14.7, , 3.9, 85, 703, , , 512, 70, 35, 0, 2.44, 12.9,
50551, 31, 36, 7.32, 0.18, 6.44, , 30.98, 14.59, 0.91, 0, , 5.5, 3.9, 18.4, 1.6, 13.3, 14.59, , 3.88, 85, 701, , , 512, 70, 35, 0, 2.41, 12.9,
50723, 31, 36, 7.26, 0.18, 6.44, , 30.59, 14.59, 0.89, 0, , 7, 3.9, 18.4, 1.59, 13.3, 14.59, , 3.92, 85, 704, , , 512, 70, 35, 0, 2.42, 12.9,
50886, 31, 36, 7.26, 0.18, 6.49, , 30.59, 14.59, 0.9, 0, , 6, 3.93, 18.4, 1.59, 13.3, 14.59, , 3.95, 85, 700, , , 512, 70, 35, 0, 2.41, 12.9,
51050, 31, 36, 7.29, 0.18, 0, , 30.98, 14.59, 0.9, 0, , 6, 3.93, 18.4, 1.59, 13.3, 14.59, , 3.93, 85, 700, , , 512, 70, 35, 0, 2.62, 12.9,
51221, 31, 36, 7.29, 0.18, 6.55, , 30.59, 14.59, 0.9, 0, , 7, 3.9, 18.4, 1.59, 13.3, 14.59, , 3.88, 85, 702, , , 512, 70, 35, 0, 2.46, 12.9,
51386, 31, 36, 7.26, 0.18, 6.5, , 30.59, 14.59, 0.89, 0, , 6, 3.88, 18.4, 1.59, 13.3, 14.59, , 3.88, 85, 705, , , 512, 70, 35, 0, 2.59, 12.9,
51546, 31, 36, 7.26, 0.18, 6.43, , 30.98, 14.59, 0.9, 0, , 5.5, 3.72, 18.4, 1.6, 13.3, 14.59, , 3.75, 85, 705, , , 512, 70, 35, 0, 2.39, 12.5,
51716, 30.6, 36, 7.2, 0.18, 6.49, , 30.59, 14.59, 0.9, 0, , 6, 3.75, 18.4, 1.59, 13.3, 14.59, , 3.74, 85, 704, , , 512, 70, 35, 0, 2.55, 12.5,
51876, 30.6, 36, 7.14, 0.18, 6.48, , 30.2, 14.59, 0.88, 0, , 6, 3.78, 18.4, 1.58, 13.3, 14.59, , 3.81, 85, 704, , , 512, 70, 35, 0, 2.39, 12.5,
52041, 30.2, 36, 7.08, 0.18, 6.55, , 30.2, 14.59, 0.9, 0, , 5.5, 3.83, 18, 1.56, 13.3, 14.7, , 3.83, 85, 706, , , 512, 70, 35, 0, 2.31, 12.5,
52207, 30.2, 36, 7.08, 0.18, 6.5, , 30.2, 14.59, 0.88, 0, , 5.5, 3.83, 18, 1.55, 13.3, 14.59, , 3.8, 85, 708, , , 512, 70, 35, 0, 2.46, 12.5,
52374, 30.2, 36, 7.05, 0.18, 6.5, , 30.2, 14.59, 0.9, 0, , 6.5, 3.8, 18, 1.55, 13.3, 14.59, , 3.72, 85, 710, , , 512, 70, 35, 0, 2.31, 12.5,
52531, 29.8, 36, 7.05, 0.18, 6.43, , 29.8, 14.59, 0.9, 0, , 6, 3.75, 18, 1.55, 13.3, 14.59, , 3.74, 85, 706, , , 512, 70, 35, 0, 2.52, 12.5,
52693, 29.8, 36, 6.96, 0.18, 6.48, , 29.8, 14.59, 0.89, 0, , 7.5, 3.75, 17.6, 1.54, 13.3, 14.59, , 3.83, 85, 708, , , 512, 70, 35, 0, 2.33, 12.5,
52853, 29.8, 36, 6.99, 0.18, 6.55, , 29.8, 14.59, 0.91, 0, , 6.5, 3.75, 17.6, 1.54, 13.3, 14.59, , 3.7, 85, 704, , , 512, 70, 35, 0, 2.34, 12.5,
53015, 29.8, 36, 6.96, 0.18, 6.55, , 29.8, 14.59, 0.89, 0, , 7.5, 3.7, 17.6, 1.53, 13.3, 14.59, , 3.64, 85, 701, , , 512, 70, 35, 0, 2.44, 12.5,
53187, 29.4, 36, 6.96, 0.18, 6.5, , 29.41, 14.59, 0.89, 0, , 7, 3.65, 17.6, 1.53, 12.9, 14.59, , 3.68, 85, 702, , , 512, 70, 35, 0, 2.23, 12.5,
53346, 29.4, 36, 6.87, 0.18, 6.43, , 29.41, 14.59, 0.87, 0, , 8, 3.7, 17.6, 1.52, 12.9, 14.59, , 3.81, 85, 698, , , 512, 70, 35, 0, 2.49, 12.5,
53507, 29.4, 36, 6.9, 0.18, 6.49, , 29.41, 14.59, 0.9, 0, , 8, 3.72, 17.6, 1.53, 13.3, 14.59, , 3.59, 85, 702, , , 512, 70, 35, 0, 2.69, 12.5,
53667, 29.4, 36, 6.96, 0.18, 6.55, , 29.41, 14.59, 0.88, 0, , 7.5, 3.57, 17.6, 1.53, 12.9, 14.59, , 3.6, 85, 697, , , 512, 70, 35, 0, 2.39, 12.5,
53827, 29.4, 36, 6.84, 0.17, 6.55, , 29.02, 14.59, 0.86, 0, , 8.5, 3.7, 17.6, 1.51, 12.9, 14.59, , 3.82, 85, 703, , , 512, 70, 35, 0, 2.09, 12.5,
53987, 29, 36, 6.87, 0.18, 6.51, , 29.41, 14.59, 0.89, 0, , 8.5, 3.8, 17.3, 1.52, 13.3, 14.59, , 3.75, 85, 709, , , 512, 70, 35, 0, 2.52, 12.5,
54147, 29.4, 36, 6.93, 0.18, 6.43, , 29.41, 14.59, 0.88, 0, , 7, 3.7, 17.6, 1.52, 12.9, 14.59, , 3.62, 85, 702, , , 512, 70, 35, 0, 2.42, 12.5,
54307, 29.4, 36, 6.87, 0.17, 6.48, , 29.02, 14.47, 0.89, 0, , 7.5, 3.6, 17.6, 1.51, 12.9, 14.47, , 3.63, 85, 705, , , 512, 70, 35, 0, 2.35, 12.5,
54466, 29, 36, 6.87, 0.17, 6.55, , 29.02, 14.47, 0.88, 0, , 7.5, 3.62, 17.3, 1.5, 12.9, 14.47, , 3.63, 85, 702, , , 512, 70, 35, 0, 2.31, 12.5,
54627, 29, 36, 6.84, 0.17, 6.55, , 29.02, 14.47, 0.89, 0, , 8.5, 3.65, 17.3, 1.5, 12.9, 14.47, , 3.65, 85, 703, , , 512, 70, 35, 0, 2.34, 12.5,
54787, 29, 36, 6.84, 0.17, 6.5, , 29.02, 14.47, 0.88, 0, , 9.5, 3.65, 17.3, 1.5, 12.9, 14.47, , 3.64, 85, 697, , , 512, 70, 35, 0, 2.34, 12.5,
54947, 29, 36, 6.81, 0.17, 6.43, , 29.02, 14.47, 0.89, 0, , 10, 3.67, 17.3, 1.5, 12.9, 14.47, , 3.7, 85, 702, , , 512, 70, 35, 0, 2.09, 12.5,
55117, 29, 36, 6.81, 0.18, 6.48, , 29.02, 14.47, 0.9, 0, , 8, 3.88, 17.3, 1.49, 13.3, 14.47, , 3.75, 85, 705, , , 512, 70, 35, 0, 2.49, 12.9,
55277, 29.4, 36, 6.84, 0.18, 6.48, , 29.41, 14.47, 0.89, 0, , 7, 3.72, 17.6, 1.5, 13.3, 14.47, , 3.72, 85, 707, , , 512, 70, 35, 0, 2.3, 12.5,
55437, 29.4, 36, 6.84, 0.17, 6.55, , 29.41, 14.47, 0.88, 0, , 8.5, 3.62, 17.6, 1.49, 12.9, 14.47, , 3.66, 85, 697, , , 512, 70, 35, 0, 2.31, 12.5,
55595, 29, 36, 6.81, 0.17, 6.5, , 29.02, 14.47, 0.88, 0, , 8.5, 3.65, 17.3, 1.49, 12.9, 14.47, , 3.69, 85, 701, , , 512, 70, 35, 0, 2.2, 12.5,
55755, 29, 36, 6.77, 0.17, 6.42, , 29.02, 14.47, 0.89, 0, , 9.5, 3.72, 17.3, 1.48, 12.9, 14.47, , 3.73, 85, 698, , , 512, 70, 35, 0, 2.46, 12.5,
55916, 29, 36, 6.87, 0.18, 6.48, , 29.41, 14.59, 0.88, 0, , 8.5, 3.67, 17.3, 1.51, 12.9, 14.59, , 3.6, 85, 698, , , 512, 70, 35, 0, 2.26, 12.5,
56075, 29, 36, 6.81, 0.17, 6.48, , 29.02, 14.59, 0.89, 0, , 9, 3.65, 17.3, 1.51, 12.9, 14.59, , 3.71, 85, 694, , , 512, 70, 35, 0, 2.31, 12.5,
56236, 29, 36, 6.81, 0.17, 0, , 29.02, 14.59, 0.88, 0, , 8.5, 3.67, 17.3, 1.5, 12.9, 14.59, , 3.64, 85, 699, , , 512, 70, 35, 0, 2.31, 12.5,
56395, 29, 36, 6.84, 0.18, 6.5, , 29.41, 14.59, 0.88, 0, , 9.5, 3.7, 17.3, 1.5, 12.9, 14.59, , 3.7, 85, 698, , , 512, 70, 35, 0, 2.53, 12.5,
56557, 29, 36, 6.84, 0.17, 6.43, , 29.02, 14.59, 0.88, 0, , 9.5, 3.75, 17.3, 1.5, 13.3, 14.59, , 3.8, 85, 700, , , 512, 70, 35, 0, 2.39, 12.5,
56718, 29, 36, 6.87, 0.18, 6.48, , 29.41, 14.59, 0.89, 0, , 9, 3.78, 17.3, 1.51, 13.3, 14.59, , 3.76, 85, 697, , , 512, 70, 35, 0, 2.44, 12.5,
56877, 29.4, 36, 6.9, 0.18, 6.48, , 29.41, 14.59, 0.89, 0, , 9.5, 3.75, 17.6, 1.51, 13.3, 14.59, , 3.71, 85, 698, , , 512, 70, 35, 0, 2.41, 12.5,
57036, 29.8, 36, 6.93, 0.18, 6.55, , 29.8, 14.59, 0.89, 0, , 10, 3.72, 17.6, 1.52, 13.3, 14.59, , 3.76, 85, 695, , , 512, 70, 35, 0, 2.28, 12.5,
57197, 29.8, 36, 6.93, 0.18, 6.5, , 29.8, 14.59, 0.88, 0, , 10.5, 3.75, 17.6, 1.52, 13.3, 14.59, , 3.8, 85, 690, , , 512, 70, 35, 0, 2.38, 12.5,
57356, 29.4, 36, 6.96, 0.18, 6.43, , 29.8, 14.59, 0.9, 0, , 9, 3.75, 17.6, 1.52, 13.3, 14.59, , 3.76, 85, 695, , , 512, 70, 35, 0, 2.37, 12.5,
57515, 29.8, 36, 6.99, 0.18, 6.47, , 29.8, 14.59, 0.89, 0, , 9, 3.75, 17.6, 1.53, 13.3, 14.59, , 3.73, 85, 700, , , 512, 70, 35, 0, 2.41, 12.5,
57677, 29.8, 36, 6.96, 0.18, 6.47, , 29.8, 14.59, 0.89, 0, , 10.5, 3.9, 17.6, 1.53, 13.3, 14.59, , 3.9, 85, 693, , , 512, 70, 35, 0, 2.41, 12.5,
57837, 29.8, 36, 7.02, 0.18, 6.55, , 29.8, 14.59, 0.89, 0, , 7.5, 3.9, 18, 1.53, 13.3, 14.59, , 3.85, 85, 702, , , 512, 70, 35, 0, 2.58, 12.9,
57997, 30.2, 36, 7.08, 0.18, 6.5, , 30.2, 14.59, 0.91, 0, , 8, 3.78, 18, 1.55, 13.3, 14.59, , 3.74, 85, 694, , , 512, 70, 35, 0, 2.46, 12.5,
58161, 30.2, 36, 7.05, 0.18, 6.42, , 30.2, 14.7, 0.88, 0, , 8.5, 3.78, 18, 1.55, 13.3, 14.7, , 3.84, 85, 695, , , 512, 70, 35, 0, 2.48, 12.5,
58327, 30.2, 36, 7.08, 0.18, 6.42, , 30.59, 14.7, 0.89, 0, , 8.5, 3.78, 18, 1.55, 13.3, 14.7, , 3.84, 85, 695, , , 512, 70, 35, 0, 2.41, 12.5,
58488, 30.2, 36, 7.08, 0.18, 6.47, , 30.2, 14.7, 0.89, 0, , 8.5, 3.83, 18, 1.55, 13.3, 14.7, , 3.85, 85, 694, , , 512, 70, 35, 0, 2.55, 12.5,
58647, 30.2, 36, 7.08, 0.18, 6.55, , 30.2, 14.7, 0.9, 0, , 8, 3.83, 18, 1.55, 13.3, 14.7, , 3.8, 85, 696, , , 512, 70, 35, 0, 2.45, 12.5,
58806, 30.6, 36, 7.14, 0.18, 6.5, , 30.59, 14.7, 0.9, 0, , 8, 3.78, 18, 1.57, 13.3, 14.7, , 3.78, 85, 702, , , 512, 70, 35, 0, 2.44, 12.5,
58967, 30.6, 36, 7.17, 0.18, 6.5, , 30.59, 14.7, 0.89, 0, , 8, 3.8, 18, 1.53, 13.3, 14.7, , 3.88, 85, 693, , , 512, 70, 35, 0, 2.35, 12.5,
59130, 30.6, 36, 7.23, 0.18, 6.4, , 30.59, 14.7, 0.89, 0, , 9, 3.83, 18, 1.54, 13.3, 14.7, , 3.82, 85, 697, , , 512, 70, 35, 0, 2.41, 12.5,
59291, 30.6, 36, 7.32, 0.18, 6.46, , 30.59, 14.7, 0.91, 0, , 7.5, 3.83, 18.4, 1.56, 13.3, 14.7, , 3.81, 85, 700, , , 512, 70, 35, 0, 2.39, 12.5,
59450, 31, 36, 7.29, 0.18, 6.55, , 30.59, 14.81, 0.88, 0, , 7.5, 3.85, 18.4, 1.55, 13.3, 14.81, , 3.95, 85, 698, , , 512, 70, 35, 0, 2.51, 12.5,
59610, 31, 36, 7.39, 0.18, 6.5, , 30.98, 14.81, 0.9, 0, , 7, 3.95, 18.4, 1.57, 13.3, 14.81, , 3.9, 85, 704, , , 512, 70, 35, 0, 2.44, 12.9,
59770, 31, 36, 7.39, 0.18, 6.5, , 30.98, 14.81, 0.9, 0, , 6, 3.85, 18.4, 1.58, 13.3, 14.81, , 3.92, 85, 695, , , 512, 70, 35, 0, 2.48, 12.5,
59934, 31, 36, 7.39, 0.18, 6.36, , 30.98, 14.81, 0.89, 0, , 7.5, 3.85, 18.4, 1.57, 13.3, 14.81, , 3.81, 85, 700, , , 512, 70, 35, 0, 2.48, 12.9,
60121, 31.4, 36, 7.45, 0.19, 6.35, , 30.98, 14.81, 0.9, 0, , 7.5, 3.78, 18.8, 1.59, 13.3, 14.81, , 3.78, 85, 700, , , 512, 70, 35, 0, 2.49, 12.5,
60280, 31.4, 36, 7.48, 0.18, 6.41, , 30.98, 14.81, 0.89, 0, , 7, 3.78, 18.8, 1.6, 13.3, 14.81, , 3.75, 85, 698, , , 512, 70, 35, 0, 2.59, 12.5,
60442, 31.4, 36, 7.45, 0.18, 6.55, , 30.98, 14.81, 0.89, 0, , 6, 3.67, 18.8, 1.6, 12.9, 14.81, , 3.81, 85, 704, , , 512, 70, 35, 0, 2.2, 12.5,
60600, 31, 36, 7.45, 0.18, 6.49, , 30.98, 14.81, 0.87, 0, , 6, 3.95, 18.4, 1.59, 13.3, 14.81, , 3.92, 85, 707, , , 512, 70, 35, 0, 2.49, 12.9,
60762, 31.4, 36, 7.51, 0.19, 6.35, , 31.37, 14.81, 0.91, 0, , 5, 3.88, 18.8, 1.6, 13.3, 14.81, , 3.83, 85, 710, , , 512, 70, 35, 0, 2.39, 12.9,
60930, 31.4, 36, 7.48, 0.18, 6.35, , 30.98, 14.7, 0.89, 0, , 5.5, 3.83, 18.8, 1.6, 13.3, 14.7, , 3.85, 85, 705, , , 512, 70, 35, 0, 2.44, 12.5,
61091, 31, 36, 7.45, 0.18, 6.41, , 30.98, 14.7, 0.9, 0, , 5, 3.85, 18.4, 1.59, 13.3, 14.7, , 3.82, 85, 707, , , 512, 70, 35, 0, 2.38, 12.5,
61250, 31, 36, 7.45, 0.18, 6.55, , 30.98, 14.7, 0.9, 0, , 6.5, 3.8, 18.4, 1.59, 13.3, 14.7, , 3.8, 85, 698, , , 512, 70, 35, 0, 2.39, 12.5,
61412, 31, 36, 7.42, 0.18, 6.49, , 30.98, 14.7, 0.89, 0, , 6, 3.83, 18.4, 1.59, 13.3, 14.7, , 3.86, 85, 704, , , 512, 70, 35, 0, 2.33, 12.5,
61570, 31, 36, 7.42, 0.18, 6.49, , 30.98, 14.7, 0.9, 0, , 6, 3.85, 18.4, 1.59, 13.3, 14.7, , 3.89, 85, 700, , , 512, 70, 35, 0, 2.45, 12.5,
61730, 31, 36, 7.48, 0.19, 6.35, , 30.98, 14.7, 0.9, 0, , 5.5, 3.83, 18.4, 1.59, 13.3, 14.7, , 3.72, 85, 704, , , 512, 70, 35, 0, 2.45, 12.5,
61892, 31.4, 36, 7.48, 0.18, 0, , 30.98, 14.59, 0.91, 0, , 7, 4.06, 18.8, 1.6, 13.3, 14.59, , 4.03, 85, 697, , , 512, 70, 35, 0, 2.49, 12.9,
62051, 31, 36, 7.48, 0.18, 0, , 30.98, 14.7, 0.91, 0, , 5, 4.11, 18.4, 1.59, 13.3, 14.7, , 4.09, 85, 706, , , 512, 70, 35, 0, 2.73, 12.9,
62210, 31, 36, 7.54, 0.18, 0.01, , 30.98, 14.7, 0.92, 0, , 5, 4.08, 18.4, 1.61, 13.3, 14.7, , 4.03, 85, 702, , , 512, 70, 35, 0, 2.59, 12.9,
62371, 31, 36, 7.54, 0.18, 0.01, , 30.98, 14.59, 0.9, 0, , 6.5, 4.06, 18.4, 1.59, 13.3, 14.59, , 4.03, 85, 706, , , 512, 70, 35, 0, 2.63, 12.9,
62535, 31.4, 36, 7.54, 0.19, 0.02, , 30.98, 14.7, 0.91, 0, , 6, 4.03, 18.8, 1.6, 13.3, 14.7, , 3.99, 85, 706, , , 512, 70, 35, 0, 2.62, 12.9,
62700, 31.4, 36, 7.57, 0.18, 0.02, , 30.98, 14.7, 0.91, 0, , 5, 3.95, 18.8, 1.61, 13.3, 14.7, , 3.98, 85, 702, , , 512, 70, 35, 0, 2.63, 12.9,
62861, 31, 36, 7.45, 0.18, 0.02, , 30.59, 14.7, 0.89, 0, , 6, 4.01, 18.4, 1.59, 13.3, 14.7, , 4.06, 85, 706, , , 512, 70, 35, 0, 2.51, 12.9,
63026, 31, 36, 7.51, 0.18, 0.02, , 30.59, 14.7, 0.92, 0, , 6, 4.01, 18.4, 1.59, 13.3, 14.7, , 4.01, 85, 706, , , 512, 70, 35, 0, 2.69, 12.9,
63187, 31, 36, 7.51, 0.18, 0.02, , 30.59, 14.7, 0.88, 0, , 5.5, 4.01, 18.4, 1.59, 13.3, 14.7, , 3.95, 85, 706, , , 512, 70, 35, 0, 2.67, 12.9,
63347, 30.6, 36, 7.48, 0.18, 0.02, , 30.59, 14.7, 0.91, 0, , 5.5, 3.98, 18.4, 1.59, 13.3, 14.7, , 3.98, 85, 704, , , 512, 70, 35, 0, 2.48, 12.9,
63516, 30.6, 36, 7.45, 0.18, 0.02, , 30.59, 14.59, 0.91, 0, , 6.5, 3.98, 18.4, 1.59, 13.3, 14.59, , 3.96, 85, 702, , , 512, 70, 35, 0, 2.63, 12.9,
63676, 30.6, 36, 7.45, 0.18, 0.02, , 30.59, 14.59, 0.91, 0, , 6.5, 3.98, 18.4, 1.59, 13.3, 14.59, , 3.99, 85, 703, , , 512, 70, 35, 0, 2.35, 12.9,
63840, 30.6, 36, 7.48, 0.18, 0.02, , 30.59, 14.7, 0.92, 0, , 6, 3.95, 18.4, 1.59, 13.3, 14.59, , 3.9, 85, 705, , , 512, 70, 35, 0, 2.71, 12.9,
64001, 30.6, 36, 7.48, 0.18, 0.02, , 30.59, 14.59, 0.92, 0, , 7, 3.8, 18.4, 1.6, 13.3, 14.59, , 3.86, 85, 694, , , 512, 70, 35, 0, 2.24, 12.5,
64162, 30.2, 36, 7.42, 0.18, 0.02, , 30.2, 14.59, 0.89, 0, , 8, 4.06, 18, 1.57, 13.3, 14.59, , 4.04, 85, 704, , , 512, 70, 35, 0, 2.6, 12.9,
64327, 30.2, 36, 7.45, 0.18, 0.02, , 30.59, 14.7, 0.9, 0, , 6.5, 4.06, 18, 1.59, 13.3, 14.7, , 3.99, 85, 704, , , 512, 70, 35, 0, 2.51, 12.9,
64489, 30.6, 36, 7.45, 0.18, 0.02, , 30.59, 14.59, 0.91, 0, , 6.5, 3.95, 18, 1.59, 13.3, 14.59, , 3.95, 85, 696, , , 512, 70, 35, 0, 2.59, 12.9,
64652, 30.2, 36, 7.42, 0.18, 0.02, , 30.59, 14.59, 0.89, 0, , 7.5, 3.95, 18, 1.58, 13.3, 14.59, , 3.98, 85, 696, , , 512, 70, 35, 0, 2.62, 12.9,
64811, 30.2, 36, 7.42, 0.18, 0.02, , 30.2, 14.59, 0.91, 0, , 6.5, 3.95, 18, 1.59, 13.3, 14.59, , 3.95, 85, 703, , , 512, 70, 35, 0, 2.52, 12.9,
64970, 30.2, 36, 7.42, 0.18, 0.02, , 30.59, 14.59, 0.89, 0, , 14, 3.95, 18, 1.59, 13.3, 14.59, , 4.01, 85, 702, , , 512, 130, 35, 0, 2.73, 12.9,
65161, 35.3, 36, 8.36, 0.21, 0.01, , 34.51, 14.59, 0.99, 0, , 2, 4.77, 21.2, 1.82, 11.8, 14.59, , 6.65, 85, 689, , , 512, 1, 35, 0, 5.94, 11.4,
65321, 36.1, 36, 9.37, 0.22, 0.02, , 37.25, 14.59, 1, 0, , -1, 5.03, 21.2, 1.89, 14.5, 14.59, , 5.61, 85, 695, , , 512, 1, 35, 0, 3.68, 13.7,
65487, 38, 36, 9.92, 0.24, 0.02, , 39.61, 14.7, 1, 0, , 1, 5.44, 23.1, 1.9, 14.9, 14.59, , 4.9, 85, 725, , , 512, 1, 35, 0, 4.07, 14.5,
65653, 40.8, 36, 11.54, 0.28, 0.01, , 44.31, 14.81, 1.11, 0, , 3.5, 7.72, 25.9, 2.02, 16.1, 14.81, , 7.95, 85, 728, , , 512, 1, 35, 0, 5.67, 16.1,
65811, 47.5, 36, 12.6, 0.31, 0.02, , 50.2, 14.93, 1.14, 0, , -2.5, 6.57, 28.6, 2.16, 16.5, 14.93, , 6.9, 85, 753, , , 512, 1, 35, 0, 6.01, 15.7,
65971, 50.6, 36, 12.3, 0.31, 0.02, , 49.41, 15.04, 1.02, 0, , -3.5, 6.67, 31, 1.95, 15.3, 15.04, , 6.54, 85, 766, , , 512, 1, 35, 0, 5.57, 15.3,
66131, 49.8, 36, 12.18, 0.3, 0.02, , 49.8, 14.93, 1.03, 0, , -3.5, 5.29, 31, 1.89, 14.5, 14.93, , 5.85, 85, 765, , , 512, 1, 35, 0, 4.07, 14.1,
66292, 48.2, 36, 11.81, 0.29, 0.02, , 48.24, 14.93, 1.07, 0, , -2.5, 5.21, 29.8, 1.84, 14.9, 14.93, , 4.63, 85, 761, , , 512, 1, 35, 0, 4.14, 14.1,
66451, 47.1, 36, 11.44, 0.29, 0.02, , 46.67, 14.93, 1.02, 0, , -1.5, 5.47, 28.6, 1.8, 14.9, 14.93, , 5.46, 85, 762, , , 512, 1, 35, 0, 4.26, 14.1,
66610, 46.3, 36, 11.05, 0.28, 0.02, , 45.88, 14.93, 1.05, 0, , -2, 4.6, 28.6, 1.81, 13.7, 14.93, , 4.91, 85, 768, , , 512, 1, 35, 0, 3.09, 13.3,
66770, 45.1, 36, 10.93, 0.27, 0.02, , 44.71, 14.7, 1.04, 0, , 0.5, 5.44, 27.5, 1.78, 14.9, 14.7, , 5.46, 85, 760, , , 512, 1, 35, 0, 4.26, 14.1,
66930, 44.7, 36, 10.96, 0.27, 0.02, , 44.71, 14.59, 1.03, 0, , 1, 5.36, 27.5, 1.8, 14.9, 14.59, , 5.36, 85, 760, , , 512, 1, 35, 0, 4.05, 14.1,
67091, 44.3, 36, 10.8, 0.27, 0.02, , 44.31, 14.59, 1.02, 0, , 0, 5.03, 27.5, 1.81, 14.5, 14.59, , 5.3, 85, 765, , , 512, 1, 35, 0, 3.64, 14.1,
67251, 43.9, 36, 10.71, 0.27, 0.02, , 43.92, 14.7, 1, 1, , -0.5, 5.36, 27.1, 1.81, 14.5, 14.7, , 5.36, 85, 759, , , 512, 1, 35, 0, 4.12, 14.1,
67411, 43.9, 36, 10.77, 0.27, 0.02, , 44.31, 14.7, 1.04, 1, , 1, 5.21, 26.7, 1.84, 14.5, 14.7, , 5.14, 85, 742, , , 512, 1, 35, 0, 3.85, 14.1,
67573, 43.9, 36, 10.68, 0.27, 0.02, , 43.92, 14.7, 1.03, 2, , 4.5, 5.59, 26.7, 1.84, 14.5, 14.7, , 5.65, 85, 741, , , 512, 1, 35, 0, 4.17, 14.1,
67731, 44.3, 36, 10.74, 0.27, 0.01, , 44.31, 14.59, 1.05, 2, , 4, 4.77, 27.1, 1.87, 14.9, 14.59, , 4.36, 85, 764, , , 512, 1, 35, 0, 4.33, 14.5,
67896, 42.4, 36, 10.19, 0.26, 0.02, , 41.18, 14.47, 0.9, 2, , 12.5, 5.36, 26.3, 1.76, 14.5, 14.47, , 5.37, 85, 801, , , 512, 1, 35, 0, 4.02, 14.1,
68060, 41.6, 36, 10.62, 0.26, 0.02, , 41.18, 14.47, 1.09, 2, , 12.5, 5.59, 26.7, 1.84, 14.9, 14.47, , 5.59, 85, 814, , , 512, 1, 35, 0, 4.23, 14.5,
68220, 41.2, 36, 10.53, 0.26, 0.02, , 40.78, 14.47, 1.04, 3, , 12.5, 5.57, 26.7, 1.81, 14.9, 14.47, , 5.66, 85, 824, , , 512, 1, 35, 0, 4.15, 14.5,
68388, 40.8, 36, 10.53, 0.26, 0.01, , 40.39, 14.47, 1.05, 3, , 13, 5.62, 26.3, 1.82, 14.9, 14.47, , 5.65, 85, 828, , , 512, 1, 35, 0, 4.35, 14.5,
68546, 40.4, 36, 10.44, 0.26, 0.02, , 40, 14.59, 1.05, 3, , 13, 5.65, 26.3, 1.8, 14.9, 14.59, , 5.69, 85, 832, , , 512, 1, 35, 0, 4.31, 14.5,
68706, 40.4, 36, 10.5, 0.27, 0.02, , 40.39, 14.59, 1.05, 3, , 13.5, 6.36, 26.3, 1.8, 15.3, 14.59, , 6.39, 85, 841, , , 512, 1, 35, 0, 4.74, 14.9,
68867, 43.9, 36, 11.87, 0.29, 0.01, , 44.71, 14.47, 1.24, 3, , 12, 6.98, 29, 1.98, 16.5, 14.47, , 6.64, 85, 856, , , 512, 1, 35, 0, 4.25, 16.1,
69025, 43.5, 36, 11.96, 0.3, 0.02, , 44.31, 14.59, 1.2, 4, , 12.5, 7.18, 29, 1.91, 16.5, 14.59, , 6.57, 85, 902, , , 512, 1, 35, 0, 6.65, 16.1,
69194, 43.5, 36, 11.66, 0.3, 0.02, , 43.14, 14.81, 1.1, 4, , 9.5, 6.31, 30.2, 1.84, 15.7, 14.81, , 6.14, 85, 934, , , 512, 1, 35, 0, 5.19, 15.3,
69352, 42.7, 36, 11.41, 0.29, 0.02, , 41.57, 14.93, 1.11, 4, , 8.5, 6.39, 29.4, 1.81, 15.7, 14.93, , 6.47, 85, 938, , , 512, 1, 35, 0, 5.19, 15.3,
69513, 41.2, 36, 11.2, 0.29, 0.01, , 41.18, 14.81, 1.11, 5, , 12.5, 6.47, 29, 1.79, 15.7, 14.81, , 6.4, 85, 948, , , 512, 1, 35, 0, 5.44, 15.3,
69677, 40.4, 36, 11.02, 0.28, 0.02, , 40.78, 14.7, 1.11, 5, , 15.5, 6.44, 28.2, 1.8, 15.7, 14.7, , 6.48, 85, 957, , , 512, 1, 35, 0, 5.24, 15.3,
69837, 40, 36, 10.86, 0.28, 0.02, , 39.61, 14.7, 1.12, 5, , 18, 6.52, 28.2, 1.8, 15.7, 14.7, , 6.53, 85, 965, , , 512, 1, 35, 0, 5.35, 15.3,
69995, 39.2, 36, 10.89, 0.28, 0.01, , 39.22, 14.59, 1.12, 5, , 20, 6.52, 27.8, 1.8, 15.7, 14.7, , 6.46, 85, 972, , , 512, 1, 35, 0, 5.26, 15.3,
70193, 38.8, 36, 10.31, 0.27, 0.01, , 37.65, 14.7, 1.11, 5, , 25.5, 7.21, 27.1, 1.77, 16.1, 14.7, , 6.69, 85, 983, , , 512, 1, 35, 0, 6.11, 15.7,
70357, 37.6, 36, 10.77, 0.27, 0.02, , 37.65, 14.7, 1.14, 6, , 28, 7.72, 26.7, 1.87, 16.5, 14.7, , 6.8, 85, 993, , , 512, 1, 35, 0, 6.05, 16.5,
70521, 38, 36, 10.68, 0.27, 0.02, , 38.04, 14.81, 1.13, 6, , 30, 6.72, 27.1, 1.88, 16.1, 14.81, , 6.77, 85, 1008, , , 512, 1, 35, 0, 5.51, 15.7,
70680, 37.3, 36, 10.71, 0.27, 0.01, , 37.65, 14.81, 1.12, 6, , 30.5, 7.44, 27.1, 1.88, 16.9, 14.81, , 7.05, 85, 1030, , , 512, 1, 35, 0, 6.05, 16.5,
70841, 37.6, 36, 10.65, 0.27, 0.02, , 37.65, 14.81, 1.14, 6, , 31, 6.95, 27.5, 1.84, 16.1, 14.81, , 7.08, 85, 1052, , , 512, 1, 35, 0, 5.67, 15.7,
71002, 37.6, 36, 11.05, 0.28, 0.02, , 38.43, 14.7, 1.14, 6, , 31.5, 7.75, 27.5, 1.9, 17.6, 14.7, , 7.21, 85, 1071, , , 512, 1, 35, 0, 6.65, 16.5,
71161, 38, 35, 10.89, 0.28, 0.02, , 37.65, 14.59, 1.17, 7, , 32, 7.26, 27.8, 1.84, 16.5, 14.59, , 7.29, 85, 1098, , , 512, 1, 35, 0, 5.93, 16.1,
71321, 37.3, 35, 11.29, 0.29, 0.02, , 37.65, 14.59, 1.29, 7, , 33, 8.93, 27.8, 1.84, 18, 14.59, , 8.42, 85, 1114, , , 512, 1, 35, 0, 8.12, 17.6,
71485, 38, 35, 11.14, 0.28, 0.02, , 37.25, 14.59, 1.2, 7, , 33, 7.88, 28.6, 1.87, 17.3, 14.59, , 8.1, 86, 1150, , , 512, 1, 35, 0, 5.93, 16.5,
71648, 37.3, 35, 10.99, 0.28, 0.01, , 36.86, 14.7, 1.22, 7, , 35, 7.95, 28.2, 1.85, 17.3, 14.7, , 7.96, 85, 1173, , , 512, 1, 35, 0, 6.87, 16.5,
71806, 36.5, 35, 11.05, 0.28, 0.02, , 36.08, 14.59, 1.22, 8, , 36, 7.85, 27.8, 1.86, 17.3, 14.59, , 7.84, 85, 1184, , , 512, 1, 35, 0, 6.87, 16.5,
71966, 36.1, 35, 11.02, 0.28, 0.01, , 36.08, 14.47, 1.2, 8, , 35.5, 7.85, 27.8, 1.87, 17.3, 14.47, , 7.83, 86, 1191, , , 512, 1, 35, 0, 6.69, 16.5,
72134, 36.5, 35, 11.08, 0.28, 0.01, , 36.47, 14.36, 1.2, 8, , 35.5, 7.82, 28.2, 1.88, 17.3, 14.47, , 7.8, 86, 1203, , , 512, 1, 35, 0, 6.59, 16.5,
72297, 36.1, 35, 11.11, 0.28, 0.01, , 36.47, 14.47, 1.2, 9, , 28.5, 7.8, 28.2, 1.88, 16.9, 14.47, , 7.79, 86, 1205, , , 512, 1, 35, 0, 6.57, 16.5,
72456, 36.5, 35, 10.93, 0.28, 0.02, , 36.47, 14.36, 1.18, 9, , 28, 7.52, 28.2, 1.85, 16.9, 14.36, , 7.69, 86, 1210, , , 512, 1, 35, 0, 6.48, 16.1,
72617, 36.1, 35, 10.77, 0.28, 0.02, , 35.69, 14.24, 1.21, 9, , 29.5, 7.7, 27.8, 1.83, 16.9, 14.24, , 7.64, 86, 1224, , , 512, 1, 35, 0, 6.81, 16.5,
72776, 35.7, 35, 10.71, 0.28, 0.01, , 35.69, 14.13, 1.15, 10, , 29.5, 7.77, 27.8, 1.81, 16.9, 14.13, , 7.71, 86, 1244, , , 512, 1, 35, 0, 6.91, 16.5,
72936, 35.3, 35, 10.53, 0.27, 0.01, , 34.9, 14.36, 1.17, 10, , 29, 7.49, 27.5, 1.8, 16.9, 14.36, , 7.66, 86, 1262, , , 512, 1, 35, 0, 6.42, 16.1,
73096, 34.5, 35, 10.35, 0.27, 6.47, , 34.12, 14.24, 1.19, 10, , 29.5, 7.64, 27.5, 1.78, 16.9, 14.36, , 7.68, 86, 1301, , , 512, 1, 35, 0, 6.5, 16.5,
73263, 33.7, 35, 10.31, 0.27, 0.01, , 33.33, 14.36, 1.21, 10, , 39, 7.88, 27.1, 1.77, 17.3, 14.36, , 7.98, 86, 1332, , , 512, 1, 35, 0, 6.89, 16.5,
73421, 33.3, 35, 10.41, 0.27, 6.55, , 33.33, 14.47, 1.23, 11, , 39.5, 8.13, 27.1, 1.8, 17.3, 14.47, , 8.14, 86, 1368, , , 512, 1, 35, 0, 7.11, 16.9,
73580, 32.9, 35, 10.96, 0.29, 6.49, , 33.73, 14.47, 1.21, 11, , 41, 10.21, 27.5, 1.83, 18.8, 14.47, , 9.46, 86, 1414, , , 512, 1, 35, 0, 9.56, 18.8,
73742, 34.1, 35, 11.47, 0.29, 6.38, , 34.51, 14.59, 1.35, 12, , 41, 9.21, 28.6, 1.89, 18.8, 14.59, , 9.22, 86, 1467, , , 512, 1, 35, 0, 8.33, 18,
73901, 34.5, 35, 11.63, 0.3, 6.43, , 34.9, 14.7, 1.3, 12, , 42, 9.34, 29.4, 1.88, 18.4, 14.7, , 9.32, 86, 1491, , , 512, 1, 35, 0, 8.74, 18,
74060, 35.3, 35, 11.72, 0.29, 6.55, , 35.29, 14.59, 1.31, 13, , 35.5, 8.88, 30.2, 1.87, 18.4, 14.59, , 8.95, 86, 1490, , , 512, 1, 35, 0, 6.99, 18,
74221, 34.5, 35, 11.47, 0.29, 6.55, , 34.51, 14.47, 1.28, 13, , 36, 9.03, 29.4, 1.84, 18, 14.47, , 9.07, 86, 1504, , , 512, 1, 35, 0, 7.85, 17.6,
74381, 34.9, 35, 11.66, 0.29, 6.49, , 34.9, 14.36, 1.33, 14, , 42.5, 9.23, 29.4, 1.88, 18.4, 14.36, , 9.26, 86, 1564, , , 512, 1, 35, 0, 8.67, 18,
74541, 34.9, 34, 11.51, 0.29, 6.37, , 34.9, 14.36, 1.32, 14, , 43, 9.31, 29, 1.86, 18.4, 14.36, , 9.34, 86, 1600, , , 512, 1, 34, 0, 8.65, 18,
74702, 34.9, 34, 11.38, 0.29, 6.42, , 34.9, 14.24, 1.32, 14, , 43.5, 9.57, 29, 1.8, 18.8, 14.24, , 9.56, 86, 1626, , , 512, 1, 34, 0, 9.08, 18,
74861, 35.3, 34, 11.41, 0.29, 6.55, , 35.29, 14.36, 1.34, 15, , 44, 9.46, 29, 1.81, 18.8, 14.36, , 9.5, 86, 1644, , , 512, 1, 34, 0, 8.78, 18,
75021, 35.7, 34, 11.9, 0.3, 6.55, , 36.47, 14.47, 1.42, 15, , 43.5, 11.29, 29.4, 1.88, 20, 14.47, , 12.04, 86, 1672, , , 512, 1, 34, 0, 10.62, 19.2,
75214, 37.6, 34, 13, 0.32, 6.36, , 39.22, 14.59, 1.53, 15, , 43, 11.72, 31, 1.97, 22.7, 14.59, , 11.31, 86, 1704, , , 512, 1, 34, 0, 12.9, 21.6,
75373, 39.6, 34, 13.85, 0.34, 6.38, , 40, 14.7, 1.46, 16, , 15, 14.85, 32.5, 1.99, 22, 14.7, , 15.33, 86, 1564, , , 512, 1, 34, 0, 14.16, 22,
75532, 41.2, 34, 14.98, 0.38, 6.5, , 43.53, 15.04, 1.44, 16, , 11, 14.05, 35.3, 2.16, 23.1, 15.04, , 13.92, 86, 1455, , , 512, 1, 34, 0, 10.9, 22.7,
75691, 45.1, 34, 15.72, 0.38, 6.52, , 45.49, 14.81, 1.43, 17, , 11, 14.11, 38, 2.23, 23.1, 14.81, , 14.4, 86, 1351, , , 512, 2, 34, 0, 9.75, 22.7,
75853, 46.3, 34, 15.69, 0.38, 6.41, , 48.24, 14.36, 1.39, 17, , 9.5, 14.29, 37.6, 2.19, 23.5, 14.36, , 14.16, 86, 1237, , , 512, 2, 34, 0, 9.03, 22.7,
76013, 48.2, 34, 15.53, 0.38, 6.38, , 48.63, 14.24, 1.34, 18, , 31, 14.03, 37.6, 2.2, 23.1, 14.24, , 14.03, 86, 1247, , , 512, 2, 34, 0, 8.78, 22.4,
76174, 48.6, 34, 14.31, 0.34, 6.35, , 46.67, 14.24, 1.32, 18, , 19, 8.08, 38, 2.16, 22, 14.24, , 5.01, 86, 1228, , , 512, 2, 34, 0, 4.29, 20.8,
76336, 43.1, 34, 12.21, 0.32, 0, , 41.96, 14.24, 0.76, 19, , 17.5, 0.19, 32.5, 1.85, 10.2, 14.24, , 0.28, 86, 1173, , , 512, 2, 34, 0, 0.75, 9.4,
76497, 41.2, 34, 10.68, 0.29, 6.5, , 39.61, 14.13, 0.75, 19, , -2.5, 0.26, 31, 1.73, 9.8, 14.13, , 0.28, 86, 1112, , , 512, 2, 34, 0, 0.65, 9.4,
76656, 33.7, 34, 7.78, 0.21, 6.48, , 30.2, 13.44, 0.73, 19, , -1, 0.26, 25.1, 1.33, 9.8, 13.44, , 0.28, 86, 1137, , , 512, 2, 34, 0, 0.48, 9.4,
76817, 24.7, 34, 6.07, 0.16, 6.53, , 26.67, 13.09, 0.72, 19, , 8, 0.26, 18.8, 0, 9.8, 12.98, , 0.28, 86, 1162, , , 1024, 2, 34, 0, 0.48, 9.4,
76975, 24.7, 34, 4.73, 0.12, 6.54, , 23.53, 13.32, 0.72, 19, , 9, 0.26, 18.4, 1.2, 9.8, 13.32, , 0.28, 86, 1104, , , 256, 2, 34, 0, 0.58, 9.4,
77137, 16.5, 34, 3.97, 0.11, 6.55, , 15.69, 14.13, 0.83, 19, , 24, 3.49, 12.2, 0.89, 12.5, 14.13, , 3.55, 86, 1092, , , 256, 2, 34, 0, 2.23, 12.2,
77296, 15.7, 34, 3.97, 0.11, 6.54, , 15.29, 14.13, 0.88, 18, , 23.5, 3.42, 11.4, 0.91, 12.9, 14.13, , 3.25, 86, 1026, , , 512, 2, 34, 0, 2.3, 12.5,
77457, 15.3, 34, 4, 0.11, 6.52, , 15.29, 14.01, 0.86, 18, , 23, 3.24, 11, 0.91, 12.5, 14.01, , 3.27, 86, 963, , , 512, 2, 34, 0, 1.96, 12.2,
77616, 15.7, 34, 4.06, 0.11, 6.54, , 16.08, 14.01, 0.85, 18, , 30, 3.13, 11, 0.93, 12.5, 14.01, , 3.15, 86, 908, , , 512, 2, 34, 0, 1.94, 12.2,
77776, 16.5, 34, 4.18, 0.11, 6.55, , 16.86, 14.13, 0.84, 17, , 29, 3.06, 11, 0.97, 12.5, 14.13, , 3.04, 86, 862, , , 512, 2, 34, 0, 1.84, 12.2,
77937, 17.3, 34, 4.27, 0.11, 0, , 17.65, 14.36, 0.83, 16, , 28.5, 2.9, 11.4, 0.98, 12.5, 14.36, , 2.91, 86, 814, , , 512, 2, 34, 0, 1.83, 11.8,
78096, 18, 34, 4.33, 0.12, 6.54, , 18.43, 14.47, 0.84, 16, , 26.5, 3.31, 11.4, 1, 12.5, 14.47, , 4.79, 86, 772, , , 512, 2, 34, 0, 1.74, 11.8,
78258, 22.4, 34, 6.5, 0.17, 6.53, , 23.92, 14.59, 0.99, 15, , 21.5, 7.75, 13.7, 1.26, 14.9, 14.59, , 7.2, 86, 725, , , 512, 2, 34, 0, 4.28, 15.3,
78417, 28.2, 34, 7.2, 0.17, 6.53, , 28.63, 14.59, 0.9, 14, , 6.5, 3.62, 17.3, 1.58, 12.9, 14.59, , 3.55, 86, 721, , , 512, 2, 34, 0, 2.52, 12.5,
78577, 28.2, 34, 7.02, 0.17, 6.52, , 28.24, 14.59, 0.88, 14, , 7.5, 3.57, 16.9, 1.52, 12.9, 14.59, , 3.58, 86, 719, , , 512, 2, 34, 0, 2.41, 12.5,
78735, 28.2, 34, 6.96, 0.17, 6.55, , 27.84, 14.7, 0.89, 13, , 6, 3.6, 16.9, 1.5, 12.9, 14.7, , 3.6, 86, 723, , , 512, 2, 34, 0, 2.21, 12.5,
78896, 28.2, 34, 6.9, 0.17, 6.54, , 27.84, 14.81, 0.88, 12, , 5.5, 3.6, 16.9, 1.49, 12.9, 14.81, , 3.52, 86, 718, , , 512, 2, 34, 0, 2.38, 12.5,
79056, 28.2, 34, 6.87, 0.17, 6.5, , 28.24, 14.81, 0.87, 12, , 4, 3.54, 16.9, 1.46, 12.9, 14.81, , 3.61, 86, 722, , , 512, 2, 34, 0, 2.3, 12.5,
79217, 27.8, 34, 6.81, 0.16, 6.49, , 27.84, 14.7, 0.88, 11, , 8.5, 3.57, 16.9, 1.45, 12.9, 14.7, , 3.6, 86, 709, , , 512, 2, 34, 0, 2.26, 12.5,
79377, 27.8, 34, 7.14, 0.18, 6.48, , 28.63, 14.59, 0.88, 11, , 8, 5.49, 16.5, 1.46, 13.7, 14.59, , 4.27, 86, 702, , , 512, 2, 34, 0, 3.77, 14.1,
79535, 30.2, 34, 8.15, 0.2, 6.53, , 31.76, 14.59, 0.98, 10, , 7.5, 6.08, 18, 1.62, 14.1, 14.59, , 7.73, 86, 687, , , 512, 2, 34, 0, 3.65, 13.3,
79697, 34.5, 34, 9.09, 0.22, 6.54, , 35.29, 14.47, 1, 10, , 7.5, 5.16, 20.4, 1.85, 14.9, 14.47, , 5.52, 86, 686, , , 512, 2, 34, 0, 3.83, 14.1,
79856, 38.4, 34, 10.35, 0.24, 6.48, , 39.61, 14.47, 1.05, 9, , 4.5, 5.59, 22.7, 1.94, 14.9, 14.47, , 4.56, 86, 693, , , 512, 2, 34, 0, 3.88, 15.3,
80017, 40.8, 34, 10.41, 0.25, 6.44, , 41.57, 14.7, 0.97, 9, , -1, 4.67, 24.3, 1.97, 14.1, 14.7, , 4.68, 86, 698, , , 512, 2, 34, 0, 3.35, 13.7,
80175, 42, 34, 10.53, 0.25, 6.44, , 41.96, 14.93, 0.98, 8, , 1, 5.24, 25.1, 1.92, 14.9, 14.93, , 4.65, 86, 697, , , 512, 2, 34, 0, 3.59, 14.5,
80337, 43.1, 34, 10.53, 0.25, 6.48, , 43.14, 14.93, 0.97, 8, , -1.5, 4.62, 25.9, 1.89, 14.1, 15.04, , 4.66, 86, 698, , , 512, 2, 34, 0, 3.38, 13.3,
80497, 43.1, 34, 10.38, 0.25, 6.52, , 42.75, 14.81, 0.98, 8, , -1, 4.65, 25.5, 1.81, 14.1, 14.81, , 4.61, 86, 704, , , 512, 2, 34, 0, 3.21, 13.3,
80662, 43.1, 34, 10.28, 0.25, 6.48, , 42.75, 14.7, 0.98, 8, , -1, 4.52, 25.5, 1.76, 13.7, 14.7, , 4.54, 86, 704, , , 512, 2, 34, 0, 3.22, 13.3,
80821, 42.4, 35, 10.04, 0.25, 6.47, , 42.35, 14.47, 0.94, 8, , -1, 4.44, 25.5, 1.71, 13.7, 14.47, , 4.43, 86, 701, , , 512, 2, 34, 0, 2.98, 13.3,
80983, 42.4, 35, 10.31, 0.25, 6.45, , 42.35, 14.47, 1.03, 8, , 10.5, 4.7, 25.1, 1.77, 14.1, 14.47, , 4.7, 86, 719, , , 512, 2, 34, 0, 3.44, 13.7,
81141, 42.7, 35, 10.77, 0.29, 6.48, , 42.75, 14.47, 1.01, 8, , 11.5, 7.72, 25.9, 1.8, 15.3, 14.47, , 8.79, 86, 776, , , 512, 2, 34, 0, 6.57, 15.7,
81300, 47.8, 35, 13.61, 0.34, 6.52, , 48.63, 14.47, 1.2, 8, , 10.5, 9.64, 30.6, 2.09, 16.9, 14.47, , 10.62, 86, 852, , , 512, 2, 34, 0, 7.6, 16.9,
81468, 52.2, 34, 15.38, 0.37, 6.45, , 52.94, 14.59, 1.41, 9, , 14, 10.39, 35.7, 2.2, 18.8, 14.59, , 9.1, 86, 1003, , , 512, 2, 34, 0, 7.76, 18,
81628, 50.6, 34, 14.01, 0.36, 6.43, , 49.41, 15.16, 1.42, 9, , 18.5, 9.08, 36.9, 2.11, 20, 15.16, , 8.8, 86, 1131, , , 512, 2, 34, 0, 10.56, 18.8,
81787, 47.1, 34, 13.12, 0.34, 6.45, , 44.71, 15.27, 1.42, 10, , 31.5, 11.34, 35.7, 1.93, 20, 15.27, , 11.58, 86, 1221, , , 512, 2, 34, 0, 8.83, 19.2,
81947, 43.5, 34, 13.46, 0.34, 6.3, , 43.14, 15.62, 1.33, 10, , 33, 12.21, 33.7, 1.97, 21.6, 15.62, , 11.39, 86, 1267, , , 512, 2, 34, 0, 8.61, 22,
82108, 42.7, 34, 13.34, 0.34, 6.22, , 42.35, 15.62, 1.32, 11, , 35, 11.57, 33.7, 2.02, 20.8, 15.62, , 11.49, 86, 1287, , , 512, 2, 34, 0, 8.25, 20,
82267, 41.6, 34, 13.49, 0.33, 6.27, , 41.57, 15.5, 1.29, 11, , 35.5, 11.23, 33.7, 2.06, 20.4, 15.5, , 11.27, 86, 1308, , , 512, 2, 34, 0, 7.72, 20,
82429, 41.6, 34, 13.37, 0.34, 6.27, , 41.57, 15.04, 1.28, 12, , 35, 10.85, 33.3, 2.05, 20.4, 15.04, , 10.79, 86, 1316, , , 512, 2, 34, 0, 7.85, 19.6,
82588, 41.6, 34, 13.28, 0.33, 6.34, , 41.18, 14.7, 1.27, 12, , 35.5, 10.88, 33.3, 2.05, 20, 14.7, , 10.87, 86, 1327, , , 512, 2, 34, 0, 7.91, 19.6,
82747, 41.2, 34, 13.21, 0.33, 6.23, , 41.18, 14.7, 1.27, 13, , 35.5, 10.75, 33.3, 2.05, 20, 14.7, , 10.75, 86, 1336, , , 512, 2, 34, 0, 7.83, 19.2,
82908, 40.4, 34, 13.15, 0.33, 6.14, , 40.39, 14.59, 1.28, 13, , 36, 10.59, 32.9, 2.05, 19.6, 14.59, , 10.57, 86, 1340, , , 512, 2, 34, 0, 7.7, 19.2,
83068, 40, 34, 12.94, 0.34, 6.24, , 40, 14.59, 1.21, 14, , 30.5, 10.54, 32.5, 2.02, 19.2, 14.59, , 10.63, 86, 1340, , , 512, 2, 34, 0, 9.92, 18.8,
83228, 44.3, 34, 15.75, 0.4, 6.24, , 47.06, 14.36, 1.43, 14, , 33.5, 14.95, 36.1, 2.34, 23.9, 14.36, , 16.2, 86, 1392, , , 512, 2, 34, 0, 10.67, 23.5,
83391, 49, 34, 16.66, 0.42, 6.23, , 50.2, 14.13, 1.37, 15, , 31.5, 15.59, 41.6, 2.27, 24.3, 14.13, , 15.54, 86, 1502, , , 512, 2, 34, 0, 11.03, 23.9,
83557, 50.2, 33, 16.63, 0.42, 6.18, , 50.2, 14.13, 1.42, 15, , 25.5, 14.93, 42.4, 2.23, 23.9, 14.24, , 14.94, 86, 1564, , , 512, 2, 33, 0, 11.11, 23.5,
83718, 49.4, 33, 16.36, 0.41, 6.14, , 48.24, 14.24, 1.44, 16, , 34, 14.64, 41.2, 2.2, 23.5, 14.24, , 14.72, 86, 1578, , , 512, 2, 33, 0, 10.9, 23.1,
83888, 49.4, 33, 15.75, 0.39, 6.08, , 49.02, 14.36, 1.53, 17, , 22, 13.64, 41.6, 2.2, 22.4, 14.36, , 12.61, 86, 1584, , , 512, 2, 33, 0, 9.92, 21.6,
84049, 45.5, 33, 15.53, 0.38, 6.11, , 45.88, 14.24, 1.51, 17, , 36, 14.54, 38, 2.12, 24.7, 14.24, , 14.21, 86, 1556, , , 512, 2, 33, 0, 10.82, 23.9,
84209, 46.3, 33, 15.62, 0.39, 6.16, , 46.67, 14.59, 1.43, 18, , 35.5, 14.72, 38.8, 2.19, 23.1, 14.59, , 14.83, 86, 1572, , , 512, 2, 33, 0, 10.85, 22.7,
84369, 47.8, 33, 16.08, 0.41, 6.13, , 48.63, 14.59, 1.45, 18, , 34.5, 15.36, 40, 2.21, 23.9, 14.59, , 15.13, 86, 1592, , , 512, 2, 33, 0, 11.17, 23.9,
84527, 49, 33, 16.24, 0.4, 6.11, , 49.02, 14.36, 1.48, 19, , 34, 15.39, 40.8, 2.19, 24.3, 14.36, , 15.4, 86, 1620, , , 512, 2, 33, 0, 11.79, 23.9,
84687, 48.6, 33, 16.05, 0.4, 6.08, , 48.63, 14.36, 1.46, 20, , 34, 15.46, 40.4, 2.17, 24.3, 14.36, , 15.5, 86, 1632, , , 512, 2, 33, 0, 11.76, 23.9,
84848, 48.6, 33, 16.02, 0.4, 6.08, , 48.63, 14.47, 1.47, 20, , 34.5, 15.57, 40.4, 2.17, 24.3, 14.47, , 15.57, 86, 1643, , , 512, 2, 33, 0, 11.82, 23.9,
85009, 49, 33, 16.05, 0.4, 6.1, , 49.02, 14.36, 1.48, 21, , 34.5, 15.64, 40.4, 2.17, 24.3, 14.36, , 15.64, 86, 1651, , , 512, 2, 33, 0, 11.87, 23.9,
85168, 49, 32, 16.08, 0.4, 6.09, , 49.02, 14.47, 1.47, 21, , 34.5, 15.8, 40, 2.18, 24.7, 14.47, , 15.79, 86, 1660, , , 512, 2, 32, 0, 11.79, 23.9,
85363, 49.4, 32, 16.33, 0.41, 6.09, , 49.8, 14.47, 1.48, 22, , 34, 16.67, 40.4, 2.18, 25.5, 14.47, , 16.51, 86, 1681, , , 512, 2, 32, 0, 11.9, 25.1,
85521, 49.8, 32, 16.27, 0.4, 6.12, , 49.8, 14.36, 1.5, 22, , 34, 16.62, 40.8, 2.17, 25.5, 14.36, , 16.61, 86, 1683, , , 512, 2, 32, 0, 12.24, 25.1,
85687, 49.8, 32, 16.27, 0.41, 6.12, , 50.2, 14.59, 1.5, 23, , 34, 16.82, 40.4, 2.2, 25.5, 14.59, , 16.8, 86, 1678, , , 512, 2, 32, 0, 12.07, 25.1,
85848, 50.2, 32, 16.39, 0.41, 6.14, , 50.2, 14.47, 1.51, 24, , 34, 17.13, 40.8, 2.2, 25.9, 14.47, , 17.14, 86, 1685, , , 512, 2, 32, 0, 12.15, 25.5,
86007, 50.2, 32, 16.2, 0.4, 6.17, , 50.59, 14.47, 1.49, 24, , 34, 17.16, 40.8, 2.18, 25.9, 14.47, , 17.14, 86, 1708, , , 512, 2, 32, 0, 12.5, 25.5,
86175, 49, 32, 15.96, 0.39, 6.19, , 48.63, 14.59, 1.5, 25, , 36, 16.95, 40, 2.17, 25.9, 14.59, , 16.99, 86, 1730, , , 512, 2, 32, 0, 11.55, 25.1,
86337, 48.2, 32, 15.81, 0.39, 6.2, , 47.84, 14.36, 1.5, 25, , 36.5, 17.08, 38.8, 2.12, 25.9, 14.36, , 17.08, 86, 1738, , , 512, 2, 32, 0, 12.38, 25.5,
86498, 47.8, 32, 15.72, 0.39, 6.16, , 47.84, 14.47, 1.5, 26, , 36.5, 17.44, 38.8, 2.13, 26.3, 14.47, , 17.43, 86, 1756, , , 512, 2, 32, 0, 12.9, 25.9,
86656, 50.2, 31, 17.09, 0.45, 6.23, , 51.76, 14.7, 1.55, 26, , 32.5, 20.46, 41.2, 2.27, 27.8, 14.7, , 19.87, 86, 1800, , , 512, 2, 31, 0, 14.52, 27.8,
86818, 54.9, 31, 19.74, 0.51, 6.27, , 60.78, 14.47, 1.6, 26, , 7, 21.28, 45.9, 2.4, 30.2, 14.47, , 21.28, 86, 1708, , , 512, 2, 31, 0, 14.81, 29.4,
86981, 64.3, 31, 21, 0.54, 6.35, , 65.88, 14.36, 1.66, 27, , 7, 17.23, 52.5, 2.45, 26.7, 14.36, , 17.47, 86, 1657, , , 512, 2, 31, 0, 14.33, 25.9,
87148, 65.9, 31, 21.27, 0.53, 6.27, , 65.1, 14.36, 1.65, 27, , 6.5, 17.26, 54.1, 2.45, 26.3, 14.36, , 17.31, 86, 1602, , , 512, 3, 31, 0, 16.02, 25.5,
87307, 63.1, 31, 20.9, 0.52, 6.27, , 61.96, 14.7, 1.65, 28, , 19, 16.72, 52.5, 2.5, 25.5, 14.7, , 16.71, 86, 1579, , , 512, 3, 31, 0, 15.18, 25.1,
87467, 63.1, 31, 21.12, 0.53, 6.42, , 63.53, 14.59, 1.63, 28, , 19, 17, 52.5, 2.47, 25.9, 14.59, , 16.92, 86, 1588, , , 512, 3, 31, 0.007, 15.14, 25.5,
87629, 63.1, 31, 21.09, 0.52, 6.43, , 62.35, 14.47, 1.64, 29, , 19, 16.64, 52.5, 2.48, 25.5, 14.47, , 16.64, 86, 1567, , , 512, 3, 31, 0.015, 15.78, 25.1,
87789, 62, 31, 20.84, 0.51, 6.44, , 61.18, 14.47, 1.63, 29, , 19, 16.13, 52.2, 2.48, 25.1, 14.59, , 16.12, 86, 1527, , , 512, 3, 31, 0.022, 14.81, 24.7,
87947, 60.8, 31, 20.63, 0.51, 6.29, , 60.39, 14.36, 1.58, 30, , 20, 15.77, 51, 2.44, 24.7, 14.36, , 15.78, 86, 1518, , , 512, 3, 31, 0.03, 14.17, 24.3,
88107, 60.4, 31, 20.6, 0.51, 6.3, , 60.39, 14.24, 1.58, 30, , 20, 15.95, 51, 2.43, 24.7, 14.36, , 15.99, 86, 1528, , , 512, 3, 31, 0.037, 14.39, 24.3,
88267, 61.2, 31, 20.78, 0.52, 6.45, , 61.57, 14.36, 1.6, 30, , 19, 16.21, 51.8, 2.46, 25.1, 14.47, , 16.2, 86, 1532, , , 512, 3, 31, 0.045, 14.58, 24.7,
88427, 62, 31, 21.03, 0.52, 6.44, , 62.35, 14.47, 1.6, 31, , 19, 16.46, 52.2, 2.45, 25.1, 14.47, , 16.45, 86, 1540, , , 512, 3, 31, 0.052, 14.68, 24.7,
88588, 62.7, 31, 21.15, 0.53, 6.28, , 63.14, 14.36, 1.63, 31, , 18.5, 16.23, 52.5, 2.47, 25.1, 14.36, , 16.23, 86, 1546, , , 512, 3, 31, 0.058, 15.11, 24.7,
88757, 62.7, 31, 21.03, 0.52, 6.23, , 62.75, 14.47, 1.59, 32, , 19, 16.21, 52.9, 2.45, 25.1, 14.47, , 16.21, 86, 1545, , , 512, 3, 31, 0.066, 14.62, 24.7,
88921, 62.7, 30, 20.9, 0.52, 6.18, , 62.35, 14.47, 1.58, 32, , 19.5, 16.31, 52.9, 2.45, 25.1, 14.47, , 16.29, 86, 1559, , , 512, 3, 30, 0.072, 14.17, 24.7,
89082, 62, 30, 21.21, 0.54, 6.12, , 63.92, 14.59, 1.57, 33, , 19, 17.03, 51.8, 2.45, 26.3, 14.59, , 16.88, 86, 1562, , , 512, 3, 30, 0.079, 14.81, 25.5,
89242, 64.7, 30, 21.55, 0.55, 6.14, , 65.1, 14.47, 1.62, 33, , 18, 17.77, 54.1, 2.48, 25.9, 14.47, , 17.7, 86, 1576, , , 512, 3, 30, 0.085, 15.85, 25.5,
89406, 66.7, 30, 22, 0.56, 6.15, , 67.45, 14.47, 1.64, 34, , 16, 17.8, 55.7, 2.5, 26.7, 14.47, , 17.83, 86, 1596, , , 512, 3, 30, 0.091, 15.55, 25.9,
89647, 66.7, 30, 21.88, 0.55, 6.08, , 66.67, 14.59, 1.66, 34, , 17, 17.69, 55.3, 2.49, 26.7, 14.59, , 17.69, 86, 1602, , , 512, 3, 30, 0.1, 15.88, 25.9,
89808, 66.3, 30, 21.67, 0.55, 6.09, , 65.88, 14.59, 1.64, 35, , 18, 17.54, 54.9, 2.48, 26.3, 14.59, , 17.57, 86, 1616, , , 512, 3, 30, 0.105, 15.75, 25.9,
89967, 66.3, 30, 21.42, 0.54, 6.07, , 66.27, 14.7, 1.64, 35, , 16, 17.44, 54.9, 2.49, 26.3, 14.7, , 17.42, 86, 1625, , , 512, 3, 30, 0.11, 15.81, 25.9,
90127, 64.7, 30, 21.24, 0.54, 6.06, , 65.1, 14.59, 1.63, 36, , 19, 17.39, 53.3, 2.45, 26.3, 14.59, , 17.38, 86, 1633, , , 512, 3, 30, 0, 15.68, 25.9,
90288, 65.1, 30, 21.18, 0.53, 6.04, , 65.1, 14.7, 1.62, 36, , 19.5, 17.28, 53.3, 2.47, 25.9, 14.7, , 17.3, 86, 1653, , , 512, 3, 30, 0.009, 16.19, 25.5,
90448, 65.1, 30, 21, 0.53, 6.02, , 64.71, 14.59, 1.62, 36, , 20, 17.26, 52.9, 2.45, 25.9, 14.59, , 17.27, 86, 1654, , , 512, 3, 30, 0.017, 15.98, 25.5,
90607, 64.7, 30, 20.81, 0.52, 6.01, , 64.31, 14.59, 1.64, 37, , 21, 17.26, 52.9, 2.45, 25.9, 14.59, , 17.26, 86, 1664, , , 512, 3, 30, 0.025, 15.08, 25.5,
90768, 64.3, 30, 20.84, 0.52, 6, , 64.31, 14.59, 1.65, 37, , 21, 17.39, 52.5, 2.46, 26.3, 14.59, , 17.3, 86, 1677, , , 512, 3, 30, 0.032, 15.88, 25.9,
90927, 63.9, 29, 21.45, 0.55, 6.01, , 66.67, 14.47, 1.67, 38, , 19.5, 17.9, 52.2, 2.48, 26.7, 14.47, , 17.93, 86, 1686, , , 512, 3, 29, 0.039, 16.72, 26.3,
91087, 69.4, 29, 23.32, 0.64, 6.04, , 71.76, 14.36, 1.68, 38, , 5, 20.36, 57.3, 2.56, 28.2, 14.36, , 22.03, 86, 1624, , , 512, 3, 29, 0, 20.25, 27.8,
91247, 82, 29, 28.05, 0.78, 6.19, , 87.84, 14.24, 1.8, 38, , 0, 25.46, 68.2, 3.14, 30.2, 14.24, , 27.42, 86, 1558, , , 512, 3, 29, 0, 22.12, 30.2,
91407, 93.3, 29, 30.49, 0.8, 6.41, , 94.12, 14.47, 1.84, 38, , 0.5, 25.56, 78.8, 3.52, 33.7, 14.47, , 25.63, 86, 1453, , , 512, 4, 29, 0, 22.03, 33.3,
91567, 96.1, 29, 31.13, 0.79, 6.47, , 96.86, 14.36, 1.89, 39, , 3, 26.41, 80.4, 3.65, 34.5, 14.36, , 26.39, 86, 1362, , , 512, 4, 29, 0.006, 20.37, 34.5,
91727, 97.6, 29, 30.58, 0.78, 6.5, , 97.25, 14.7, 1.86, 39, , 2, 27.26, 79.2, 3.7, 35.3, 14.7, , 27.24, 86, 1317, , , 512, 4, 29, 0.014, 22.75, 34.9,
91886, 97.3, 29, 30.55, 0.78, 6.52, , 97.25, 14.81, 1.66, 39, , 2, 27.85, 78, 3.75, 36.1, 14.81, , 27.84, 86, 1316, , , 512, 4, 29, 0.022, 21.66, 35.7,
92047, 97.3, 29, 31.1, 0.79, 6.53, , 96.86, 14.81, 1.7, 40, , 2, 28.46, 78.4, 3.82, 36.5, 14.81, , 28.43, 86, 1336, , , 512, 4, 29, 0.029, 19.91, 36.1,
92207, 97.3, 29, 31.83, 0.79, 6.55, , 97.65, 14.59, 1.78, 40, , 2, 28.87, 79.2, 3.88, 37.3, 14.59, , 28.91, 86, 1345, , , 512, 4, 29, 0.036, 21.17, 36.9,
92368, 97.6, 29, 32.1, 0.8, 0.01, , 97.65, 14.24, 1.82, 41, , 2.5, 29.36, 79.6, 3.91, 37.6, 14.36, , 29.34, 86, 1355, , , 512, 4, 29, 0.044, 21.95, 37.3,
92527, 97.6, 29, 31.89, 0.8, 0.02, , 97.65, 14.36, 1.8, 41, , 2.5, 29.69, 79.6, 3.94, 37.6, 14.36, , 29.71, 86, 1355, , , 512, 4, 28, 0.052, 20.65, 37.6,
92688, 98, 28, 31.46, 0.8, 0.01, , 98.04, 14.47, 1.87, 41, , 2, 30.05, 80, 3.88, 38, 14.47, , 30.05, 86, 1341, , , 512, 4, 28, 0.058, 21.82, 38,
92847, 98.4, 28, 31.31, 0.8, 0.02, , 98.43, 14.59, 1.85, 42, , 2, 30.36, 80, 3.86, 38.4, 14.59, , 30.37, 86, 1335, , , 512, 4, 28, 0.065, 19.21, 38,
93007, 98.4, 28, 31.25, 0.8, 0.01, , 98.43, 14.59, 1.75, 42, , 2, 30.64, 79.6, 3.86, 38.8, 14.59, , 30.61, 86, 1334, , , 512, 4, 28, 0.072, 24.47, 38.4,
93168, 98.4, 28, 31.28, 0.79, 6.51, , 98.43, 14.59, 1.6, 42, , 2, 30.92, 79.6, 3.84, 38.8, 14.59, , 30.89, 86, 1341, , , 512, 4, 28, 0.078, 25.31, 38.4,
93327, 98.4, 28, 31.37, 0.8, 6.51, , 98.43, 14.59, 1.58, 43, , 2, 31.2, 80, 3.84, 39.2, 14.59, , 31.19, 86, 1348, , , 512, 4, 28, 0.085, 14.3, 38.8,
93493, 98.4, 28, 31.59, 0.8, 6.47, , 98.43, 14.59, 1.92, 43, , 2.5, 31.43, 80.4, 3.87, 39.6, 14.59, , 31.4, 86, 1362, , , 512, 4, 28, 0.091, 15.14, 39.2,
93653, 98.4, 28, 31.56, 0.8, 6.5, , 98.43, 14.59, 1.84, 43, , 2.5, 31.43, 80.8, 3.88, 39.6, 14.59, , 31.45, 86, 1366, , , 512, 4, 28, 0.097, 18.62, 39.2,
93813, 98.4, 28, 31.59, 0.8, 6.51, , 98.04, 14.59, 1.73, 44, , 2.5, 30.77, 80.8, 3.86, 39.2, 14.59, , 30.75, 86, 1372, , , 512, 4, 28, 0.103, 24.38, 38.8,
93972, 98, 28, 31.34, 0.8, 6.52, , 97.65, 14.59, 1.81, 44, , 2.5, 28.23, 80.8, 3.84, 37.6, 14.59, , 28.02, 86, 1380, , , 512, 4, 28, 0.11, 19.18, 37.3,
94134, 96.9, 28, 30.91, 0.78, 6.47, , 96.08, 14.59, 1.85, 44, , 2, 25.36, 80, 3.79, 34.9, 14.59, , 25.07, 86, 1388, , , 512, 4, 28, 0.115, 22.37, 34.5,
94293, 94.1, 28, 30.36, 0.77, 6.49, , 94.12, 14.59, 1.7, 45, , 2.5, 24.08, 78, 3.72, 32.5, 14.59, , 24, 86, 1386, , , 512, 4, 28, 0, 20.41, 32.2,
94453, 93.3, 28, 30.21, 0.77, 0.01, , 93.33, 14.59, 1.81, 45, , 3, 23.54, 77.6, 3.7, 32.2, 14.59, , 23.58, 86, 1400, , , 512, 4, 28, 0, 18.43, 31.8,
94611, 92.5, 27, 29.69, 0.75, 6.5, , 90.98, 14.47, 1.73, 46, , 3, 22.18, 77.3, 3.64, 31.4, 14.47, , 22.2, 86, 1407, , , 512, 4, 27, 0, 18.95, 31,
94774, 90.6, 27, 29.02, 0.73, 6.45, , 89.8, 14.59, 1.77, 46, , 2.5, 21.46, 75.3, 3.55, 30.2, 14.59, , 20.91, 86, 1421, , , 512, 4, 27, 0, 16.55, 29.8,
94933, 85.9, 27, 27.47, 0.7, 6.38, , 85.1, 14.47, 1.69, 46, , 3.5, 20.21, 71.8, 3.38, 29, 14.47, , 20.12, 86, 1425, , , 512, 4, 27, 0, 17.36, 28.6,
95094, 83.5, 27, 26.28, 0.68, 6.31, , 81.57, 14.7, 1.74, 47, , 2.5, 18.98, 69, 3.25, 27.8, 14.7, , 18.93, 86, 1426, , , 512, 4, 27, 0, 18.07, 27.5,
95253, 79.6, 27, 23.9, 0.59, 6.49, , 74.51, 14.7, 1.65, 47, , 5, 14.49, 66.3, 3.11, 25.9, 14.7, , 14.07, 86, 1448, , , 512, 4, 27, 0.001, 11.08, 24.7,
95433, 62.7, 27, 20.05, 0.46, 6.54, , 58.04, 14.7, 1.54, 47, , 13, 13.95, 51.4, 2.49, 22.7, 14.7, , 13.68, 86, 1421, , , 512, 4, 27, 0.009, 13.37, 22,
95593, 53.7, 27, 18.28, 0.43, 6.43, , 52.55, 15.62, 1.57, 47, , 24, 14.88, 45.1, 2.47, 23.1, 15.62, , 14.65, 86, 1442, , , 512, 4, 27, 0.018, 14.46, 22.7,
95754, 51.4, 27, 17.52, 0.43, 6.33, , 51.37, 15.04, 1.54, 48, , 29, 14.57, 43.1, 2.35, 23.5, 15.16, , 14.57, 86, 1461, , , 512, 4, 27, 0.009, 12.24, 23.1,
95915, 50.6, 27, 17.21, 0.41, 6.42, , 50.2, 14.59, 1.47, 48, , 29.5, 13.95, 42.7, 2.3, 22.7, 14.7, , 13.85, 86, 1464, , , 512, 4, 27, 0, 11.65, 22.4,
96078, 48.6, 27, 16.11, 0.38, 6.44, , 47.06, 14.13, 1.46, 48, , 29.5, 12.88, 40.8, 2.23, 23.1, 14.13, , 12.5, 86, 1465, , , 512, 4, 27, 0, 9.87, 22.4,
96236, 43.1, 27, 14.19, 0.35, 6.5, , 41.18, 14.36, 1.35, 48, , 33.5, 12.82, 36.1, 2.06, 20.8, 14.36, , 13.91, 86, 1470, , , 512, 4, 27, 0, 11.49, 20.4,
96397, 40.8, 27, 13.12, 0.32, 6.34, , 40.39, 14.36, 1.46, 48, , 34, 6.67, 34.5, 2.09, 22, 14.36, , 4.38, 86, 1474, , , 512, 4, 27, 0, 5.27, 20,
96558, 38.4, 27, 11.72, 0.29, 6.51, , 36.86, 14.59, 1.17, 48, , 27, 3.65, 32.2, 1.88, 16.9, 14.59, , 0.5, 86, 1454, , , 512, 4, 27, 0, 1.24, 16.5,
96716, 32.9, 27, 9.28, 0.25, 6.4, , 30.59, 14.13, 0.73, 48, , 21.5, 0.21, 27.8, 1.61, 9.8, 14.13, , 0.28, 86, 1451, , , 512, 4, 27, 0, 0.63, 9.4,
96878, 27.5, 27, 7.48, 0.19, 6.48, , 24.71, 13.44, 0.73, 48, , 15.5, 0.26, 23.1, 1.46, 9.8, 13.55, , 0.28, 86, 1448, , , 512, 4, 27, 0, 0.48, 9.4,
97036, 22.4, 27, 6.71, 0.18, 6.5, , 22.35, 13.09, 0.88, 48, , 31.5, 5.65, 18.8, 1.3, 13.3, 13.09, , 5.7, 86, 1448, , , 512, 4, 27, 0, 4.14, 13.7,
97202, 22, 27, 6.74, 0.18, 6.51, , 21.96, 13.09, 1.04, 48, , 32, 5.95, 18.4, 1.38, 15.3, 13.09, , 5.96, 86, 1450, , , 512, 4, 27, 0, 4.7, 14.9,
97362, 21.6, 27, 6.77, 0.18, 6.51, , 21.57, 13.78, 1.08, 48, , 37, 6.08, 18, 1.46, 15.3, 13.78, , 6.07, 86, 1448, , , 512, 4, 27, 0, 4.73, 14.9,
97523, 21.6, 28, 6.77, 0.18, 6.52, , 21.18, 14.24, 1.08, 48, , 41.5, 6.08, 18, 1.46, 15.3, 14.24, , 6.06, 86, 1452, , , 512, 4, 27, 0, 4.73, 14.9,
97681, 21.2, 28, 6.74, 0.18, 6.51, , 21.18, 14.24, 1.08, 48, , 41.5, 6.08, 18, 1.45, 15.3, 14.24, , 6.06, 86, 1453, , , 512, 4, 27, 0, 4.77, 14.9,
97841, 21.2, 28, 6.71, 0.18, 6.51, , 21.18, 14.36, 1.09, 48, , 42, 6.08, 18, 1.44, 15.3, 14.36, , 6.09, 86, 1456, , , 512, 4, 27, 0, 4.8, 14.9,
98002, 21.2, 28, 6.74, 0.18, 6.51, , 21.18, 14.59, 1.08, 48, , 42, 6.13, 17.6, 1.45, 15.3, 14.59, , 6.11, 86, 1454, , , 512, 4, 27, 0, 4.73, 14.9,
98167, 21.2, 28, 6.74, 0.18, 6.45, , 21.18, 14.59, 1.08, 48, , 42, 6.08, 18, 1.45, 15.3, 14.59, , 6.08, 86, 1451, , , 512, 4, 27, 0, 4.7, 14.9,
98327, 21.2, 28, 6.87, 0.2, 6.44, , 21.57, 14.7, 1.08, 48, , 43.5, 7.72, 18, 1.45, 15.3, 14.7, , 8.91, 86, 1451, , , 512, 4, 27, 0, 4.72, 14.9,
98495, 25.5, 28, 10.68, 0.28, 6.34, , 30.98, 14.81, 1.47, 48, , 41, 13.39, 22.7, 1.95, 22, 14.81, , 13.07, 86, 1457, , , 512, 4, 27, 0, 17, 22,
98659, 33.3, 28, 10.86, 0.28, 6.47, , 33.73, 15.62, 1.4, 48, , 42, 8.72, 28.2, 1.94, 17.6, 15.62, , 8.72, 86, 1458, , , 512, 4, 27, 0, 7.75, 17.3,
98816, 33.7, 28, 11.05, 0.29, 6.46, , 34.12, 16.08, 1.28, 48, , 42, 8.67, 28.2, 1.89, 18, 16.08, , 8.66, 86, 1467, , , 512, 4, 27, 0, 7.82, 17.3,
98980, 34.1, 28, 11.14, 0.29, 6.4, , 34.51, 15.27, 1.26, 48, , 42, 8.52, 29, 1.83, 17.6, 15.39, , 8.53, 86, 1469, , , 512, 4, 27, 0, 7.57, 17.3,
99143, 34.1, 28, 11.11, 0.29, 6.18, , 34.12, 15.04, 1.26, 48, , 42, 8.46, 29, 1.82, 17.6, 15.04, , 8.45, 86, 1471, , , 512, 4, 27, 0, 6.72, 17.3,
99311, 34.1, 28, 10.99, 0.29, 6.23, , 34.12, 14.93, 1.21, 48, , 42, 8.31, 29, 1.82, 17.3, 14.93, , 8.38, 86, 1474, , , 512, 4, 27, 0, 7.36, 16.9,
99482, 34.1, 28, 10.96, 0.29, 6.23, , 34.12, 14.59, 1.27, 48, , 42, 8.39, 28.6, 1.81, 17.6, 14.59, , 8.4, 86, 1479, , , 512, 4, 27, 0, 7.71, 17.3,
99647, 34.1, 28, 10.99, 0.29, 6.42, , 33.73, 14.59, 1.27, 49, , 42.5, 8.98, 28.6, 1.82, 17.6, 14.59, , 9.01, 86, 1479, , , 512, 4, 27, 0, 7.92, 17.3,
99813, 34.1, 28, 11.23, 0.29, 6.38, , 34.51, 14.59, 1.28, 49, , 42, 9.29, 28.6, 1.84, 18.4, 14.59, , 8.94, 86, 1484, , , 512, 4, 27, 0, 8.75, 18,
99983, 34.5, 28, 11.44, 0.3, 6.34, , 34.9, 14.59, 1.29, 49, , 42, 9.29, 29.4, 1.85, 18.4, 14.59, , 8.94, 86, 1491, , , 512, 4, 27, 0, 8.41, 18,
100148, 35.3, 28, 11.47, 0.3, 6.14, , 35.69, 14.59, 1.28, 49, , 42, 8.82, 30.2, 1.85, 18, 14.59, , 8.84, 86, 1502, , , 512, 4, 27, 0, 7.9, 17.6,
100317, 35.3, 28, 11.41, 0.3, 6.13, , 35.29, 14.59, 1.27, 49, , 42, 8.85, 29.8, 1.84, 18, 14.59, , 8.89, 86, 1508, , , 512, 4, 27, 0, 7.8, 17.6,
100518, 35.7, 28, 11.51, 0.3, 6.12, , 35.69, 14.59, 1.29, 49, , 42, 8.93, 30.2, 1.84, 18, 14.59, , 8.93, 86, 1514, , , 512, 4, 27, 0, 8.07, 17.6,
100683, 35.7, 28, 11.54, 0.3, 6.04, , 36.08, 14.59, 1.29, 50, , 42, 8.8, 30.2, 1.84, 18, 14.59, , 8.58, 86, 1516, , , 512, 4, 27, 0, 7.71, 17.6,
100848, 35.7, 28, 11.47, 0.3, 6.22, , 35.69, 14.59, 1.28, 50, , 42, 9.11, 30.2, 1.84, 18, 14.59, , 8.94, 86, 1520, , , 512, 4, 27, 0, 8.15, 17.6,
101017, 36.1, 28, 12.97, 0.32, 6.22, , 37.25, 14.47, 1.55, 50, , 41.5, 14.08, 30.6, 1.91, 21.2, 14.47, , 13.78, 86, 1530, , , 512, 4, 27, 0, 13.49, 21.6,
101189, 38.4, 28, 12.73, 0.33, 6.23, , 39.22, 14.93, 1.41, 50, , 40.5, 10.77, 32.5, 1.98, 20, 14.93, , 11.05, 86, 1541, , , 512, 4, 27, 0, 9.18, 19.2,
101353, 39.6, 28, 13.28, 0.34, 6.1, , 40, 14.7, 1.39, 50, , 40.5, 12.77, 33.3, 1.98, 20.4, 14.7, , 13.28, 86, 1546, , , 512, 4, 27, 0, 11.57, 20,
101516, 42.4, 28, 14.13, 0.37, 6.08, , 43.53, 14.7, 1.41, 50, , 38.5, 13.59, 35.7, 2.07, 22, 14.7, , 13.67, 86, 1560, , , 512, 4, 27, 0, 10.23, 21.6,
101682, 44.3, 28, 14.8, 0.38, 6.06, , 45.1, 14.7, 1.41, 51, , 36.5, 13.72, 37.3, 2.12, 22.7, 14.7, , 13.67, 86, 1568, , , 512, 4, 27, 0, 10.13, 22.4,
101848, 45.9, 28, 14.92, 0.38, 6.04, , 45.1, 14.36, 1.42, 51, , 37, 13.72, 38, 2.09, 22.7, 14.47, , 13.69, 86, 1567, , , 512, 4, 27, 0, 10.2, 22.4,
102017, 44.3, 28, 14.25, 0.36, 6, , 43.92, 14.47, 1.36, 51, , 37.5, 12.95, 37.3, 2.03, 21.6, 14.47, , 12.94, 86, 1568, , , 512, 4, 27, 0, 9.34, 21.2,
102182, 43.1, 28, 13.79, 0.35, 6.04, , 42.75, 14.36, 1.35, 51, , 38.5, 12, 36.1, 2, 21.2, 14.36, , 11.78, 87, 1575, , , 512, 4, 27, 0, 9.05, 20.8,
102348, 41.6, 28, 13.31, 0.34, 6.03, , 41.18, 14.47, 1.36, 51, , 39.5, 11.23, 34.9, 1.98, 20.8, 14.59, , 10.83, 86, 1578, , , 512, 4, 27, 0, 6.66, 20.4,
102512, 39.6, 28, 12.45, 0.33, 5.93, , 39.61, 14.47, 1.21, 52, , 40.5, 9.67, 32.9, 1.88, 19.2, 14.47, , 9.2, 87, 1578, , , 512, 4, 27, 0, 8.13, 18.8,
102684, 38.4, 28, 11.02, 0.28, 5.93, , 36.47, 14.47, 1.24, 52, , 26.5, 3.16, 32.2, 1.82, 16.1, 14.47, , 1.55, 87, 1575, , , 512, 4, 27, 0, 2.24, 14.1,
102846, 32.5, 28, 9.03, 0.24, 6.27, , 30.59, 14.36, 0.8, 52, , 29, 5.16, 27.1, 1.56, 12.9, 14.36, , 3.82, 87, 1578, , , 512, 4, 27, 0, 1.4, 12.9,
103017, 27.8, 28, 7.14, 0.2, 6.37, , 25.1, 13.78, 0.75, 52, , 26, 1.01, 23.1, 1.43, 9.8, 13.78, , 3.87, 87, 1570, , , 512, 4, 27, 0, 0.81, 9.4,
103188, 22.7, 28, 6.16, 0.17, 6.31, , 21.18, 13.44, 0.88, 52, , 25, 1.75, 19.2, 1.3, 13.7, 13.44, , 0.28, 87, 1564, , , 512, 4, 27, 0, 1.58, 13.3,
103353, 19.6, 28, 5.46, 0.15, 6.18, , 18.43, 13.44, 0.84, 52, , 32, 5.21, 16.1, 1.16, 14.1, 13.44, , 5.19, 87, 1469, , , 512, 4, 27, 0, 3.09, 13.7,
103523, 16.1, 28, 3.85, 0.11, 6.27, , 14.12, 13.9, 0.74, 52, , 27, 1.37, 13.3, 0.98, 9.8, 13.9, , 2.87, 87, 1336, , , 512, 5, 27, 0, 0.65, 9.4,
103693, 14.9, 28, 6.38, 0.18, 6.27, , 18.82, 14.01, 1.03, 52, , 40, 8.93, 12.9, 1.27, 17.3, 14.01, , 9.99, 87, 1240, , , 512, 5, 27, 0, 8.6, 17.3,
103858, 23.9, 28, 8.33, 0.21, 6.25, , 26.27, 14.01, 1.31, 52, , 37, 7.62, 19.2, 1.76, 18, 14.01, , 7.52, 87, 1238, , , 512, 5, 27, 0, 6.51, 16.5,
104028, 27.8, 28, 8.54, 0.23, 6.48, , 28.63, 14.47, 1.17, 52, , 37, 6.7, 21.6, 1.73, 16.1, 14.47, , 6.79, 87, 1166, , , 512, 5, 27, 0, 6.04, 15.7,
104198, 32.2, 28, 10.77, 0.27, 6.39, , 35.29, 14.81, 1.31, 52, , 33.5, 10.21, 23.9, 2.01, 19.2, 14.81, , 9.51, 87, 1115, , , 512, 5, 27, 0, 11.11, 18.8,
104367, 37.3, 28, 10.96, 0.28, 6.37, , 37.65, 15.16, 1.32, 52, , 34, 7.72, 27.8, 1.92, 18.8, 15.16, , 7.02, 87, 1120, , , 512, 5, 27, 0, 6.55, 17.6,
104548, 37.6, 28, 10.77, 0.28, 6.2, , 37.65, 15.62, 1.16, 52, , 33.5, 6.93, 28.2, 1.82, 16.5, 15.62, , 6.96, 87, 1121, , , 512, 5, 27, 0, 5.6, 15.7,
104717, 38, 28, 10.65, 0.29, 6.27, , 38.04, 15.5, 1.15, 52, , 33, 6.93, 28.2, 1.79, 16.1, 15.5, , 6.95, 87, 1124, , , 512, 5, 27, 0, 5.73, 15.7,
104877, 38.4, 29, 10.68, 0.29, 6.26, , 38.04, 15.27, 1.14, 52, , 33, 6.93, 28.6, 1.79, 16.1, 15.27, , 6.96, 87, 1124, , , 512, 5, 27, 0, 5.71, 15.7,
105041, 37.6, 29, 10.59, 0.29, 6.44, , 37.65, 14.93, 1.15, 52, , 33.5, 7.03, 28.2, 1.77, 16.5, 14.93, , 7.03, 87, 1130, , , 512, 5, 27, 0, 5.89, 15.7,
105218, 38.4, 29, 10.74, 0.29, 6.44, , 38.43, 14.93, 1.14, 52, , 32.5, 6.75, 28.6, 1.81, 16.1, 14.93, , 6.84, 87, 1130, , , 512, 5, 27, 0, 5.66, 15.7,
105388, 38, 29, 10.59, 0.29, 6.37, , 38.04, 14.81, 1.13, 52, , 33, 7.41, 28.6, 1.77, 16.1, 14.81, , 7.39, 87, 1128, , , 512, 5, 27, 0, 6.39, 16.1,
105567, 38, 29, 11.08, 0.29, 6.36, , 38.82, 14.7, 1.18, 53, , 33.5, 8.8, 28.6, 1.81, 16.9, 14.7, , 9.41, 87, 1129, , , 512, 5, 27, 0, 7.92, 16.5,
105754, 40.8, 29, 11.9, 0.31, 6.19, , 41.18, 14.81, 1.23, 53, , 32.5, 9.05, 30.6, 1.92, 18.8, 14.81, , 9.04, 87, 1145, , , 512, 5, 27, 0, 7.49, 18,
105922, 41.6, 29, 12.02, 0.32, 6.22, , 42.35, 14.81, 1.23, 53, , 32, 8.41, 31.4, 1.9, 18, 14.81, , 8.38, 87, 1151, , , 512, 5, 27, 0, 6.98, 17.3,
106096, 42.4, 29, 12.15, 0.32, 6.11, , 42.35, 14.81, 1.21, 53, , 32.5, 8.49, 31.8, 1.91, 17.6, 14.93, , 8.5, 87, 1151, , , 512, 5, 27, 0, 6.68, 17.3,
106261, 42.7, 29, 12.76, 0.34, 6.28, , 43.92, 14.7, 1.23, 53, , 32, 10.54, 32.2, 1.95, 18.4, 14.7, , 10.01, 87, 1154, , , 512, 5, 27, 0, 7.55, 19.2,
106430, 45.1, 29, 13.46, 0.36, 6.21, , 46.27, 14.7, 1.28, 53, , 31, 10.75, 34.1, 2.02, 19.6, 14.7, , 11.21, 87, 1161, , , 512, 5, 27, 0, 9, 19.2,
106602, 47.8, 29, 14.28, 0.38, 6.19, , 49.41, 14.81, 1.34, 53, , 29, 11.34, 36.5, 2.11, 21.2, 14.81, , 11.25, 87, 1173, , , 512, 5, 27, 0, 7.94, 20,
106767, 49.4, 29, 14.43, 0.38, 6.11, , 49.02, 14.7, 1.28, 53, , 29, 11.46, 37.6, 2.09, 20.4, 14.7, , 11.46, 87, 1185, , , 512, 5, 27, 0, 7.8, 20,
106941, 49.4, 29, 15.32, 0.41, 6.12, , 50.59, 14.59, 1.3, 54, , 29, 15.16, 37.6, 2.09, 21.2, 14.59, , 16.12, 87, 1178, , , 512, 5, 27, 0, 9.41, 20.8,
107113, 54.9, 28, 16.72, 0.44, 6.17, , 56.86, 14.7, 1.36, 54, , 24.5, 14.34, 42.4, 2.35, 23.1, 14.7, , 14.42, 87, 1186, , , 512, 5, 27, 0, 9.25, 22.7,
107289, 58, 28, 17.27, 0.45, 6.16, , 58.43, 14.36, 1.38, 54, , 23.5, 14.54, 44.3, 2.31, 23.5, 14.36, , 14.5, 87, 1182, , , 512, 5, 27, 0, 9.72, 23.1,
107457, 58.8, 28, 17.18, 0.44, 6.17, , 58.43, 14.24, 1.37, 54, , 23.5, 13.62, 44.7, 2.31, 23.1, 14.24, , 13.7, 87, 1181, , , 512, 5, 27, 0.007, 8.54, 22.7,
107630, 56.9, 28, 16.88, 0.43, 6.19, , 57.25, 14.47, 1.35, 54, , 24, 14.08, 43.1, 2.34, 23.1, 14.47, , 14.1, 87, 1180, , , 512, 5, 27, 0, 9.07, 22.4,
107797, 57.3, 28, 17, 0.43, 6.21, , 56.86, 14.47, 1.35, 54, , 24.5, 14.31, 43.5, 2.33, 23.1, 14.47, , 14.23, 87, 1185, , , 512, 5, 27, 0, 9.14, 22.7,
107967, 56.5, 28, 16.72, 0.42, 6.19, , 56.08, 14.36, 1.33, 55, , 25, 14.29, 43.1, 2.26, 23.1, 14.36, , 14.29, 87, 1181, , , 512, 5, 27, 0, 8.54, 22.7,
108138, 55.7, 28, 16.36, 0.42, 6.19, , 55.29, 14.59, 1.32, 55, , 25.5, 14.29, 42.4, 2.27, 23.1, 14.47, , 14.31, 87, 1192, , , 512, 5, 27, 0, 8.82, 22.7,
108307, 54.9, 28, 16.24, 0.42, 6.19, , 54.51, 14.59, 1.33, 55, , 26.5, 14.34, 42, 2.26, 23.1, 14.59, , 14.35, 87, 1198, , , 512, 5, 27, 0, 8.84, 22.7,
108478, 53.3, 28, 15.69, 0.37, 6.17, , 52.55, 14.47, 1.33, 55, , 27.5, 11.62, 41.2, 2.2, 23.1, 14.47, , 8.7, 87, 1201, , , 512, 5, 27, 0, 5.45, 22.7,
108641, 47.1, 28, 13.7, 0.35, 6.27, , 45.88, 14.47, 1.21, 55, , 29, 10.46, 36.1, 1.97, 19.2, 14.47, , 10.64, 87, 1198, , , 512, 5, 27, 0, 8.07, 18.8,
108814, 45.9, 28, 13.52, 0.35, 6.34, , 45.1, 14.59, 1.29, 56, , 32.5, 10.9, 35.3, 2.04, 20, 14.59, , 10.95, 87, 1211, , , 512, 5, 27, 0, 7.71, 19.6,
108982, 44.3, 28, 13.24, 0.34, 6.35, , 44.31, 14.93, 1.26, 56, , 33, 10.82, 34.1, 2.02, 20, 14.93, , 10.85, 87, 1217, , , 512, 5, 27, 0, 7.57, 19.6,
109148, 44.3, 28, 13.21, 0.34, 6.23, , 44.71, 14.7, 1.25, 56, , 33, 10.82, 34.5, 1.99, 20, 14.7, , 10.84, 87, 1220, , , 512, 5, 27, 0, 7.59, 19.6,
109318, 44.3, 28, 12.57, 0.32, 6.22, , 42.75, 14.7, 1.08, 56, , 34, 7.67, 34.5, 1.97, 16.9, 14.7, , 7.04, 87, 1221, , , 512, 5, 27, 0, 4.8, 16.5,
109488, 41.2, 28, 12.15, 0.32, 6.27, , 41.57, 14.59, 1.13, 56, , 34, 8.93, 31.8, 1.9, 18, 14.59, , 9.08, 87, 1212, , , 512, 5, 27, 0, 6.98, 17.6,
109654, 41.6, 28, 12.12, 0.31, 6.31, , 41.57, 14.47, 1.22, 56, , 34, 7.85, 32.2, 1.91, 17.6, 14.47, , 7.16, 87, 1220, , , 512, 5, 27, 0, 4.59, 17.3,
109821, 40, 28, 11.51, 0.31, 6.34, , 40, 14.47, 1.18, 56, , 34, 7.9, 31, 1.84, 16.9, 14.47, , 8.24, 87, 1218, , , 512, 5, 27, 0, 6.29, 16.5,
109994, 40, 28, 11.54, 0.31, 6.34, , 39.61, 14.36, 1.2, 57, , 34.5, 8.16, 31, 1.85, 17.3, 14.36, , 8.12, 87, 1223, , , 512, 5, 27, 0, 6.62, 16.9,
110155, 39.6, 28, 11.23, 0.3, 6.16, , 39.22, 14.47, 1.13, 57, , 34.5, 7.52, 30.6, 1.81, 16.1, 14.47, , 7.47, 87, 1221, , , 512, 5, 27, 0, 5.94, 16.1,
110322, 38.8, 28, 10.93, 0.29, 6.15, , 38.04, 14.36, 1.18, 57, , 35, 6.11, 29.8, 1.8, 16.9, 14.36, , 5.23, 87, 1223, , , 512, 5, 27, 0, 6.23, 16.1,
110495, 37.6, 28, 10.74, 0.29, 6.2, , 37.65, 14.36, 1.16, 57, , 35, 7.49, 29, 1.77, 16.9, 14.36, , 7.31, 87, 1223, , , 512, 5, 27, 0, 6.21, 16.1,
110668, 37.6, 28, 10.83, 0.29, 6.18, , 37.25, 14.36, 1.18, 57, , 35, 7.39, 29.4, 1.8, 16.5, 14.36, , 7.38, 87, 1231, , , 512, 5, 27, 0, 6.14, 16.1,
110848, 37.3, 28, 10.71, 0.29, 6.39, , 37.25, 14.47, 1.17, 57, , 35, 7.34, 29, 1.8, 16.5, 14.47, , 7.36, 87, 1232, , , 512, 5, 27, 0, 6.06, 16.1,
111023, 36.9, 28, 10.71, 0.29, 6.37, , 37.25, 14.47, 1.17, 57, , 35, 7.34, 28.6, 1.79, 16.5, 14.47, , 7.31, 87, 1235, , , 512, 5, 27, 0, 6.12, 16.1,
111196, 36.9, 28, 10.62, 0.29, 6.32, , 37.25, 14.36, 1.18, 57, , 35, 7.36, 28.6, 1.78, 16.5, 14.36, , 7.4, 87, 1236, , , 512, 5, 27, 0, 6.25, 16.1,
111368, 36.9, 28, 10.68, 0.29, 6.34, , 36.47, 14.36, 1.17, 57, , 35.5, 7.39, 28.6, 1.79, 16.5, 14.36, , 7.37, 87, 1234, , , 512, 5, 27, 0, 6.31, 16.1,
111547, 36.5, 28, 10.59, 0.29, 6.13, , 36.86, 14.47, 1.17, 58, , 35, 7.21, 28.6, 1.78, 16.5, 14.47, , 7.22, 87, 1244, , , 512, 5, 27, 0, 5.98, 16.1,
111717, 36.5, 28, 10.59, 0.29, 6.11, , 36.47, 14.47, 1.16, 58, , 35.5, 7.18, 28.6, 1.77, 16.5, 14.47, , 7.22, 87, 1239, , , 512, 5, 27, 0, 6, 16.1,
111888, 36.5, 28, 10.53, 0.29, 6.07, , 36.86, 14.47, 1.17, 58, , 35.5, 7.21, 28.6, 1.77, 16.5, 14.47, , 7.27, 87, 1243, , , 512, 5, 27, 0, 5.98, 16.1,
112055, 36.1, 28, 10.47, 0.28, 6.25, , 36.08, 14.59, 1.18, 58, , 36, 7.31, 28.2, 1.77, 16.5, 14.59, , 7.32, 87, 1246, , , 512, 5, 27, 0, 6.14, 16.1,
112222, 36.1, 28, 10.5, 0.29, 6.24, , 36.86, 14.47, 1.17, 58, , 35.5, 7.34, 28.2, 1.76, 16.5, 14.47, , 7.28, 87, 1244, , , 512, 5, 27, 0, 6.14, 16.1,
112395, 36.5, 28, 10.38, 0.28, 6.26, , 36.08, 14.47, 1.12, 58, , 35.5, 7.34, 28.2, 1.74, 16.5, 14.47, , 7.35, 87, 1256, , , 512, 5, 27, 0, 6.14, 16.1,
112557, 36.1, 29, 10.44, 0.29, 6.09, , 36.47, 14.59, 1.18, 58, , 35.5, 7.34, 28.2, 1.77, 16.5, 14.59, , 7.25, 87, 1250, , , 512, 5, 27, 0, 6.18, 16.1,
112727, 36.5, 29, 9.43, 0.27, 6.07, , 33.73, 14.59, 0.82, 58, , 35.5, 2.01, 28.6, 1.66, 10.6, 14.59, , 3.47, 87, 1246, , , 512, 5, 27, 0, 1.59, 9.8,
112898, 34.1, 29, 9.52, 0.27, 6.08, , 34.12, 14.47, 1.05, 58, , 35.5, 6.8, 26.7, 1.66, 16.1, 14.47, , 6.8, 87, 1254, , , 512, 5, 27, 0, 5.68, 15.7,
113061, 34.1, 29, 9.7, 0.27, 6.09, , 34.12, 14.36, 1.15, 58, , 35.5, 6.77, 26.7, 1.7, 16.1, 14.24, , 6.7, 87, 1251, , , 512, 5, 27, 0, 5.75, 15.7,
113235, 34.1, 29, 9.7, 0.27, 6.28, , 34.12, 14.47, 1.13, 58, , 35.5, 6.67, 26.7, 1.71, 15.7, 14.47, , 6.69, 87, 1257, , , 512, 5, 27, 0, 5.71, 15.3,
113401, 33.7, 29, 9.64, 0.27, 6.25, , 33.73, 14.47, 1.15, 58, , 35.5, 6.62, 26.7, 1.7, 16.1, 14.47, , 6.52, 87, 1256, , , 512, 5, 27, 0, 5.62, 15.3,
113568, 34.1, 29, 9.58, 0.27, 6.23, , 34.12, 14.47, 1.12, 58, , 35.5, 6.52, 26.7, 1.7, 15.7, 14.47, , 6.56, 87, 1255, , , 512, 5, 27, 0, 5.38, 15.3,
113737, 33.7, 29, 9.46, 0.26, 6.04, , 33.33, 14.59, 1.12, 59, , 36, 6.62, 26.3, 1.68, 15.7, 14.47, , 6.73, 87, 1264, , , 512, 5, 27, 0, 5.96, 15.3,
113902, 33.3, 29, 9.55, 0.27, 5.97, , 33.33, 14.59, 1.16, 59, , 36, 6.65, 26.3, 1.7, 16.1, 14.59, , 6.64, 87, 1263, , , 512, 5, 27, 0, 5.52, 15.3,
114068, 33.7, 29, 10.56, 0.28, 5.98, , 34.9, 14.7, 1.18, 59, , 36.5, 9.75, 26.7, 1.8, 20, 14.7, , 7.65, 87, 1260, , , 512, 5, 27, 0, 8.78, 20,
114234, 35.7, 29, 10.47, 0.29, 6.13, , 36.08, 15.04, 1.19, 58, , 36, 7.47, 28.2, 1.8, 16.9, 15.04, , 7.32, 87, 1262, , , 512, 5, 27, 0, 6.2, 16.5,
114401, 36.1, 29, 10.5, 0.29, 6.18, , 36.08, 15.16, 1.18, 59, , 36.5, 7.47, 28.2, 1.78, 16.5, 15.16, , 7.96, 87, 1273, , , 512, 5, 27, 0, 6.08, 16.1,
114568, 37.6, 29, 11.11, 0.3, 6.02, , 38.04, 15.04, 1.25, 59, , 36, 8.46, 29.8, 1.84, 17.6, 15.04, , 8.38, 87, 1274, , , 512, 5, 27, 0, 6.84, 17.3,
114728, 38, 29, 11.23, 0.3, 6, , 38.04, 15.04, 1.22, 59, , 36, 8.41, 30.2, 1.84, 17.6, 15.04, , 8.43, 87, 1278, , , 512, 5, 27, 0, 6.94, 17.3,
114889, 38.4, 29, 11.29, 0.3, 5.92, , 38.43, 14.81, 1.21, 59, , 36, 8.36, 30.2, 1.82, 17.6, 14.81, , 8.37, 87, 1281, , , 512, 5, 27, 0, 6.62, 17.3,
115055, 38.4, 29, 11.29, 0.3, 6, , 38.43, 14.7, 1.2, 59, , 36, 8.36, 30.6, 1.83, 17.6, 14.7, , 8.38, 87, 1280, , , 512, 5, 27, 0, 6.59, 16.9,
115222, 38.4, 29, 11.23, 0.3, 6.02, , 38.82, 14.81, 1.19, 59, , 35.5, 8.23, 30.6, 1.84, 17.3, 14.81, , 8.23, 87, 1282, , , 512, 5, 27, 0, 6.49, 16.9,
115389, 38.8, 29, 11.26, 0.3, 6.07, , 38.43, 14.93, 1.2, 59, , 36, 8.21, 30.6, 1.85, 17.3, 14.93, , 8.24, 87, 1284, , , 512, 5, 27, 0, 6.55, 16.9,
115596, 38.4, 29, 11.2, 0.3, 6.07, , 38.82, 14.59, 1.2, 59, , 35.5, 8.21, 30.6, 1.83, 17.3, 14.59, , 8.2, 87, 1282, , , 512, 5, 27, 0, 6.55, 16.9,
115762, 38.4, 29, 11.23, 0.3, 5.97, , 38.04, 14.7, 1.19, 59, , 36, 8.23, 30.6, 1.84, 17.6, 14.7, , 8.2, 87, 1279, , , 512, 5, 27, 0, 6.55, 16.9,
115929, 38.4, 29, 11.14, 0.3, 5.96, , 38.43, 14.7, 1.19, 59, , 36, 8.13, 30.6, 1.84, 17.3, 14.7, , 8.18, 87, 1284, , , 512, 5, 27, 0, 6.43, 16.9,
116089, 38, 29, 11.14, 0.3, 5.91, , 38.04, 14.59, 1.19, 59, , 36, 8.18, 30.2, 1.84, 17.3, 14.59, , 8.16, 87, 1284, , , 512, 5, 27, 0, 6.55, 16.9,
116257, 38.4, 29, 11.11, 0.3, 6, , 38.43, 14.59, 1.2, 59, , 36, 8.03, 30.6, 1.83, 17.3, 14.59, , 8.07, 87, 1286, , , 512, 5, 27, 0, 6.37, 16.9,
116423, 38, 29, 11.11, 0.3, 5.99, , 38.04, 14.59, 1.2, 59, , 36, 8.11, 30.2, 1.84, 17.3, 14.59, , 8.1, 87, 1288, , , 512, 5, 27, 0, 6.62, 16.9,
116588, 38, 29, 11.14, 0.3, 6.06, , 38.04, 14.59, 1.2, 59, , 36, 8.11, 30.2, 1.84, 17.3, 14.59, , 8.08, 87, 1284, , , 512, 5, 27, 0, 6.55, 16.9,
116748, 38, 29, 11.11, 0.3, 5.96, , 38.04, 14.59, 1.2, 59, , 36, 8.03, 30.2, 1.83, 17.3, 14.59, , 8.02, 87, 1287, , , 512, 5, 27, 0, 6.35, 16.9,
116914, 38, 29, 11.11, 0.3, 5.89, , 38.04, 14.59, 1.19, 59, , 36, 8.03, 30.2, 1.84, 17.3, 14.59, , 8.04, 87, 1289, , , 512, 5, 27, 0, 6.43, 16.9,
117077, 38, 29, 11.11, 0.3, 5.89, , 38.04, 14.47, 1.19, 59, , 36, 7.93, 30.2, 1.84, 17.3, 14.47, , 7.93, 87, 1289, , , 512, 5, 27, 0, 6.43, 16.5,
117242, 38, 29, 11.02, 0.3, 6, , 38.04, 14.59, 1.19, 60, , 36, 7.95, 30.2, 1.82, 17.3, 14.59, , 7.97, 87, 1292, , , 512, 5, 27, 0, 6.41, 16.5,
117402, 37.3, 29, 10.99, 0.3, 6.06, , 37.65, 14.59, 1.19, 59, , 36, 7.98, 29.8, 1.83, 17.3, 14.59, , 7.97, 87, 1292, , , 512, 5, 27, 0, 6.37, 16.5,
117568, 37.6, 29, 10.99, 0.3, 5.95, , 38.04, 14.59, 1.19, 59, , 36, 7.98, 29.8, 1.81, 17.3, 14.59, , 8.01, 87, 1289, , , 512, 5, 27, 0, 6.45, 16.9,
117729, 37.6, 29, 11.02, 0.3, 5.95, , 37.65, 14.47, 1.19, 60, , 36.5, 7.98, 29.8, 1.84, 17.3, 14.59, , 7.96, 87, 1294, , , 512, 5, 27, 0, 6.41, 16.9,
117894, 37.6, 29, 10.99, 0.3, 5.88, , 37.65, 14.59, 1.19, 59, , 36, 7.98, 30.2, 1.82, 17.3, 14.59, , 7.91, 87, 1289, , , 512, 5, 27, 0, 6.49, 16.9,
118058, 37.3, 29, 10.96, 0.3, 6, , 37.25, 14.59, 1.18, 60, , 36.5, 7.9, 29.8, 1.83, 17.3, 14.59, , 7.91, 87, 1294, , , 512, 5, 27, 0, 6.39, 16.5,
118229, 37.6, 29, 10.89, 0.3, 6, , 37.65, 14.47, 1.19, 60, , 36, 7.93, 29.8, 1.8, 17.3, 14.47, , 7.95, 87, 1297, , , 512, 5, 27, 0, 6.35, 16.5,
118389, 37.3, 29, 10.93, 0.3, 6.06, , 37.25, 14.47, 1.19, 60, , 36.5, 7.93, 29.8, 1.82, 17.3, 14.47, , 7.88, 87, 1292, , , 512, 5, 27, 0, 6.53, 16.5,
118549, 37.3, 29, 10.93, 0.3, 5.95, , 37.65, 14.59, 1.19, 60, , 36, 7.82, 29.8, 1.83, 17.3, 14.59, , 7.81, 87, 1293, , , 512, 5, 27, 0, 6.35, 16.5,
118714, 37.3, 29, 10.8, 0.29, 5.89, , 36.86, 14.47, 1.19, 60, , 36.5, 7.72, 29.8, 1.8, 16.9, 14.47, , 7.28, 87, 1292, , , 512, 5, 27, 0, 6.29, 16.5,
118878, 36.9, 29, 10.1, 0.27, 5.87, , 36.08, 14.59, 1.12, 60, , 36.5, 5.21, 29, 1.74, 14.5, 14.59, , 6.72, 87, 1287, , , 512, 5, 27, 0, 4.18, 13.3,
119044, 33.3, 29, 8.73, 0.25, 6.1, , 32.94, 14.36, 0.75, 60, , 33.5, 0.24, 26.3, 1.61, 9.8, 14.36, , 0.28, 87, 1287, , , 512, 5, 27, 0, 1.32, 9.4,
119213, 29.8, 29, 7.35, 0.21, 6.2, , 28.63, 14.13, 0.79, 60, , 18.5, 0.21, 23.5, 1.48, 9.8, 14.13, , 0.28, 87, 1272, , , 512, 5, 27, 0, 0.67, 9.4,
119378, 25.9, 29, 5.62, 0.17, 6.24, , 22.75, 13.78, 0.73, 60, , 16.5, 0.26, 19.6, 1.26, 9.8, 13.78, , 0.28, 87, 1276, , , 512, 5, 27, 0, 0.51, 9.4,
119543, 20.8, 29, 4.67, 0.13, 6.29, , 19.61, 13.32, 0.72, 60, , 21.5, 0.26, 16.5, 1.05, 9.8, 13.32, , 0.28, 87, 1247, , , 1024, 5, 27, 0, 0.62, 9.4,
119752, 15.7, 29, 0, 0.1, 6.19, , 13.73, 13.55, 0.72, 59, , 28, 2.06, 15.3, 0, 9.8, 13.44, , 2.58, 87, 1252, , , 1024, 5, 27, 0, 1.47, 9.4,
119923, 12.2, 29, 3.72, 0.12, 6.26, , 16.08, 14.13, 0.73, 59, , 30.5, 1.03, 9.8, 0, 10.2, 14.13, , 2.29, 87, 1259, , , 1024, 5, 27, 0, 0.64, 9.8,
120089, 15.3, 29, 0, 0.11, 6.42, , 15.29, 15.5, 0.78, 59, , 31.5, 2.44, 11.8, 0, 11.8, 15.39, , 2.45, 87, 1246, , , 1024, 5, 27, 0, 1.59, 11.4,
120257, 14.9, 29, 0, 0.11, 6.41, , 14.9, 17.46, 0.81, 59, , 37, 2.34, 11.8, 0, 11.8, 17.34, , 2.3, 87, 1246, , , 1024, 5, 27, 0, 1.43, 11.4,
120428, 14.5, 29, 0, 0.11, 6.45, , 14.51, 20.1, 0.8, 59, , 37, 2.29, 11.4, 0, 11.8, 19.87, , 2.29, 87, 1240, , , 1024, 5, 27, 0, 1.36, 11.4,
120597, 14.5, 29, 0, 0.11, 6.44, , 14.51, 22.16, 0.8, 58, , 37, 2.29, 11.4, 0, 11.8, 22.05, , 2.29, 87, 1234, , , 1024, 5, 27, 0, 1.46, 11.4,
120761, 14.5, 29, 0, 0.11, 6.47, , 14.51, 25.15, 0.81, 58, , 36.5, 2.29, 11.4, 0, 11.8, 24.81, , 2.29, 87, 1225, , , 1024, 5, 27, 0, 1.51, 11.4,
120934, 14.1, 29, 0, 0.11, 6.48, , 14.51, 27.56, 0.81, 58, , 36.5, 2.29, 11.4, 0, 11.8, 27.45, , 2.29, 87, 1221, , , 1024, 5, 27, 0, 1.47, 11.4,
121102, 14.1, 29, 0, 0.11, 6.51, , 14.12, 29.29, 0.81, 58, , 36.5, 2.85, 11, 0, 12.2, 29.29, , 2.82, 87, 1215, , , 1024, 5, 27, 0, 1.79, 11.8,
121278, 14.5, 29, 0, 0.11, 6.54, , 14.51, 29.29, 0.84, 57, , 36.5, 2.78, 11, 0, 12.2, 29.29, , 2.74, 87, 1212, , , 1024, 5, 27, 0, 1.78, 11.8,
121442, 14.5, 30, 0, 0.11, 6.54, , 14.51, 29.29, 0.83, 57, , 37, 2.72, 11.4, 0, 12.2, 29.29, , 2.7, 87, 1208, , , 1024, 5, 27, 0, 1.67, 11.8,
121614, 14.5, 30, 0, 0.11, 6.55, , 14.9, 29.29, 0.83, 57, , 37, 2.7, 11.4, 0, 12.2, 29.29, , 2.69, 87, 1201, , , 1024, 5, 27, 0, 1.66, 11.8,
121783, 14.9, 30, 0, 0.11, 6.55, , 14.9, 29.29, 0.83, 57, , 37, 2.67, 11.4, 0, 12.2, 29.29, , 2.65, 87, 1198, , , 1024, 5, 27, 0, 1.66, 11.8,
121949, 14.9, 30, 0, 0.11, 0, , 14.9, 29.29, 0.82, 56, , 37, 2.6, 11.4, 0, 12.2, 29.29, , 2.61, 87, 1191, , , 1024, 5, 27, 0, 1.65, 11.8,
122122, 14.9, 30, 0, 0.11, 0.02, , 14.9, 29.29, 0.82, 56, , 37, 2.54, 11.4, 0, 12.2, 29.29, , 2.56, 87, 1186, , , 1024, 5, 27, 0, 1.63, 11.4,
122295, 14.9, 30, 0, 0.11, 0.02, , 14.9, 29.29, 0.82, 56, , 37, 2.52, 11.4, 0, 12.2, 29.29, , 2.52, 87, 1180, , , 1024, 5, 27, 0, 1.65, 11.4,
122458, 14.9, 30, 0, 0.11, 0.01, , 14.9, 29.29, 0.83, 56, , 37, 2.47, 11.4, 0, 12.2, 29.29, , 2.47, 87, 1177, , , 1024, 5, 27, 0, 1.66, 11.4,
122628, 14.9, 30, 0, 0.11, 0.02, , 14.9, 29.29, 0.82, 55, , 37, 2.44, 11.4, 0, 12.2, 29.29, , 2.44, 87, 1172, , , 1024, 5, 27, 0, 1.65, 11.4,
122798, 14.9, 30, 0, 0.11, 0.01, , 14.9, 29.29, 0.82, 55, , 37, 2.42, 11.4, 0, 11.8, 29.29, , 2.42, 87, 1167, , , 1024, 5, 27, 0, 1.54, 11.4,
122962, 14.9, 30, 0, 0.11, 0.02, , 14.9, 29.29, 0.81, 55, , 36.5, 2.42, 11.4, 0, 11.8, 29.29, , 2.42, 87, 1162, , , 1024, 5, 27, 0, 1.44, 11.4,
123134, 14.9, 30, 0, 0.11, 0.01, , 14.9, 29.29, 0.81, 55, , 36.5, 2.42, 11.4, 0, 11.8, 29.29, , 2.41, 87, 1155, , , 1024, 5, 27, 0, 1.55, 11.4,
123310, 14.9, 30, 0, 0.11, 0.02, , 14.9, 29.29, 0.82, 55, , 36.5, 2.37, 11.4, 0, 11.8, 29.29, , 2.36, 87, 1150, , , 1024, 5, 27, 0, 1.58, 11.4,
123478, 14.9, 30, 9.64, 0.22, 0.02, , 21.57, 29.29, 0.86, 54, , 32.5, 12.52, 13.3, 1.97, 22.4, 29.29, , 12.86, 87, 1185, , , 256, 5, 27, 0, 15.98, 22,
123642, 33.3, 30, 13.92, 0.31, 0.01, , 36.86, 29.29, 1.61, 54, , 22, 13.29, 25.9, 2.6, 22, 29.29, , 13.37, 87, 1210, , , 256, 5, 27, 0, 16.12, 21.6,
123814, 41.6, 30, 15.62, 0.34, 0.02, , 44.31, 24.12, 1.65, 54, , 26.5, 14.08, 32.5, 2.42, 22.4, 24.92, , 14.29, 87, 1197, , , 256, 5, 27, 0, 13.16, 22,
123982, 48.2, 30, 17.09, 0.39, 0.02, , 50.2, 16.19, 1.5, 54, , 27.5, 14.41, 36.9, 2.52, 23.9, 16.19, , 14.5, 86, 1203, , , 256, 5, 27, 0, 10.64, 23.1,
124148, 51.4, 29, 17.46, 0.39, 0.02, , 51.37, 14.59, 1.4, 54, , 26.5, 14.39, 39.6, 2.46, 23.5, 14.59, , 14.37, 86, 1194, , , 256, 5, 27, 0, 9.37, 22.7,
124317, 51.4, 29, 17.55, 0.39, 0.02, , 51.76, 14.01, 1.36, 55, , 26.5, 13.88, 39.2, 2.46, 23.1, 14.01, , 13.77, 86, 1184, , , 256, 5, 27, 0, 9.37, 22.4,
124482, 51.4, 29, 17.18, 0.39, 0.01, , 51.76, 13.67, 1.29, 54, , 26, 12.95, 38.8, 2.41, 22, 13.67, , 12.85, 86, 1178, , , 256, 5, 27, 0, 9.05, 21.6,
124648, 51.4, 29, 17.03, 0.39, 0.02, , 51.37, 13.21, 1.34, 55, , 26, 12.72, 39.2, 2.41, 22, 13.21, , 12.61, 86, 1178, , , 512, 5, 27, 0, 8.62, 21.2,
124817, 51, 29, 16.94, 0.39, 0.02, , 50.98, 13.09, 1.34, 55, , 26, 12.57, 38.8, 2.38, 21.6, 13.09, , 12.64, 86, 1188, , , 512, 5, 27, 0, 8.89, 21.2,
124989, 50.6, 29, 17.12, 0.38, 0.02, , 50.59, 13.21, 1.33, 55, , 26.5, 12.64, 38.8, 2.41, 21.6, 13.21, , 12.69, 86, 1186, , , 512, 5, 27, 0, 8.93, 21.2,
125148, 51, 29, 15.56, 0.39, 0.01, , 50.98, 13.09, 1.33, 55, , 28.5, 12.7, 38.8, 2.2, 21.6, 13.21, , 12.73, 86, 1186, , , 512, 5, 27, 0, 8.75, 21.2,
125318, 51, 29, 15.59, 0.39, 0.01, , 50.98, 13.44, 1.32, 55, , 28.5, 12.75, 38.8, 2.24, 22, 13.32, , 12.66, 86, 1188, , , 256, 5, 27, 0, 8.56, 21.2,
125484, 50.6, 29, 15.5, 0.38, 0.03, , 50.59, 13.9, 1.33, 55, , 28.5, 12.49, 38.8, 2.23, 21.6, 13.9, , 12.56, 86, 1193, , , 256, 5, 27, 0, 8.62, 21.2,
125649, 50.6, 28, 15.41, 0.37, 0.03, , 49.8, 14.01, 1.33, 55, , 24.5, 11.85, 38.4, 2.18, 21.6, 14.01, , 10.97, 86, 1192, , , 512, 5, 27, 0, 4.29, 20.8,
125810, 45.9, 28, 12.24, 0.3, 0.02, , 41.96, 14.01, 1.05, 55, , 17.5, 2.85, 34.9, 1.84, 13.7, 14.01, , 2, 86, 1168, , , 512, 5, 27, 0, 2.74, 13.3,
125970, 38, 28, 10.47, 0.27, 0.01, , 38.04, 13.9, 0.75, 55, , 5.5, 0.24, 29, 1.66, 9.8, 13.9, , 0.28, 86, 1169, , , 512, 5, 27, 0, 0.67, 9.4,
126130, 34.5, 28, 8.21, 0.21, 0.01, , 30.2, 13.67, 0.73, 55, , 2, 0.24, 26.3, 1.49, 9.8, 13.67, , 0.28, 86, 1171, , , 256, 5, 27, 0, 0.6, 9.4,
126293, 26.7, 29, 6.16, 0.17, 0.02, , 23.53, 13.32, 0.72, 55, , 11.5, 0.26, 19.6, 1.23, 9.8, 13.32, , 0.28, 86, 1167, , , 1024, 5, 27, 0, 0.5, 9.4,
126453, 21.2, 29, 5.19, 0.16, 0.01, , 23.53, 13.21, 0.71, 54, , 16, 0.26, 16.1, 1.12, 9.8, 13.21, , 0.28, 86, 1175, , , 1024, 5, 27, 0, 0.49, 9.4,
126618, 16.9, 29, 4.3, 0.14, 0.02, , 20.39, 13.44, 0.72, 54, , 20, 0.26, 16.5, 0, 9.8, 13.44, , 0.28, 86, 1166, , , 1024, 5, 27, 0, 0.56, 9.4,
126781, 18, 29, 0, 0.12, 0.02, , 17.25, 14.36, 0.73, 54, , 39, 0.85, 13.7, 0, 11, 14.36, , 0.98, 86, 1153, , , 1024, 5, 27, 0, 0.78, 10.2,
126942, 16.1, 29, 0, 0.12, 0.01, , 16.08, 15.73, 0.8, 54, , 38, 2.31, 12.2, 0, 11.8, 15.62, , 2.3, 86, 1150, , , 1024, 5, 27, 0, 1.39, 11.4,
127102, 15.7, 29, 0, 0.11, 0.01, , 15.69, 17.57, 0.8, 54, , 37.5, 2.31, 11.8, 0, 11.8, 17.34, , 2.31, 86, 1144, , , 1024, 5, 27, 0, 1.44, 11.4,
127263, 15.3, 29, 0, 0.11, 0.02, , 15.29, 19.64, 0.81, 54, , 37, 2.31, 11.4, 0, 11.8, 19.41, , 2.28, 86, 1138, , , 1024, 5, 27, 0, 1.58, 11.4,
127423, 15.3, 29, 0, 0.11, 0.01, , 15.29, 21.48, 0.81, 53, , 37, 2.29, 11.4, 0, 11.8, 21.25, , 2.29, 86, 1132, , , 1024, 5, 27, 0, 1.48, 11.4,
127593, 15.3, 29, 0, 0.11, 0.01, , 14.9, 24.58, 0.8, 53, , 36.5, 2.29, 11.4, 0, 11.8, 24.46, , 2.31, 86, 1128, , , 1024, 5, 27, 0, 1.42, 11.4,
127753, 15.3, 29, 0, 0.11, 0.02, , 14.9, 26.41, 0.81, 53, , 36.5, 2.29, 11.4, 0, 11.8, 26.64, , 2.3, 86, 1121, , , 1024, 5, 27, 0, 1.51, 11.4,
127918, 14.9, 29, 0, 0.11, 0.01, , 14.9, 28.37, 0.8, 53, , 36, 2.29, 11, 0, 11.8, 28.6, , 2.26, 86, 1117, , , 1024, 5, 27, 0, 1.38, 11.4,
128089, 14.9, 29, 0, 0.11, 0.01, , 14.9, 29.29, 0.8, 52, , 36, 2.29, 11, 0, 11.8, 29.29, , 2.24, 86, 1115, , , 1024, 5, 27, 0, 1.51, 11.4,
128248, 14.9, 29, 0, 0.11, 0.02, , 14.9, 29.29, 0.81, 52, , 36, 2.21, 11, 0, 11.8, 29.29, , 2.2, 86, 1097, , , 1024, 5, 27, 0, 1.29, 11.4,
128414, 14.9, 29, 0, 0.11, 0.02, , 14.9, 29.29, 0.79, 52, , 35.5, 2.06, 11, 0, 11.8, 29.29, , 2.06, 86, 1072, , , 1024, 5, 27, 0, 1.43, 11,
128577, 14.5, 29, 0, 0.11, 0.01, , 14.51, 29.29, 0.79, 51, , 35, 2.01, 10.6, 0, 11.4, 29.29, , 2.04, 86, 1078, , , 1024, 5, 27, 0, 1.36, 11,
128738, 14.5, 29, 0, 0.11, 0.02, , 14.51, 29.29, 0.8, 51, , 35.5, 2.03, 10.6, 0, 11.4, 29.29, , 2.11, 86, 1120, , , 1024, 5, 27, 0, 1.24, 11,
128903, 14.9, 29, 0, 0.11, 0.01, , 14.51, 29.29, 0.79, 50, , 36.5, 2.31, 11, 0, 11.8, 29.29, , 2.28, 86, 1180, , , 1024, 5, 27, 0, 1.42, 11.4,
129074, 14.9, 29, 0, 0.12, 0, , 14.9, 29.29, 0.81, 50, , 37.5, 2.54, 11.4, 0, 12.2, 29.29, , 2.66, 86, 1266, , , 1024, 4, 27, 0, 1.57, 11.4,
129233, 14.9, 29, 0, 0.12, 0.01, , 15.29, 29.29, 0.83, 50, , 39.5, 3.01, 12.2, 0, 12.2, 29.29, , 2.64, 86, 1360, , , 1024, 4, 27, 0, 1.77, 11.8,
129393, 14.9, 30, 0, 0.12, 0.01, , 15.29, 29.29, 0.84, 49, , 40, 3.26, 12.5, 0, 12.5, 29.29, , 3.29, 86, 1412, , , 1024, 4, 27, 0, 2.1, 12.2,
129555, 15.3, 30, 0, 0.12, 0.01, , 14.9, 29.29, 0.86, 49, , 40, 3.26, 12.5, 0, 12.5, 29.29, , 3.15, 86, 1398, , , 1024, 4, 27, 0, 2.07, 12.2,
129714, 14.9, 30, 0, 0.12, 0.01, , 14.9, 29.29, 0.86, 48, , 39.5, 3.03, 12.5, 0, 12.5, 29.29, , 3.04, 86, 1380, , , 1024, 4, 27, 0, 2.05, 12.2,
129878, 14.9, 30, 0, 0.12, 0.02, , 14.9, 29.29, 0.85, 48, , 39.5, 3.03, 12.2, 0, 12.5, 29.29, , 3.02, 86, 1362, , , 1024, 4, 27, 0, 1.99, 11.8,
130039, 14.9, 30, 0, 0.12, 0.01, , 14.9, 29.29, 0.85, 47, , 39.5, 2.96, 12.2, 0, 12.5, 29.29, , 2.96, 86, 1346, , , 1024, 4, 27, 0, 1.93, 11.8,
130203, 14.5, 30, 0, 0.12, 0.02, , 14.51, 29.29, 0.85, 46, , 39, 2.96, 12.2, 0, 12.5, 29.29, , 2.95, 86, 1336, , , 1024, 4, 27, 0, 1.85, 11.8,
130363, 14.5, 30, 0, 0.12, 0.01, , 14.51, 29.29, 0.85, 46, , 38.5, 2.93, 11.8, 0, 12.5, 29.29, , 2.93, 86, 1322, , , 1024, 4, 27, 0, 1.85, 11.8,
130529, 14.5, 30, 0, 0.12, 0.02, , 14.51, 29.29, 0.85, 45, , 38.5, 2.96, 11.8, 0, 12.5, 29.29, , 2.93, 86, 1312, , , 1024, 4, 27, 0, 1.94, 11.8,
130689, 14.5, 30, 0, 0.12, 0.02, , 14.9, 29.29, 0.84, 44, , 38.5, 2.9, 11.8, 0, 12.5, 29.29, , 2.89, 86, 1295, , , 1024, 4, 27, 0, 1.79, 11.8,
130853, 14.9, 30, 0, 0.12, 0.02, , 14.9, 29.29, 0.85, 44, , 38.5, 2.83, 11.8, 0, 12.5, 29.29, , 2.84, 86, 1273, , , 1024, 4, 27, 0, 1.83, 11.8,
131014, 14.9, 30, 0, 0.12, 0.01, , 14.9, 29.29, 0.84, 42, , 38, 2.75, 11.8, 0, 12.2, 29.29, , 2.77, 86, 1244, , , 1024, 4, 27, 0, 1.75, 11.8,
131173, 14.9, 30, 0, 0.11, 0.03, , 14.9, 29.29, 0.83, 41, , 38, 2.67, 11.8, 0, 12.2, 29.29, , 2.67, 86, 1217, , , 1024, 4, 27, 0, 1.69, 11.8,
131338, 14.9, 30, 0, 0.11, 0.03, , 14.9, 29.29, 0.83, 40, , 37.5, 2.57, 11.4, 0, 12.2, 29.29, , 2.6, 86, 1189, , , 1024, 4, 27, 0, 1.56, 11.4,
131499, 14.9, 30, 0, 0.11, 0.02, , 14.9, 29.29, 0.82, 39, , 37, 2.52, 11.4, 0, 12.2, 29.29, , 2.51, 86, 1170, , , 1024, 4, 27, 0, 1.55, 11.4,
131658, 14.9, 30, 0, 0.11, 0.01, , 14.9, 29.29, 0.81, 38, , 36.5, 2.44, 11.4, 0, 12.2, 29.29, , 2.44, 86, 1138, , , 1024, 4, 27, 0, 1.56, 11.4,
131818, 14.9, 30, 0, 0.11, 0.01, , 14.9, 29.29, 0.82, 37, , 36, 2.34, 11, 0, 11.8, 29.29, , 2.32, 86, 1098, , , 1024, 4, 27, 0, 1.56, 11.4,
131977, 14.9, 30, 0, 0.11, 0.01, , 14.9, 29.29, 0.8, 36, , 35.5, 2.19, 11, 0, 11.8, 29.29, , 2.17, 86, 1072, , , 1024, 4, 27, 0, 1.42, 11.4,
132138, 14.5, 30, 0, 0.11, 0.01, , 14.51, 29.29, 0.8, 34, , 36, 2.13, 10.6, 0, 11.8, 29.29, , 2.17, 86, 1111, , , 1024, 4, 27, 0, 1.27, 11,
132303, 14.5, 30, 0, 0.11, 0, , 14.51, 29.29, 0.79, 33, , 36.5, 2.44, 11, 0, 11.8, 29.29, , 2.39, 86, 1164, , , 1024, 4, 27, 0, 1.43, 11.4,
132463, 14.9, 30, 0, 0.12, 0.01, , 14.9, 29.29, 0.82, 32, , 38, 2.67, 11.4, 0, 12.2, 29.29, , 2.63, 86, 1240, , , 1024, 3, 27, 0, 1.66, 11.4,
132624, 15.3, 30, 0, 0.12, 0.02, , 15.29, 29.29, 0.83, 31, , 38.5, 2.78, 12.2, 0, 12.2, 29.29, , 2.79, 86, 1262, , , 1024, 3, 27, 0, 1.66, 11.8,
132782, 15.3, 30, 0, 0.12, 0, , 15.29, 29.29, 0.83, 31, , 39, 2.83, 12.2, 0, 12.2, 29.29, , 2.84, 86, 1287, , , 1024, 3, 27, 0, 1.82, 11.8,
132943, 15.3, 30, 0, 0.12, 6.55, , 15.29, 29.29, 0.84, 30, , 39, 2.88, 12.2, 0, 12.5, 29.29, , 2.8, 86, 1251, , , 1024, 3, 27, 0, 1.78, 11.8,
133104, 15.3, 30, 0, 0.12, 0.02, , 15.29, 29.29, 0.84, 30, , 38.5, 2.62, 11.8, 0, 12.2, 29.29, , 2.62, 86, 1214, , , 1024, 3, 27, 0, 1.7, 11.8,
133268, 15.3, 30, 0, 0.11, 0.03, , 15.29, 29.29, 0.82, 29, , 37.5, 2.54, 11.8, 0, 12.2, 29.29, , 2.53, 86, 1192, , , 1024, 3, 27, 0, 1.56, 11.4,
133428, 14.9, 30, 0, 0.11, 0.02, , 14.9, 29.29, 0.82, 29, , 37.5, 2.49, 11.4, 0, 12.2, 29.29, , 2.47, 86, 1184, , , 1024, 3, 27, 0, 1.59, 11.4,
133589, 14.9, 30, 0, 0.11, 0.01, , 14.9, 29.29, 0.82, 28, , 37, 2.42, 11.4, 0, 11.8, 29.29, , 2.42, 86, 1180, , , 1024, 3, 27, 0, 1.48, 11.4,
133754, 14.9, 30, 0, 0.11, 0.01, , 14.9, 29.29, 0.81, 28, , 37, 2.42, 11.4, 0, 11.8, 29.29, , 2.45, 86, 1174, , , 1024, 3, 27, 0, 1.52, 11.4,
133913, 14.9, 30, 0, 0.11, 0.02, , 14.9, 29.29, 0.81, 28, , 37, 2.44, 11.4, 0, 11.8, 29.29, , 2.48, 86, 1178, , , 1024, 3, 27, 0, 1.52, 11.4,
134077, 14.9, 30, 0, 0.11, 0.01, , 14.9, 29.29, 0.82, 27, , 37, 2.47, 11.4, 0, 11.8, 29.29, , 2.46, 86, 1175, , , 1024, 3, 27, 0, 1.59, 11.4,
134239, 14.9, 30, 0, 0.11, 0.02, , 14.9, 29.29, 0.82, 27, , 37, 2.47, 11.4, 0, 12.2, 29.29, , 2.44, 86, 1173, , , 1024, 3, 27, 0, 1.55, 11.4,
134404, 14.9, 30, 0, 0.11, 0.01, , 14.9, 29.29, 0.82, 27, , 37, 2.47, 11.4, 0, 11.8, 29.29, , 2.44, 86, 1171, , , 1024, 3, 27, 0, 1.51, 11.4,
134564, 14.9, 30, 0, 0.11, 0.02, , 14.9, 29.29, 0.81, 27, , 37, 2.44, 11.4, 0, 11.8, 29.29, , 2.42, 86, 1165, , , 1024, 3, 27, 0, 1.47, 11.4,
134729, 15.3, 30, 6.53, 0.14, 0, , 14.9, 29.29, 1.29, 27, , 33, 9.64, 11.4, 1.38, 18, 29.29, , 6.46, 86, 1204, , , 256, 3, 27, 0, 7.99, 18,
134888, 19.6, 30, 9.43, 0.23, 0.01, , 25.49, 29.29, 1.25, 26, , 33.5, 9.93, 15.7, 1.85, 19.6, 29.29, , 8.58, 86, 1174, , , 256, 3, 27, 0, 11.27, 20,
135049, 33.3, 30, 15.23, 0.35, 0.02, , 42.75, 29.29, 1.67, 26, , 28, 15.34, 25.1, 2.83, 23.1, 29.29, , 15.72, 86, 1204, , , 256, 3, 27, 0, 19.44, 22.7,
135214, 49.8, 30, 20.42, 0.53, 0.02, , 59.61, 18.15, 1.76, 26, , 23, 14.8, 41.6, 2.84, 23.1, 18.38, , 15.84, 86, 1402, , , 256, 3, 27, 0, 13.4, 22.4,
135372, 67.1, 30, 24.72, 0.62, 0.01, , 73.73, 13.44, 1.77, 27, , 13, 21.36, 59.2, 3.13, 30.2, 13.55, , 21.12, 86, 1542, , , 256, 3, 27, 0.004, 18.99, 29.8,
135538, 74.5, 30, 26.67, 0.61, 0.02, , 73.73, 13.09, 1.75, 27, , 14, 21.95, 62, 3.28, 30.6, 12.98, , 21.96, 86, 1582, , , 512, 3, 27, 0.013, 17.71, 30.2,
135697, 72.5, 29, 26, 0.59, 6.4, , 71.37, 13.21, 1.7, 28, , 15.5, 20.9, 60, 3.23, 29.8, 13.21, , 20.92, 86, 1569, , , 512, 3, 27, 0.02, 16.68, 29.4,
135862, 71.8, 29, 24.35, 0.63, 6.43, , 73.73, 13.21, 1.71, 28, , 13, 23.59, 60, 3.06, 30.6, 13.21, , 22.97, 86, 1558, , , 512, 3, 27, 0.028, 19.4, 31.4,
136023, 77.3, 29, 25.24, 0.66, 6.45, , 78.43, 14.01, 1.76, 29, , 10.5, 24.56, 64.3, 3.11, 32.9, 14.01, , 24.5, 86, 1576, , , 512, 3, 27, 0.036, 19.36, 32.5,
136188, 81.2, 29, 28.72, 0.78, 6.49, , 89.02, 14.36, 1.7, 30, , 7, 26.64, 67.5, 3.3, 34.9, 14.36, , 26.6, 86, 1617, , , 512, 3, 27, 0.045, 23.86, 34.5,
136355, 96.5, 28, 30.27, 0.79, 6.45, , 97.25, 14.36, 1.89, 31, , 5, 27.28, 79.6, 3.52, 35.3, 14.36, , 27.29, 86, 1668, , , 512, 3, 27, 0.053, 26.48, 35.3,
136514, 96.9, 28, 30.36, 0.79, 6.46, , 96.47, 14.47, 1.96, 31, , 5, 28.67, 78.8, 3.49, 36.5, 14.47, , 28.6, 86, 1661, , , 512, 3, 27, 0.06, 20.61, 36.5,
136677, 96.9, 28, 30.36, 0.79, 6.45, , 97.25, 14.59, 1.97, 32, , 5.5, 29.85, 79.2, 3.52, 37.6, 14.59, , 29.92, 86, 1688, , , 512, 3, 27, 0.066, 21.17, 37.6,
136839, 97.6, 28, 30.3, 0.79, 6.44, , 97.65, 14.81, 2.07, 32, , 5.5, 31.13, 79.2, 3.5, 39.2, 14.81, , 31.1, 86, 1702, , , 512, 3, 27, 0.073, 25.49, 38.8,
137004, 98, 27, 30.36, 0.79, 6.46, , 98.04, 14.93, 1.94, 33, , 5.5, 32.33, 79.2, 3.49, 40, 14.81, , 32.29, 86, 1731, , , 512, 3, 27, 0.079, 19.75, 40,
137176, 98.4, 27, 30.52, 0.79, 6.49, , 98.43, 14.93, 2.05, 34, , 5.5, 33.51, 79.2, 3.55, 41.2, 14.93, , 33.49, 86, 1769, , , 512, 3, 27, 0.085, 32.21, 41.2,
137343, 98.4, 27, 30.79, 0.8, 6.44, , 98.43, 15.04, 2.17, 35, , 5.5, 34.51, 80.4, 3.55, 42.4, 15.04, , 34.38, 86, 1785, , , 512, 3, 27, 0.091, 34.47, 42,
137508, 97.6, 27, 31.16, 0.82, 6.42, , 98.43, 15.04, 2.16, 35, , 6, 35.15, 81.2, 3.57, 43.1, 15.04, , 35.21, 86, 1819, , , 512, 3, 26, 0.098, 36.03, 42.7,
137677, 98.8, 26, 31.77, 0.82, 6.47, , 98.82, 14.93, 2.19, 36, , 5.5, 36.25, 82.4, 3.62, 43.9, 14.93, , 36.18, 86, 1842, , , 512, 3, 26, -0.154, 35.52, 43.9,
137839, 98.8, 26, 32.26, 0.83, 6.51, , 98.82, 14.7, 2.08, 37, , 5.5, 36.87, 83.1, 3.67, 44.7, 14.7, , 36.77, 86, 1870, , , 512, 3, 26, -0.154, 25.53, 44.7,
138009, 98, 26, 31.89, 0.81, 6.52, , 96.86, 14.47, 1.94, 38, , 4.5, 31.18, 83.1, 3.66, 40.8, 14.47, , 31.19, 86, 1884, , , 512, 3, 26, -0.154, 31, 40,
138174, 94.9, 25, 31.16, 0.79, 6.52, , 94.12, 14.36, 2.1, 39, , 5, 27.41, 80.8, 3.59, 36.1, 14.36, , 27.37, 86, 1881, , , 512, 3, 25, -0.154, 28.6, 35.7,
138337, 93.3, 25, 30.36, 0.77, 6.48, , 91.76, 14.01, 2.05, 39, , 5.5, 25.56, 78.8, 3.48, 34.1, 14.01, , 25.58, 86, 1906, , , 512, 3, 25, -0.154, 29.23, 33.7,
138510, 90.2, 25, 29.69, 0.76, 6.48, , 90.2, 14.13, 2.04, 40, , 6.5, 24.03, 77.3, 3.36, 32.9, 14.13, , 24.17, 86, 1908, , , 512, 3, 25, -0.154, 26.44, 32.5,
138673, 88.6, 25, 29.05, 0.73, 6.44, , 86.67, 14.13, 2.03, 41, , 5.5, 23, 76.9, 3.29, 32.2, 14.13, , 22.49, 86, 1930, , , 512, 3, 25, -0.154, 25.89, 31.8,
138838, 85.1, 25, 27.71, 0.71, 6.53, , 83.53, 14.24, 1.96, 42, , 7.5, 21.69, 72.9, 3.15, 30.6, 14.13, , 21.62, 85, 1926, , , 512, 3, 25, -0.154, 27.88, 30.2,
139008, 83.5, 24, 27.5, 0.72, 6.4, , 83.14, 14.13, 2, 42, , 8, 21.74, 72.2, 3.06, 30.2, 14.13, , 21.73, 85, 1962, , , 512, 3, 24, -0.154, 25.09, 29.8,
139174, 82.4, 24, 26.95, 0.7, 6.33, , 81.57, 14.24, 1.95, 43, , 8.5, 21.38, 71.8, 3.02, 30.2, 14.36, , 21.4, 85, 1984, , , 512, 3, 24, -0.154, 25.67, 29.8,
139334, 80.8, 24, 26.43, 0.69, 6.25, , 80.39, 14.59, 1.99, 43, , 9, 20.77, 69.8, 2.95, 29.8, 14.59, , 20.83, 85, 1998, , , 512, 3, 24, -0.154, 27.45, 29,
139493, 79.6, 24, 27.07, 0.74, 6.2, , 83.53, 14.47, 1.93, 44, , 8.5, 22.49, 69.8, 2.95, 30.6, 14.47, , 23, 85, 2001, , , 512, 3, 24, -0.112, 27.45, 30.2,
139656, 89.8, 24, 30.58, 0.82, 6.26, , 94.12, 14.59, 2.17, 44, , 1, 27.28, 79.2, 3.23, 34.5, 14.7, , 27.02, 85, 2005, , , 512, 3, 24, -0.072, 34.48, 34.5,
139813, 96.9, 24, 31.86, 0.84, 6.37, , 98.04, 14.7, 2.16, 45, , 2, 30.59, 84.3, 3.41, 38.4, 14.7, , 30.51, 85, 1891, , , 512, 3, 23, -0.028, 28.36, 38,
139974, 98.8, 23, 31.22, 0.79, 6.4, , 100, 14.7, 2.05, 45, , 1.5, 31.56, 82.7, 3.46, 39.6, 14.7, , 31.59, 85, 1708, , , 512, 4, 23, 0, 25.09, 39.2,
140133, 96.9, 23, 31.59, 0.82, 6.43, , 98.43, 14.47, 2, 46, , 5, 32.2, 80, 3.6, 40.4, 14.47, , 32.17, 85, 1524, , , 512, 4, 23, 0.001, 27.84, 40,
140296, 98.8, 23, 32.23, 0.83, 6.44, , 98.82, 14.24, 1.92, 47, , 4, 32.23, 83.1, 3.84, 40.4, 14.36, , 32.23, 85, 1496, , , 512, 4, 23, 0.009, 23.14, 40,
140454, 99.2, 23, 32.2, 0.83, 6.49, , 99.22, 14.36, 1.9, 47, , 4, 32.84, 83.5, 3.84, 40.8, 14.36, , 32.81, 85, 1520, , , 512, 4, 23, 0.017, 23.14, 40.4,
140613, 99.2, 23, 32.14, 0.83, 6.49, , 99.22, 14.24, 1.87, 47, , 4, 33.66, 83.1, 3.75, 41.6, 14.24, , 33.65, 85, 1528, , , 512, 4, 23, 0.026, 17.79, 41.2,
140809, 99.2, 23, 31.95, 0.82, 6.54, , 99.22, 14.59, 1.65, 48, , 3, 32.61, 83.1, 3.73, 42.7, 14.47, , 30.77, 85, 1528, , , 512, 4, 23, 0, 18.51, 42.4,
140969, 97.6, 23, 31.37, 0.81, 6.5, , 97.25, 14.59, 1.84, 48, , 3, 27.26, 82, 3.67, 36.1, 14.59, , 27.14, 85, 1509, , , 512, 4, 23, 0, 21.79, 35.7,
141128, 96.5, 23, 31.07, 0.8, 6.47, , 96.47, 14.47, 1.85, 49, , 3, 25.62, 81.2, 3.66, 34.5, 14.47, , 25.54, 85, 1515, , , 512, 4, 23, 0, 22.42, 34.1,
141290, 94.9, 23, 30.49, 0.78, 6.54, , 93.73, 14.47, 1.84, 49, , 4, 24.36, 79.6, 3.55, 32.9, 14.47, , 24.34, 85, 1526, , , 512, 4, 23, 0, 22.97, 32.5,
141453, 92.9, 22, 29.57, 0.74, 6.52, , 90.2, 14.59, 1.84, 50, , 3.5, 21.87, 77.6, 3.47, 31.8, 14.59, , 21.45, 85, 1534, , , 512, 4, 22, 0, 21.46, 31.4,
141615, 87.1, 22, 27.74, 0.71, 0.03, , 85.88, 14.59, 1.82, 50, , 5, 20.87, 72.2, 3.28, 29.4, 14.7, , 20.84, 85, 1544, , , 512, 4, 22, 0, 20.45, 29,
141773, 85.5, 22, 26.34, 0.66, 0.02, , 81.96, 15.04, 1.79, 50, , 3.5, 18.39, 71, 3.2, 29, 15.04, , 18.25, 85, 1548, , , 512, 4, 22, 0, 17.68, 28.2,
141934, 79.6, 22, 25.45, 0.65, 0.02, , 78.82, 14.7, 1.7, 51, , 6.5, 18.62, 66.3, 3.04, 27.5, 14.7, , 18.66, 85, 1564, , , 512, 4, 22, 0, 17.53, 26.7,
142093, 78.4, 22, 25.3, 0.65, 6.51, , 78.82, 14.59, 1.78, 51, , 7, 18.51, 65.1, 3.01, 27.5, 14.59, , 18.57, 85, 1578, , , 512, 4, 22, 0, 19.44, 27.1,
142254, 78.8, 22, 25.24, 0.65, 6.32, , 78.82, 14.59, 1.73, 51, , 7, 18.57, 65.1, 3.01, 27.5, 14.59, , 18.58, 85, 1579, , , 512, 4, 22, 0, 18.14, 26.7,
142419, 78.8, 22, 25.09, 0.65, 6.31, , 78.43, 14.59, 1.75, 52, , 7, 18.67, 65.1, 2.98, 27.5, 14.59, , 18.66, 85, 1594, , , 512, 4, 22, 0, 18.96, 27.1,
142579, 78.4, 22, 25.21, 0.65, 6.31, , 78.82, 14.59, 1.75, 52, , 7, 18.85, 65.1, 2.97, 27.5, 14.59, , 18.84, 85, 1607, , , 512, 4, 22, 0.001, 18.51, 27.1,
142738, 79.2, 22, 25.36, 0.65, 6.43, , 79.61, 14.47, 1.77, 52, , 7, 19.1, 65.5, 2.95, 27.8, 14.47, , 19.1, 85, 1611, , , 512, 4, 22, 0.001, 20.02, 27.5,
142899, 80, 22, 25.51, 0.65, 6.42, , 80.39, 14.59, 1.78, 53, , 7, 19.21, 65.9, 2.98, 27.8, 14.59, , 19.22, 85, 1625, , , 512, 4, 22, 0.002, 19.25, 27.5,
143064, 80, 22, 25.39, 0.65, 6.27, , 80, 14.47, 1.81, 53, , 7, 19.13, 65.9, 2.95, 27.8, 14.47, , 19.11, 85, 1627, , , 512, 4, 22, 0.002, 18.47, 27.5,
143223, 79.6, 22, 25.18, 0.64, 6.26, , 79.61, 14.59, 1.8, 54, , 7.5, 18.85, 65.5, 2.95, 27.8, 14.59, , 18.85, 85, 1646, , , 512, 4, 22, 0.002, 20.61, 27.1,
143384, 78.8, 22, 24.75, 0.64, 6.26, , 78.82, 14.47, 1.75, 54, , 8, 18.95, 64.3, 2.89, 27.5, 14.47, , 18.92, 85, 1652, , , 512, 4, 22, 0.003, 20.57, 27.1,
143544, 78.8, 22, 24.66, 0.63, 6.39, , 78.43, 14.59, 1.73, 54, , 8.5, 18.69, 64.3, 2.88, 27.5, 14.59, , 18.69, 85, 1660, , , 512, 4, 22, 0.003, 20.1, 27.1,
143704, 77.3, 22, 24.2, 0.61, 6.25, , 77.25, 14.59, 1.78, 55, , 9, 17.28, 62.7, 2.82, 26.7, 14.59, , 17.18, 85, 1661, , , 512, 4, 22, 0.003, 18.25, 26.3,
143869, 74.5, 22, 22.89, 0.58, 6.15, , 73.73, 14.59, 1.72, 55, , 13.5, 16.8, 60.8, 2.75, 25.5, 14.59, , 16.77, 85, 1684, , , 512, 4, 22, 0.003, 18, 25.1,
144030, 71, 22, 22.55, 0.55, 6.1, , 69.8, 15.27, 1.7, 55, , 16, 16.54, 57.3, 2.6, 25.5, 15.16, , 16.53, 85, 1678, , , 512, 4, 22, 0.004, 17.53, 25.1,
144189, 68.6, 22, 21.76, 0.54, 6.06, , 67.45, 14.7, 1.68, 55, , 19, 16.46, 55.3, 2.51, 25.5, 14.7, , 16.47, 85, 1700, , , 512, 4, 22, 0.005, 17.21, 24.7,
144349, 67.5, 21, 21.73, 0.54, 6.12, , 67.45, 14.59, 1.67, 56, , 19.5, 16.49, 54.1, 2.49, 25.5, 14.59, , 16.48, 85, 1712, , , 512, 4, 21, 0.007, 16.89, 24.7,
144511, 66.7, 21, 21.18, 0.52, 6.14, , 65.88, 14.47, 1.68, 56, , 21, 16.23, 53.3, 2.45, 25.1, 14.47, , 16.22, 85, 1715, , , 512, 4, 21, 0.009, 15.61, 24.7,
144670, 63.5, 21, 20.26, 0.49, 6.15, , 61.96, 14.47, 1.64, 56, , 24, 15.88, 51, 2.38, 24.7, 14.47, , 15.82, 85, 1720, , , 512, 4, 21, 0.01, 15.71, 24.3,
144833, 60.4, 21, 19.17, 0.46, 6.09, , 58.82, 14.47, 1.61, 57, , 26.5, 15.75, 48.2, 2.32, 24.7, 14.47, , 15.74, 85, 1728, , , 512, 4, 21, 0.01, 15.01, 24.3,
144994, 57.3, 21, 18.01, 0.43, 6.07, , 54.9, 14.47, 1.59, 57, , 29.5, 15.16, 45.1, 2.23, 23.9, 14.47, , 15.16, 85, 1730, , , 512, 4, 21, 0, 14.42, 23.5,
145155, 52.9, 21, 16.88, 0.4, 6.21, , 50.98, 14.47, 1.56, 57, , 33.5, 15.29, 42.4, 2.18, 23.9, 14.47, , 15.65, 85, 1727, , , 512, 4, 21, 0, 13.87, 23.5,
145314, 50.6, 21, 16.88, 0.41, 6.25, , 51.76, 14.59, 1.57, 57, , 33.5, 15.93, 40.8, 2.22, 25.1, 14.47, , 15.92, 85, 1741, , , 512, 4, 21, 0, 12.75, 24.3,
145475, 52.9, 21, 18.1, 0.45, 6.13, , 54.9, 14.24, 1.54, 57, , 10.5, 16, 42.7, 2.26, 24.7, 14.24, , 16.01, 85, 1680, , , 512, 4, 21, 0, 13.43, 24.3,
145634, 56.5, 21, 19.23, 0.49, 6.09, , 57.25, 14.13, 1.53, 57, , 8.5, 15.64, 46.3, 2.3, 24.7, 14.13, , 15.59, 85, 1580, , , 512, 4, 21, 0, 12.95, 23.9,
145794, 60, 21, 20.51, 0.51, 6.04, , 60.78, 14.24, 1.56, 58, , 6.5, 15.52, 50.2, 2.38, 24.3, 14.24, , 15.47, 85, 1487, , , 512, 5, 21, 0, 13.81, 23.9,
145953, 61.2, 21, 20.23, 0.49, 6.06, , 60.39, 14.24, 1.52, 58, , 18, 14.82, 51, 2.4, 23.9, 14.24, , 14.86, 85, 1392, , , 512, 5, 21, 0, 12.18, 23.5,
146124, 60, 21, 19.38, 0.48, 6.06, , 60, 14.59, 1.47, 58, , 20, 14.03, 49, 2.38, 23.1, 14.59, , 13.84, 85, 1344, , , 512, 5, 21, 0, 11.68, 22.7,
146284, 58.4, 21, 18.31, 0.45, 6.17, , 57.65, 14.7, 1.46, 58, , 23, 13.59, 46.7, 2.3, 22.7, 14.7, , 13.65, 85, 1283, , , 512, 5, 21, 0, 10.9, 22.4,
146444, 57.6, 21, 18.01, 0.44, 6.13, , 57.65, 14.93, 1.43, 58, , 24, 13.49, 45.5, 2.34, 22.4, 14.93, , 13.49, 86, 1278, , , 512, 5, 21, 0, 10.48, 22,
146610, 56.5, 21, 17.85, 0.45, 6.11, , 56.86, 14.59, 1.42, 59, , 24.5, 13.39, 44.3, 2.28, 22.4, 14.59, , 13.38, 86, 1266, , , 512, 5, 21, 0, 10.38, 22,
146768, 56.9, 21, 18.01, 0.45, 6.2, , 58.04, 14.7, 1.4, 59, , 24, 13.46, 45.1, 2.35, 22.4, 14.7, , 13.44, 86, 1273, , , 512, 5, 21, 0, 10.72, 22,
146928, 58, 21, 17.79, 0.45, 6.21, , 57.25, 14.59, 1.41, 59, , 24.5, 13.11, 45.5, 2.3, 22.4, 14.59, , 13.3, 86, 1282, , , 512, 5, 21, 0, 10.3, 21.6,
147094, 56.9, 21, 17.46, 0.44, 6.1, , 56.47, 14.47, 1.4, 59, , 25, 13.03, 44.3, 2.27, 22, 14.47, , 13.01, 86, 1280, , , 512, 5, 21, 0, 10.03, 21.6,
147260, 55.7, 22, 17.24, 0.43, 6.09, , 55.29, 14.47, 1.4, 59, , 26, 12.82, 44.3, 2.23, 22, 14.47, , 12.8, 86, 1284, , , 512, 5, 21, 0, 9.72, 21.6,
147420, 54.5, 22, 16.72, 0.42, 6.05, , 54.12, 14.47, 1.37, 59, , 26.5, 12.54, 43.1, 2.2, 21.6, 14.47, , 12.57, 86, 1284, , , 512, 5, 21, 0, 9.45, 21.2,
147578, 52.9, 22, 16.24, 0.41, 6.06, , 51.76, 14.59, 1.36, 59, , 28.5, 12.7, 41.6, 2.15, 22, 14.59, , 12.65, 86, 1281, , , 512, 5, 21, 0, 9.31, 21.2,
147744, 51.8, 22, 16.08, 0.41, 6.05, , 52.16, 14.59, 1.36, 60, , 28.5, 12.95, 40.8, 2.16, 22, 14.59, , 12.91, 86, 1292, , , 512, 5, 21, 0, 9.38, 21.6,
147903, 52.2, 22, 16.27, 0.41, 6.08, , 52.16, 14.47, 1.36, 60, , 28, 12.9, 41.6, 2.16, 22, 14.47, , 12.91, 86, 1296, , , 512, 5, 21, 0, 9.55, 21.6,
148064, 52.5, 22, 16.27, 0.42, 6.06, , 52.55, 14.7, 1.37, 60, , 28, 12.9, 41.6, 2.16, 22, 14.7, , 12.92, 86, 1297, , , 512, 5, 21, 0, 9.27, 21.6,
148229, 52.9, 22, 16.42, 0.42, 6.06, , 53.33, 14.59, 1.36, 60, , 27.5, 12.88, 42, 2.18, 22, 14.59, , 12.88, 86, 1304, , , 512, 5, 21, 0, 9.29, 21.6,
148394, 52.9, 22, 16.2, 0.42, 6.03, , 52.55, 14.59, 1.34, 60, , 27.5, 12.67, 42, 2.16, 21.6, 14.59, , 12.64, 86, 1300, , , 512, 5, 21, 0, 9.18, 21.2,
148553, 52.2, 22, 16.2, 0.41, 6.04, , 52.16, 14.7, 1.37, 60, , 28.5, 12.64, 41.6, 2.16, 21.6, 14.7, , 12.65, 86, 1308, , , 512, 5, 21, 0, 9.5, 21.2,
148714, 51.8, 22, 16.05, 0.41, 6.05, , 51.76, 14.59, 1.37, 60, , 28.5, 12.62, 41.2, 2.14, 21.6, 14.59, , 12.58, 86, 1310, , , 512, 5, 21, 0, 9.22, 21.2,
148873, 51.4, 22, 16.02, 0.41, 6.02, , 51.37, 14.7, 1.36, 60, , 28.5, 12.57, 41.2, 2.15, 21.6, 14.7, , 12.59, 86, 1310, , , 512, 5, 21, 0, 9.4, 21.2,
149034, 51.4, 22, 16.02, 0.41, 6.02, , 51.76, 14.59, 1.36, 61, , 28.5, 12.64, 41.2, 2.15, 21.6, 14.7, , 12.67, 86, 1318, , , 512, 5, 21, 0, 9.36, 21.2,
149193, 51.8, 22, 16.2, 0.42, 6, , 51.76, 14.59, 1.36, 61, , 28, 12.72, 41.6, 2.16, 21.6, 14.59, , 12.66, 86, 1321, , , 512, 5, 21, 0, 9.22, 21.2,
149354, 52.2, 22, 16.02, 0.41, 6, , 51.76, 14.7, 1.36, 61, , 28, 12.57, 41.6, 2.16, 21.6, 14.7, , 12.62, 86, 1320, , , 512, 5, 21, 0, 9.29, 21.2,
149514, 51, 22, 15.87, 0.4, 6, , 50.59, 14.59, 1.36, 61, , 29, 12.59, 40.8, 2.12, 21.6, 14.59, , 12.58, 86, 1323, , , 512, 5, 21, 0, 9.31, 21.2,
149674, 50.6, 22, 15.84, 0.41, 6, , 50.98, 14.7, 1.37, 61, , 29, 12.59, 40.8, 2.15, 21.6, 14.7, , 12.64, 86, 1326, , , 512, 5, 21, 0, 9.52, 21.2,
149834, 51, 22, 15.87, 0.41, 6, , 50.59, 14.7, 1.37, 61, , 29, 12.62, 40.8, 2.15, 21.6, 14.7, , 12.6, 86, 1329, , , 512, 5, 21, 0, 9.5, 21.2,
149995, 50.6, 22, 15.84, 0.41, 5.99, , 50.98, 14.7, 1.35, 61, , 29, 12.64, 40.8, 2.15, 21.6, 14.7, , 12.6, 86, 1333, , , 512, 5, 21, 0, 9.52, 21.2,
150153, 50.6, 22, 15.81, 0.41, 5.98, , 50.2, 14.59, 1.35, 61, , 29, 12.62, 40.8, 2.12, 21.6, 14.59, , 12.61, 86, 1330, , , 512, 5, 21, 0, 9.15, 21.2,
150324, 50.2, 22, 15.84, 0.41, 5.98, , 50.59, 14.81, 1.36, 61, , 29, 12.67, 40.8, 2.16, 21.6, 14.7, , 12.68, 86, 1336, , , 512, 5, 21, 0, 9.38, 21.2,
150490, 50.6, 22, 15.84, 0.41, 5.99, , 50.2, 14.59, 1.36, 62, , 29.5, 12.64, 40.8, 2.14, 21.6, 14.59, , 12.61, 86, 1337, , , 512, 5, 21, 0, 9.43, 21.2,
150658, 50.2, 22, 15.84, 0.41, 5.98, , 50.59, 14.7, 1.36, 62, , 29, 12.57, 40.8, 2.14, 21.6, 14.7, , 12.57, 86, 1335, , , 512, 5, 21, 0, 9.36, 21.2,
150821, 50.2, 22, 15.78, 0.41, 5.98, , 50.2, 14.7, 1.36, 62, , 29.5, 12.67, 40.8, 2.13, 21.6, 14.7, , 12.66, 86, 1341, , , 512, 5, 21, 0, 9.24, 21.2,
150983, 50.2, 22, 15.72, 0.4, 5.97, , 50.2, 14.59, 1.37, 62, , 29.5, 12.67, 40.8, 2.13, 21.6, 14.59, , 12.66, 86, 1342, , , 512, 5, 21, 0, 9.31, 21.2,
151144, 49.8, 22, 15.72, 0.4, 5.98, , 49.8, 14.7, 1.37, 62, , 29.5, 12.62, 40.4, 2.14, 21.6, 14.7, , 12.63, 86, 1341, , , 512, 5, 21, 0, 9.31, 21.2,
151303, 50.2, 22, 15.72, 0.4, 5.98, , 50.2, 14.7, 1.36, 62, , 29.5, 12.62, 40.8, 2.16, 21.6, 14.7, , 12.61, 86, 1344, , , 512, 5, 21, 0, 9.29, 21.2,
151469, 49.8, 22, 15.75, 0.4, 5.99, , 49.8, 14.81, 1.37, 62, , 29.5, 12.62, 40.4, 2.16, 21.6, 14.81, , 12.59, 86, 1344, , , 512, 5, 21, 0, 9.24, 21.2,
151630, 49.8, 22, 15.72, 0.4, 5.98, , 49.8, 14.59, 1.36, 62, , 29.5, 12.64, 40.4, 2.14, 21.6, 14.59, , 12.68, 86, 1350, , , 512, 5, 21, 0, 9.4, 21.2,
151790, 49.4, 22, 15.69, 0.4, 5.98, , 49.41, 14.59, 1.36, 62, , 30, 12.67, 40.4, 2.14, 21.6, 14.59, , 12.67, 86, 1350, , , 512, 5, 21, 0, 9.36, 21.2,
151950, 50.2, 22, 15.78, 0.41, 5.97, , 50.2, 14.59, 1.36, 62, , 29.5, 12.7, 40.8, 2.15, 21.6, 14.59, , 12.67, 86, 1349, , , 512, 5, 21, 0, 9.36, 21.2,
152115, 49.8, 22, 15.78, 0.41, 5.98, , 49.8, 14.7, 1.36, 62, , 29.5, 12.7, 40.4, 2.16, 21.6, 14.7, , 12.7, 86, 1352, , , 512, 5, 21, 0, 9.43, 21.2,
152274, 50.2, 22, 15.87, 0.41, 5.98, , 50.2, 14.81, 1.38, 62, , 29.5, 12.7, 40.8, 2.19, 21.6, 14.81, , 12.63, 86, 1354, , , 512, 5, 21, 0, 9.36, 21.2,
152434, 49.8, 22, 15.72, 0.41, 5.98, , 49.8, 14.7, 1.37, 62, , 29.5, 12.64, 40.4, 2.15, 21.6, 14.7, , 12.69, 86, 1355, , , 512, 5, 21, 0, 9.47, 21.2,
152593, 49.8, 22, 15.75, 0.4, 5.96, , 49.8, 14.7, 1.37, 62, , 30, 12.67, 40.4, 2.16, 21.6, 14.7, , 12.64, 86, 1356, , , 512, 5, 21, 0, 9.36, 21.2,
152754, 49.4, 22, 15.62, 0.4, 5.97, , 49.41, 14.7, 1.37, 62, , 30, 12.64, 40.4, 2.16, 21.6, 14.81, , 12.66, 86, 1356, , , 512, 5, 21, 0, 9.15, 21.2,
152914, 49.4, 22, 15.62, 0.4, 5.98, , 49.41, 14.59, 1.35, 63, , 30, 12.67, 40, 2.14, 21.6, 14.59, , 12.7, 86, 1361, , , 512, 5, 21, 0, 9.64, 21.2,
153075, 49.4, 22, 15.66, 0.4, 5.97, , 49.8, 14.59, 1.37, 63, , 30, 12.75, 40.4, 2.15, 21.6, 14.59, , 12.71, 86, 1359, , , 512, 5, 21, 0, 9.59, 21.2,
153239, 49.4, 22, 15.69, 0.4, 5.96, , 49.41, 14.59, 1.36, 63, , 30, 12.67, 40.4, 2.16, 21.6, 14.59, , 12.71, 86, 1362, , , 512, 5, 21, 0, 9.47, 21.2,
153401, 49, 22, 15.59, 0.4, 5.98, , 49.02, 14.7, 1.37, 63, , 30, 12.62, 40, 2.16, 21.6, 14.7, , 12.65, 86, 1359, , , 512, 5, 21, 0, 9.33, 21.2,
153564, 49.4, 22, 15.56, 0.4, 5.95, , 49.02, 14.7, 1.37, 63, , 30.5, 12.57, 40.4, 2.15, 21.6, 14.7, , 12.55, 86, 1365, , , 512, 5, 21, 0, 9.38, 21.2,
153724, 49, 22, 15.08, 0.38, 5.93, , 48.24, 14.59, 1.28, 63, , 30.5, 11.7, 40.4, 2.1, 20, 14.59, , 11.95, 86, 1365, , , 512, 5, 21, 0, 7.87, 19.6,
153889, 47.1, 22, 15.01, 0.38, 6.01, , 47.06, 14.59, 1.43, 63, , 32, 12.67, 38.4, 2.12, 22, 14.59, , 12.7, 86, 1350, , , 512, 5, 21, 0, 9.02, 21.2,
154049, 47.5, 22, 15.17, 0.39, 6, , 47.45, 14.81, 1.36, 63, , 32, 12.85, 38.4, 2.15, 22, 14.81, , 12.86, 86, 1362, , , 512, 5, 21, 0, 9.15, 21.2,
154209, 48.2, 22, 15.32, 0.39, 6, , 47.84, 14.59, 1.35, 63, , 31.5, 12.8, 39.6, 2.14, 22, 14.59, , 12.74, 86, 1361, , , 512, 5, 21, 0, 9.36, 21.2,
154370, 47.8, 22, 15.11, 0.39, 6, , 47.84, 14.59, 1.35, 63, , 31.5, 12.59, 38.8, 2.12, 21.6, 14.59, , 12.63, 86, 1364, , , 512, 5, 21, 0, 8.97, 21.2,
154529, 47.5, 22, 15.17, 0.39, 5.99, , 47.84, 14.59, 1.34, 63, , 32, 12.57, 38.8, 2.12, 21.6, 14.59, , 12.59, 86, 1360, , , 512, 5, 21, 0, 8.99, 21.2,
154690, 47.5, 22, 15.17, 0.39, 6.01, , 48.24, 14.59, 1.36, 63, , 31.5, 12.57, 38.8, 2.14, 21.6, 14.59, , 12.51, 86, 1361, , , 512, 5, 21, 0, 8.99, 21.2,
154855, 47.8, 22, 15.01, 0.38, 6.01, , 47.45, 14.47, 1.34, 63, , 32, 12.46, 38.4, 2.09, 21.6, 14.47, , 12.5, 86, 1356, , , 512, 5, 21, 0, 8.97, 20.8,
155014, 47.5, 22, 14.98, 0.38, 6, , 47.84, 14.7, 1.34, 63, , 32, 12.49, 38.8, 2.13, 21.6, 14.7, , 12.49, 86, 1362, , , 512, 5, 21, 0, 9.18, 21.2,
155174, 47.5, 22, 15.05, 0.39, 6, , 47.06, 14.59, 1.35, 63, , 32, 12.52, 38.8, 2.12, 21.6, 14.59, , 12.44, 86, 1359, , , 512, 5, 21, 0, 9.2, 21.2,
155334, 47.5, 22, 15.08, 0.39, 6.01, , 47.45, 14.59, 1.35, 63, , 31.5, 12.46, 38.8, 2.11, 21.6, 14.59, , 12.46, 86, 1362, , , 512, 5, 21, 0, 9.13, 20.8,
155495, 47.5, 22, 14.98, 0.38, 6.02, , 47.06, 14.59, 1.36, 63, , 32, 12.39, 38.4, 2.11, 21.6, 14.59, , 12.41, 86, 1360, , , 512, 5, 21, 0, 9.02, 20.8,
155653, 47.5, 22, 14.98, 0.39, 6.03, , 47.84, 14.59, 1.35, 63, , 32, 12.46, 38.4, 2.11, 21.6, 14.59, , 12.47, 86, 1362, , , 512, 5, 21, 0, 9.08, 20.8,
155815, 47.5, 22, 14.98, 0.38, 6.01, , 47.45, 14.59, 1.35, 63, , 32, 12.39, 38.4, 2.12, 21.6, 14.59, , 12.3, 86, 1361, , , 512, 5, 21, 0, 9.04, 20.8,
155983, 47.5, 22, 14.86, 0.38, 5.99, , 47.06, 14.59, 1.35, 63, , 32, 12.29, 38.4, 2.11, 21.2, 14.59, , 12.32, 86, 1362, , , 512, 5, 21, 0, 8.81, 20.8,
156149, 47.5, 22, 15.01, 0.39, 6, , 47.45, 14.59, 1.36, 63, , 32, 12.36, 38.8, 2.12, 21.6, 14.59, , 12.28, 86, 1360, , , 512, 5, 21, 0, 8.92, 20.8,
156308, 47.1, 22, 14.98, 0.38, 5.99, , 47.06, 14.59, 1.34, 63, , 32.5, 12.21, 38.8, 2.11, 21.2, 14.59, , 12.24, 86, 1357, , , 512, 5, 21, 0, 9.13, 20.8,
156470, 46.7, 22, 14.98, 0.39, 5.98, , 47.06, 14.59, 1.33, 63, , 32, 12.36, 38, 2.12, 21.6, 14.59, , 12.35, 86, 1359, , , 512, 5, 21, 0, 9.11, 20.8,
156634, 47.5, 22, 14.95, 0.38, 5.99, , 47.45, 14.59, 1.33, 63, , 31.5, 12.36, 38.8, 2.11, 21.6, 14.59, , 12.37, 86, 1359, , , 512, 5, 21, 0, 8.77, 20.8,
156794, 47.5, 22, 14.86, 0.38, 5.98, , 47.84, 14.59, 1.34, 63, , 32, 12.36, 38, 2.11, 21.6, 14.59, , 12.32, 86, 1353, , , 512, 5, 21, 0, 8.99, 20.8,
156953, 47.5, 21, 14.8, 0.38, 5.97, , 47.06, 14.59, 1.34, 63, , 32, 12.31, 38.4, 2.1, 21.2, 14.59, , 12.36, 86, 1356, , , 512, 5, 21, 0, 8.9, 20.8,
157118, 47.1, 21, 14.89, 0.39, 5.99, , 47.06, 14.7, 1.35, 63, , 32, 12.36, 38.4, 2.12, 21.6, 14.7, , 12.35, 86, 1355, , , 512, 5, 21, 0, 9.17, 20.8,
157284, 47.5, 21, 14.98, 0.38, 5.98, , 47.45, 14.7, 1.34, 63, , 32, 12.31, 38.4, 2.12, 21.2, 14.7, , 12.3, 86, 1358, , , 512, 5, 21, 0, 9.22, 20.8,
157443, 47.1, 21, 14.83, 0.38, 5.98, , 47.06, 14.47, 1.34, 63, , 32, 12.23, 38, 2.09, 21.2, 14.47, , 12.32, 86, 1355, , , 512, 5, 21, 0, 8.74, 20.8,
157604, 47.1, 21, 14.89, 0.38, 5.98, , 47.06, 14.59, 1.33, 62, , 32, 12.26, 38, 2.1, 21.2, 14.59, , 12.29, 86, 1352, , , 512, 5, 21, 0, 9.04, 20.8,
157763, 47.1, 21, 14.83, 0.38, 5.98, , 47.45, 14.7, 1.34, 63, , 32, 12.31, 38.4, 2.12, 21.2, 14.7, , 12.31, 86, 1356, , , 512, 5, 21, 0, 9.08, 20.8,
157923, 47.8, 21, 15.08, 0.38, 5.98, , 47.84, 14.59, 1.34, 62, , 31.5, 12.39, 38.8, 2.13, 21.6, 14.59, , 12.34, 86, 1354, , , 512, 5, 21, 0, 8.97, 20.8,
158095, 47.5, 21, 15.01, 0.39, 5.97, , 47.45, 14.59, 1.34, 62, , 31.5, 12.34, 38.8, 2.12, 21.6, 14.59, , 12.31, 86, 1354, , , 512, 5, 21, 0, 8.99, 20.8,
158261, 47.5, 21, 15.01, 0.38, 5.98, , 47.06, 14.47, 1.35, 62, , 31.5, 12.26, 38.8, 2.12, 21.2, 14.47, , 12.26, 86, 1352, , , 512, 5, 21, 0, 8.86, 20.8,
158418, 47.5, 21, 14.98, 0.39, 5.97, , 47.45, 14.7, 1.35, 62, , 31.5, 12.36, 38.4, 2.12, 21.2, 14.7, , 12.37, 86, 1356, , , 512, 5, 21, 0, 9.17, 20.8,
158585, 47.5, 21, 15.08, 0.39, 5.98, , 47.84, 14.59, 1.34, 62, , 31.5, 12.34, 38.8, 2.12, 21.6, 14.59, , 12.35, 86, 1355, , , 512, 5, 21, 0, 9.13, 20.8,
158750, 47.5, 21, 15.11, 0.39, 5.95, , 48.24, 14.59, 1.35, 62, , 31, 12.31, 38.8, 2.12, 21.2, 14.59, , 12.3, 86, 1352, , , 512, 5, 21, 0, 9.31, 20.8,
158912, 48.2, 21, 15.14, 0.39, 5.96, , 47.84, 14.59, 1.36, 62, , 31, 12.26, 39.2, 2.15, 21.2, 14.59, , 12.25, 86, 1352, , , 512, 5, 21, 0, 8.86, 20.8,
159072, 48.2, 21, 15.11, 0.39, 5.97, , 48.24, 14.47, 1.35, 62, , 31, 12.26, 39.2, 2.12, 21.2, 14.47, , 12.29, 86, 1348, , , 512, 5, 21, 0, 9.11, 20.8,
159228, 48.2, 21, 15.29, 0.39, 5.96, , 48.24, 14.59, 1.36, 62, , 31, 12.34, 39.2, 2.16, 21.6, 14.59, , 12.29, 86, 1354, , , 512, 5, 21, 0, 9.36, 20.8,
159390, 49, 21, 15.44, 0.4, 5.95, , 49.02, 14.47, 1.34, 62, , 30.5, 12.39, 39.6, 2.15, 21.6, 14.59, , 12.44, 86, 1351, , , 512, 5, 21, 0, 9.29, 20.8,
159549, 49.4, 21, 15.56, 0.4, 5.94, , 49.02, 14.47, 1.36, 62, , 30, 12.44, 40, 2.14, 21.6, 14.47, , 12.38, 86, 1349, , , 512, 5, 21, 0, 9.36, 20.8,
159721, 49, 21, 15.35, 0.39, 5.95, , 49.02, 14.59, 1.35, 62, , 30, 12.21, 40, 2.13, 21.2, 14.59, , 12.25, 86, 1348, , , 512, 5, 21, 0, 9.2, 20.8,
159880, 49, 21, 15.35, 0.39, 5.95, , 48.63, 14.47, 1.36, 62, , 30.5, 12.26, 39.6, 2.13, 21.2, 14.47, , 12.24, 86, 1344, , , 512, 5, 21, 0, 8.97, 20.8,
160038, 48.6, 21, 15.32, 0.39, 5.96, , 48.63, 14.59, 1.36, 62, , 30.5, 12.29, 39.6, 2.15, 21.2, 14.59, , 12.3, 86, 1344, , , 512, 5, 21, 0, 8.48, 20.8,
160199, 48.6, 21, 15.53, 0.4, 5.95, , 49.02, 14.59, 1.31, 62, , 30.5, 12.64, 39.2, 2.15, 22, 14.59, , 12.45, 86, 1346, , , 512, 5, 21, 0, 9.54, 21.2,
160360, 49, 21, 15.56, 0.4, 5.95, , 49.41, 14.59, 1.35, 62, , 30, 12.41, 40, 2.15, 21.6, 14.59, , 12.42, 86, 1344, , , 512, 5, 21, 0, 9.27, 20.8,
160524, 49, 21, 15.56, 0.4, 5.96, , 49.41, 14.47, 1.35, 62, , 30, 12.46, 40, 2.14, 21.6, 14.47, , 12.5, 86, 1340, , , 512, 5, 21, 0, 9.22, 20.8,
160693, 49.8, 21, 15.69, 0.4, 5.95, , 50.2, 14.47, 1.36, 62, , 29.5, 12.57, 40.4, 2.16, 21.6, 14.47, , 12.52, 86, 1347, , , 512, 5, 21, 0, 9.15, 21.2,
160859, 49.8, 21, 15.75, 0.41, 5.95, , 50.2, 14.47, 1.37, 62, , 29.5, 12.57, 40.4, 2.17, 21.6, 14.47, , 12.54, 86, 1344, , , 512, 5, 21, 0, 9.52, 21.2,
161018, 50.6, 21, 15.84, 0.41, 5.95, , 50.2, 14.47, 1.37, 62, , 29, 12.57, 40.8, 2.16, 21.6, 14.47, , 12.57, 86, 1342, , , 512, 5, 21, 0, 9.47, 21.2,
161177, 50.6, 21, 15.81, 0.41, 5.95, , 50.59, 14.47, 1.36, 62, , 29, 12.54, 40.8, 2.16, 21.6, 14.47, , 12.52, 86, 1341, , , 512, 5, 21, 0, 9.33, 21.2,
161338, 51, 21, 15.87, 0.41, 5.94, , 50.59, 14.47, 1.37, 62, , 29, 12.54, 41.2, 2.16, 21.6, 14.47, , 12.55, 86, 1340, , , 512, 5, 21, 0, 9.52, 21.2,
161499, 50.6, 21, 16.27, 0.42, 5.95, , 51.76, 14.59, 1.37, 62, , 28.5, 12.77, 40.8, 2.22, 22, 14.59, , 12.87, 86, 1343, , , 512, 5, 21, 0, 9.64, 21.2,
161658, 52.9, 21, 17.03, 0.44, 5.95, , 54.12, 14.59, 1.39, 62, , 25.5, 12.95, 43.5, 2.3, 22, 14.59, , 12.99, 86, 1344, , , 512, 5, 21, 0, 10.05, 21.6,
161824, 54.5, 21, 17.15, 0.45, 5.94, , 54.9, 14.36, 1.4, 62, , 25, 13, 43.9, 2.23, 22, 14.36, , 13.05, 86, 1342, , , 512, 5, 21, 0, 10.2, 21.6,
161990, 55.3, 21, 17.46, 0.45, 5.93, , 55.29, 14.47, 1.43, 62, , 24.5, 13.11, 44.7, 2.29, 22, 14.47, , 13.13, 86, 1346, , , 512, 5, 21, 0, 10.25, 21.6,
162153, 55.7, 21, 17.7, 0.46, 5.93, , 56.08, 14.59, 1.42, 62, , 24, 13.52, 45.1, 2.3, 22.4, 14.59, , 13.36, 86, 1343, , , 512, 5, 21, 0, 10.56, 21.6,
162314, 57.6, 21, 18.19, 0.46, 5.93, , 57.65, 14.47, 1.42, 62, , 22, 13.46, 46.7, 2.34, 22.4, 14.47, , 13.46, 86, 1349, , , 512, 5, 21, 0, 10.95, 22,
162477, 57.3, 21, 18.01, 0.46, 5.93, , 57.25, 14.59, 1.43, 62, , 22.5, 13.46, 46.7, 2.33, 22.4, 14.59, , 13.47, 86, 1343, , , 512, 5, 21, 0, 11.08, 22,
162634, 57.3, 21, 18.04, 0.46, 5.92, , 56.86, 14.59, 1.43, 62, , 22.5, 13.49, 46.7, 2.34, 22.4, 14.59, , 13.5, 86, 1346, , , 512, 5, 21, 0, 10.77, 22,
162793, 56.9, 21, 18.07, 0.46, 5.93, , 57.25, 14.47, 1.43, 62, , 22.5, 13.57, 45.9, 2.34, 22.7, 14.47, , 13.52, 86, 1344, , , 512, 5, 21, 0, 10.85, 22,
162954, 57.3, 21, 18.07, 0.46, 5.94, , 56.86, 14.47, 1.44, 62, , 23, 13.49, 46.3, 2.33, 22.4, 14.47, , 13.51, 86, 1343, , , 512, 5, 21, 0, 10.79, 22,
163125, 56.9, 21, 17.88, 0.45, 5.94, , 56.86, 14.47, 1.43, 62, , 23.5, 13.46, 45.9, 2.32, 22.4, 14.47, , 13.47, 86, 1341, , , 512, 5, 21, 0, 10.79, 22,
163289, 56.1, 21, 17.85, 0.45, 5.95, , 56.08, 14.59, 1.43, 62, , 24, 13.57, 45.5, 2.34, 22.4, 14.59, , 13.58, 86, 1346, , , 512, 5, 21, 0, 11, 22,
163454, 56.5, 21, 17.85, 0.46, 5.95, , 56.47, 14.59, 1.43, 62, , 23.5, 13.57, 45.5, 2.32, 22.4, 14.59, , 13.58, 86, 1344, , , 512, 5, 21, 0, 11.08, 22,
163614, 56.9, 21, 17.88, 0.45, 5.96, , 56.47, 14.59, 1.45, 62, , 23.5, 13.57, 45.9, 2.35, 22.4, 14.59, , 13.58, 86, 1345, , , 512, 5, 21, 0, 10.64, 22,
163780, 56.5, 21, 17.97, 0.46, 5.96, , 56.86, 14.59, 1.42, 62, , 23, 13.67, 45.5, 2.31, 22.7, 14.59, , 13.62, 86, 1348, , , 512, 5, 21, 0, 10.74, 22.4,
163940, 56.9, 21, 17.97, 0.46, 5.96, , 56.47, 14.47, 1.43, 62, , 23.5, 13.62, 46.3, 2.34, 22.7, 14.47, , 13.62, 86, 1348, , , 512, 5, 21, 0, 10.72, 22.4,
164108, 56.5, 21, 17.88, 0.46, 5.95, , 56.47, 14.47, 1.43, 62, , 24, 13.57, 45.5, 2.3, 22.4, 14.47, , 13.6, 86, 1349, , , 512, 5, 21, 0, 10.69, 22,
164275, 56.5, 21, 18.01, 0.46, 5.95, , 56.86, 14.59, 1.44, 62, , 23, 13.62, 45.9, 2.34, 22.7, 14.59, , 13.63, 86, 1350, , , 512, 5, 21, 0, 10.74, 22.4,
164444, 56.9, 21, 17.94, 0.46, 5.94, , 56.47, 14.47, 1.42, 62, , 23.5, 13.62, 46.3, 2.3, 22.7, 14.47, , 13.62, 86, 1352, , , 512, 5, 21, 0, 10.82, 22.4,
164614, 56.1, 21, 17.67, 0.46, 5.95, , 55.69, 14.7, 1.43, 62, , 24.5, 13.46, 45.5, 2.32, 22.4, 14.7, , 13.47, 86, 1346, , , 512, 5, 21, 0, 10.69, 22,
164780, 60.8, 21, 20.17, 0.54, 5.97, , 62.75, 14.59, 1.62, 62, , 18, 16.87, 50.2, 2.48, 25.1, 14.59, , 17.21, 86, 1555, , , 512, 5, 21, 0, 14.91, 24.7,
164939, 66.7, 21, 21.18, 0.51, 5.99, , 68.24, 14.24, 1.63, 62, , 17.5, 17.39, 54.9, 2.41, 25.9, 14.24, , 17.32, 86, 1806, , , 512, 4, 21, 0, 7.23, 25.5,
165103, 56.5, 21, 18.28, 0.45, 6.08, , 54.51, 14.24, 1.24, 62, , 27, 17.13, 47.5, 2.24, 25.1, 14.24, , 18.02, 86, 1894, , , 512, 4, 21, 0, 17.64, 24.7,
165263, 52.9, 21, 17.15, 0.41, 6.02, , 51.76, 14.47, 1.66, 62, , 18.5, 14.9, 45.1, 2.29, 25.9, 14.59, , 15.36, 86, 1889, , , 512, 4, 21, 0, 11, 24.3,
165424, 45.1, 21, 14.37, 0.35, 5.98, , 42.35, 14.13, 1.43, 62, , 36, 11.62, 38.4, 1.99, 21.2, 14.13, , 13.17, 86, 1896, , , 512, 4, 21, 0, 10.79, 19.6,
165589, 41.2, 21, 14.13, 0.34, 6.13, , 40.78, 14.36, 1.7, 62, , 41, 17.67, 35.3, 1.94, 24.3, 14.36, , 16.68, 86, 1886, , , 512, 4, 21, 0, 16.26, 25.1,
165749, 39.2, 21, 13.64, 0.34, 6.2, , 39.61, 14.81, 1.52, 62, , 41.5, 16.7, 33.3, 1.98, 25.5, 14.81, , 17.02, 86, 1894, , , 512, 4, 21, 0, 14.32, 25.1,
165909, 40.8, 21, 14.28, 0.36, 6.27, , 41.57, 14.47, 1.58, 62, , 40, 19.8, 34.9, 1.98, 28.2, 14.47, , 19.85, 86, 1891, , , 512, 4, 21, 0, 12.38, 27.8,
166080, 42, 21, 14.4, 0.36, 6.35, , 42.35, 14.59, 1.53, 62, , 39.5, 20.67, 35.7, 2.02, 29.4, 14.59, , 20.65, 86, 1889, , , 512, 4, 21, 0, 13.78, 28.6,
166239, 42.4, 21, 14.47, 0.36, 6.36, , 41.96, 14.47, 1.5, 62, , 39.5, 20.33, 36.1, 2.01, 29, 14.47, , 20.32, 86, 1891, , , 512, 4, 21, 0, 12.61, 28.6,
166398, 42.4, 21, 14.53, 0.36, 6.36, , 41.96, 14.36, 1.51, 63, , 39.5, 20.49, 36.1, 2.01, 29, 14.47, , 20.47, 86, 1896, , , 512, 4, 21, 0, 13.63, 28.6,
166559, 42, 20, 14.53, 0.36, 6.42, , 42.75, 14.47, 1.51, 63, , 39.5, 20.54, 36.1, 2.02, 29, 14.47, , 20.59, 86, 1894, , , 512, 4, 20, 0, 12.89, 28.6,
166729, 42.4, 20, 14.59, 0.36, 6.45, , 42.35, 14.47, 1.55, 63, , 39.5, 21.03, 36.1, 2.02, 29.4, 14.47, , 20.99, 86, 1897, , , 512, 4, 20, 0, 13.39, 29,
166889, 42.7, 20, 14.68, 0.36, 6.47, , 42.75, 14.47, 1.54, 63, , 39.5, 21.15, 36.5, 2.04, 29.8, 14.47, , 21.12, 86, 1898, , , 512, 4, 20, 0, 12.46, 29.4,
167049, 42.7, 20, 14.68, 0.36, 6.42, , 42.35, 14.36, 1.56, 63, , 39.5, 21.21, 36.5, 2.02, 29.8, 14.36, , 21.22, 86, 1902, , , 512, 4, 20, 0, 13.04, 29.4,
167214, 42.7, 20, 14.65, 0.36, 6.41, , 42.35, 14.47, 1.53, 63, , 39.5, 21.13, 36.1, 2.02, 29.8, 14.47, , 21.06, 86, 1900, , , 512, 4, 20, 0, 12.72, 29.4,
167377, 42.4, 20, 14.62, 0.36, 6.43, , 42.35, 14.59, 1.54, 63, , 39.5, 20.77, 36.1, 2.03, 29.4, 14.59, , 20.76, 86, 1907, , , 512, 4, 20, 0, 12.46, 29,
167533, 42.4, 20, 14.68, 0.36, 6.47, , 41.96, 14.47, 1.51, 63, , 39.5, 20.77, 36.1, 2.02, 29.4, 14.47, , 20.75, 86, 1907, , , 512, 4, 20, 0, 13.54, 29,
167699, 42, 20, 14.65, 0.36, 6.48, , 42.35, 14.47, 1.55, 63, , 39, 20.82, 36.1, 2.01, 29.4, 14.47, , 20.79, 86, 1904, , , 512, 4, 20, 0, 13.1, 29,
167860, 42, 20, 14.62, 0.36, 6.41, , 41.96, 14.59, 1.54, 63, , 39.5, 20.8, 36.1, 2.02, 29.4, 14.59, , 20.79, 86, 1910, , , 512, 4, 20, 0, 13.75, 29,
168024, 42, 20, 14.62, 0.36, 6.42, , 41.96, 14.59, 1.49, 63, , 39.5, 20.82, 36.1, 2.02, 29.4, 14.59, , 20.77, 86, 1913, , , 512, 4, 20, 0, 12.09, 29,
168195, 42.4, 20, 14.68, 0.36, 6.44, , 42.35, 14.59, 1.55, 63, , 39.5, 20.77, 36.5, 2.03, 29.4, 14.59, , 20.78, 86, 1912, , , 512, 4, 20, 0, 13.94, 29,
168359, 42, 20, 14.65, 0.36, 6.47, , 41.96, 14.59, 1.51, 63, , 39, 20.74, 36.1, 2.01, 29.4, 14.59, , 20.73, 86, 1917, , , 512, 4, 20, 0, 13.33, 29,
168524, 42, 20, 14.62, 0.36, 6.46, , 41.96, 14.59, 1.53, 63, , 39, 20.85, 36.1, 2.02, 29.4, 14.59, , 20.79, 86, 1919, , , 512, 4, 20, 0, 13.1, 29,
168690, 42, 20, 14.62, 0.36, 6.46, , 41.96, 14.59, 1.55, 63, , 39.5, 20.95, 36.1, 2.02, 29.4, 14.59, , 20.96, 86, 1923, , , 512, 4, 20, 0, 14.03, 29,
168851, 42.4, 20, 14.71, 0.36, 6.41, , 41.96, 14.59, 1.54, 63, , 39.5, 21, 36.1, 2.02, 29.8, 14.59, , 21.01, 86, 1922, , , 512, 4, 20, 0, 13.87, 29,
169008, 42, 20, 14.68, 0.36, 6.44, , 42.35, 14.47, 1.57, 63, , 39, 21.05, 36.1, 2.02, 29.8, 14.47, , 21.06, 86, 1920, , , 512, 4, 20, 0, 13.33, 29,
169175, 42, 20, 14.68, 0.36, 6.44, , 41.96, 14.7, 1.56, 64, , 39.5, 21.33, 36.1, 2.03, 29.8, 14.7, , 21.28, 86, 1928, , , 512, 4, 20, 0, 14.26, 29.4,
169334, 42.4, 20, 14.74, 0.36, 6.48, , 41.96, 14.59, 1.54, 63, , 39.5, 21.59, 36.1, 2.04, 30.2, 14.59, , 21.56, 86, 1921, , , 512, 4, 20, 0, 13.13, 29.8,
169494, 42.4, 20, 14.8, 0.36, 6.47, , 41.96, 14.59, 1.58, 64, , 39, 21.77, 36.5, 2.03, 30.2, 14.59, , 21.78, 86, 1930, , , 512, 4, 20, 0, 12.21, 30.2,
169658, 42, 20, 14.68, 0.36, 6.43, , 42.35, 14.7, 1.58, 64, , 39, 21.77, 36.1, 2.04, 30.2, 14.7, , 21.85, 86, 1932, , , 512, 4, 20, 0, 14.1, 29.8,
169819, 42, 20, 14.71, 0.36, 6.43, , 41.96, 14.59, 1.58, 64, , 39, 21.97, 36.1, 2.03, 30.6, 14.59, , 21.94, 86, 1934, , , 512, 4, 20, 0, 14.23, 30.2,
169979, 42.4, 20, 14.74, 0.36, 6.43, , 41.96, 14.59, 1.61, 64, , 39, 21.85, 36.5, 2.04, 30.6, 14.59, , 21.87, 86, 1934, , , 512, 4, 20, 0, 12.83, 30.2,
170151, 42, 20, 14.65, 0.36, 6.46, , 41.96, 14.7, 1.58, 64, , 39, 20.92, 36.5, 2.05, 30.2, 14.7, , 20.77, 86, 1937, , , 512, 4, 20, 0, 12.23, 29.4,
170315, 41.2, 20, 14.47, 0.36, 6.47, , 41.18, 14.81, 1.5, 64, , 39.5, 20.1, 35.7, 2.02, 28.6, 14.81, , 20.07, 86, 1946, , , 512, 4, 20, 0, 13.87, 28.2,
170479, 41.2, 20, 14.13, 0.34, 6.48, , 40.39, 14.59, 1.5, 64, , 40, 17.52, 35.3, 1.97, 27.1, 14.59, , 16.87, 86, 1936, , , 512, 4, 20, 0, 12.06, 26.7,
170645, 38, 20, 12.54, 0.31, 6.34, , 36.86, 14.7, 1.39, 64, , 32.5, 12.64, 32.9, 1.84, 21.2, 14.7, , 12.72, 86, 1943, , , 512, 4, 20, 0, 9.49, 20.8,
170815, 35.7, 20, 12.27, 0.3, 6.55, , 35.29, 14.47, 1.37, 64, , 36.5, 12.72, 31, 1.8, 22, 14.47, , 12.84, 86, 1936, , , 512, 4, 20, 0, 10.66, 21.2,
170974, 35.3, 20, 11.78, 0.29, 0.01, , 34.51, 14.7, 1.44, 64, , 33, 10.67, 30.6, 1.79, 20.8, 14.59, , 10.71, 86, 1936, , , 512, 4, 20, 0, 7.41, 19.6,
171140, 33.3, 20, 11.26, 0.28, 0.03, , 32.94, 14.59, 0.92, 64, , 44, 8.88, 29, 1.67, 14.9, 14.59, , 10.15, 86, 1930, , , 512, 4, 20, 0, 8.9, 14.9,
171309, 32.5, 20, 11.26, 0.28, 6.52, , 32.55, 13.78, 1.34, 64, , 44, 10.18, 28.2, 1.66, 19.2, 13.78, , 10.19, 86, 1940, , , 512, 4, 20, 0, 10.05, 18.8,
171476, 32.9, 20, 11.35, 0.28, 6.52, , 32.55, 14.36, 1.46, 64, , 44, 10.54, 28.6, 1.73, 19.6, 14.36, , 10.52, 86, 1934, , , 512, 4, 20, 0, 10.15, 19.2,
171635, 32.9, 20, 10.86, 0.27, 6.54, , 32.16, 14.47, 1.4, 64, , 44, 8.36, 28.6, 1.7, 18.4, 14.47, , 9.98, 86, 1938, , , 512, 4, 20, 0, 10.03, 17.3,
171793, 31.8, 20, 10.86, 0.27, 0.02, , 31.76, 14.13, 1.27, 64, , 44, 9.7, 27.1, 1.64, 18.4, 14.13, , 9.73, 86, 1942, , , 512, 4, 20, 0, 9.69, 18,
171954, 31.8, 20, 10.8, 0.27, 0.03, , 31.37, 14.36, 1.38, 64, , 44, 9.11, 27.5, 1.66, 18.4, 14.36, , 9.07, 86, 1934, , , 512, 4, 20, 0, 8.67, 18,
172119, 31.4, 20, 10.74, 0.27, 0.03, , 30.98, 14.36, 1.37, 64, , 44, 9.49, 27.1, 1.64, 18.8, 14.36, , 9.51, 86, 1935, , , 512, 4, 20, 0, 9.52, 18,
172283, 31, 20, 10.71, 0.27, 6.54, , 30.98, 14.47, 1.38, 64, , 44, 9.52, 26.7, 1.63, 18.8, 14.47, , 9.45, 86, 1937, , , 512, 4, 20, 0, 9.91, 18,
172454, 31, 20, 10.56, 0.27, 6.54, , 30.98, 14.36, 1.35, 64, , 44, 9.18, 26.7, 1.62, 18.4, 14.36, , 9.36, 86, 1936, , , 512, 4, 20, 0, 9.47, 17.6,
172615, 30.2, 20, 10.28, 0.26, 0.04, , 29.8, 14.36, 1.37, 64, , 44, 8.85, 25.9, 1.6, 18, 14.36, , 8.9, 86, 1934, , , 512, 4, 20, 0, 8.52, 17.6,
172779, 29.8, 20, 9.7, 0.24, 0.05, , 28.24, 14.24, 1.31, 64, , 45, 7.7, 25.5, 1.55, 17.3, 14.24, , 7.6, 86, 1934, , , 512, 4, 20, 0, 7.2, 16.9,
172944, 28.2, 20, 9.67, 0.24, 0.04, , 28.24, 14.24, 1.33, 64, , 44.5, 8.82, 24.3, 1.55, 18, 14.24, , 8.85, 86, 1937, , , 512, 4, 20, 0, 8.92, 17.6,
173103, 27.8, 20, 9.61, 0.24, 6.54, , 28.24, 14.36, 1.34, 64, , 45, 8.95, 24.3, 1.55, 18, 14.36, , 8.91, 86, 1935, , , 512, 4, 20, 0, 8.99, 17.6,
173270, 28.2, 20, 9.58, 0.24, 6.54, , 28.24, 14.59, 1.33, 64, , 45.5, 8.8, 24.3, 1.56, 18, 14.59, , 8.8, 86, 1934, , , 512, 4, 20, 0, 8.85, 17.6,
173440, 28.2, 20, 9.55, 0.24, 6.55, , 28.24, 14.47, 1.32, 64, , 45, 8.72, 24.3, 1.53, 18, 14.47, , 8.72, 86, 1928, , , 512, 4, 20, 0, 6.81, 17.3,
173604, 26.7, 20, 8.54, 0.22, 6.54, , 26.27, 14.59, 1.22, 64, , 46, 7.9, 23.1, 1.46, 16.9, 14.59, , 8.49, 86, 1927, , , 512, 4, 20, 0, 7.05, 16.5,
173769, 25.9, 20, 8.54, 0.23, 6.54, , 26.27, 14.36, 1.3, 64, , 46.5, 8.85, 22.4, 1.45, 18, 14.36, , 8.81, 86, 1928, , , 512, 4, 20, 0, 8.88, 17.6,
173938, 27.1, 20, 8.94, 0.23, 6.52, , 27.06, 14.7, 1.4, 64, , 46.5, 8.88, 23.5, 1.55, 18.4, 14.7, , 9.2, 86, 1929, , , 512, 4, 20, 0, 8.92, 17.6,
174103, 27.5, 20, 9.09, 0.24, 6.51, , 27.45, 14.93, 1.34, 64, , 46.5, 8.77, 23.5, 1.53, 18, 14.93, , 8.74, 86, 1929, , , 512, 4, 20, 0, 8.29, 17.6,
174269, 27.8, 20, 9.22, 0.24, 6.5, , 27.84, 14.81, 1.32, 64, , 45.5, 8.7, 23.9, 1.53, 18, 14.81, , 8.66, 86, 1924, , , 512, 4, 20, 0, 8.57, 17.3,
174439, 27.8, 20, 9.03, 0.24, 6.5, , 27.84, 14.81, 1.32, 64, , 45.5, 8.67, 24.3, 1.5, 18, 14.81, , 8.71, 86, 1926, , , 512, 4, 20, 0, 8.54, 17.3,
174604, 27.5, 20, 9, 0.24, 6.52, , 27.84, 14.81, 1.32, 64, , 46, 8.77, 23.5, 1.52, 18, 14.81, , 8.72, 86, 1922, , , 512, 4, 20, 0, 8.61, 17.3,
174789, 27.8, 20, 8.97, 0.24, 6.51, , 27.84, 14.81, 1.32, 64, , 45.5, 8.72, 23.9, 1.53, 18, 14.81, , 8.71, 86, 1922, , , 512, 4, 20, 0, 8.63, 17.3,
174949, 27.8, 20, 9, 0.23, 6.52, , 27.84, 14.81, 1.32, 63, , 45.5, 8.72, 23.9, 1.52, 18, 14.81, , 8.8, 86, 1920, , , 512, 4, 20, 0, 8.74, 17.3,
175110, 27.5, 20, 8.88, 0.24, 6.36, , 27.84, 14.93, 1.33, 64, , 45.5, 8.72, 23.9, 1.53, 18, 14.93, , 8.72, 86, 1922, , , 512, 4, 20, 0, 8.44, 17.3,
175275, 27.8, 21, 8.88, 0.24, 6.31, , 28.24, 14.81, 1.32, 63, , 45.5, 8.75, 23.9, 1.51, 18, 14.81, , 8.74, 86, 1918, , , 512, 4, 20, 0, 8.55, 17.3,
175459, 28.2, 21, 8.85, 0.24, 6.45, , 28.24, 15.04, 1.32, 63, , 45, 8.72, 24.3, 1.52, 18, 15.04, , 8.73, 86, 1923, , , 512, 4, 20, 0, 8.52, 17.3,
175630, 28.6, 21, 8.79, 0.24, 6.46, , 28.24, 15.04, 1.32, 63, , 45, 8.67, 24.7, 1.52, 18, 15.04, , 8.69, 86, 1917, , , 512, 4, 20, 0, 8.61, 17.3,
175799, 28.2, 21, 8.73, 0.24, 6.3, , 28.24, 15.16, 1.32, 64, , 45, 8.75, 24.3, 1.51, 18, 15.16, , 8.81, 86, 1922, , , 512, 4, 20, 0, 8.44, 17.3,
175969, 28.2, 21, 8.79, 0.25, 6.31, , 28.63, 15.16, 1.34, 63, , 44.5, 8.85, 24.3, 1.53, 18, 15.16, , 8.76, 86, 1916, , , 512, 4, 20, 0, 8.52, 17.6,
176134, 28.6, 21, 8.85, 0.25, 6.13, , 28.63, 15.16, 1.32, 63, , 45, 8.82, 24.7, 1.53, 18, 15.16, , 8.84, 86, 1924, , , 512, 4, 20, 0, 8.95, 17.6,
176305, 28.6, 21, 8.85, 0.25, 6.3, , 28.63, 15.16, 1.34, 63, , 45, 8.82, 24.7, 1.55, 18, 15.16, , 8.83, 86, 1923, , , 512, 4, 20, 0, 8.48, 17.6,
176477, 28.6, 21, 8.82, 0.25, 6.29, , 28.63, 15.16, 1.31, 63, , 44.5, 8.85, 24.7, 1.55, 18, 15.16, , 8.87, 86, 1920, , , 512, 4, 20, 0, 8.76, 17.6,
176640, 28.6, 21, 7.75, 0.22, 6.46, , 27.45, 15.04, 1.28, 64, , 22, 2.26, 24.7, 1.53, 16.5, 15.04, , 0.28, 86, 1919, , , 512, 4, 20, 0, 1.07, 14.5,
176816, 23.1, 21, 5.04, 0.16, 6.46, , 19.22, 14.7, 0.77, 63, , 27.5, 3.24, 19.2, 1.15, 10.6, 14.7, , 3.48, 86, 1921, , , 512, 4, 20, 0, 0.77, 10.2,
176991, 17.6, 21, 4.12, 0.13, 6.31, , 16.47, 14.47, 0.92, 63, , 30, 4.08, 15.3, 0.98, 13.7, 14.36, , 3.25, 86, 1895, , , 512, 4, 20, 0, 2.81, 13.3,
177171, 14.9, 21, 0, 0.1, 6.25, , 13.33, 15.27, 0.9, 63, , 35.5, 3.95, 12.5, 0.82, 12.5, 15.39, , 3.25, 86, 1894, , , 1024, 4, 20, 0, 2.21, 12.2,
177330, 11.8, 21, 0, 0.12, 6.29, , 11.37, 16.65, 0.94, 63, , 36, 4.47, 9.8, 0, 13.7, 16.54, , 4.47, 86, 1900, , , 1024, 4, 20, 0, 2.93, 13.3,
177500, 14.5, 21, 0, 0.12, 6.41, , 14.12, 18.38, 0.97, 63, , 36, 3.88, 12.2, 0.8, 13.3, 18.38, , 3.05, 86, 1882, , , 1024, 4, 20, 0, 2.97, 12.9,
177659, 13.3, 21, 0, 0.11, 6.41, , 12.94, 21.48, 0.89, 62, , 38, 3.75, 11.4, 0, 12.9, 21.25, , 3.74, 86, 1871, , , 1024, 4, 20, 0, 2.49, 12.5,
177822, 12.5, 21, 0, 0.11, 6.43, , 12.55, 27.22, 0.9, 62, , 39.5, 3.78, 10.6, 0, 13.3, 27.22, , 3.79, 86, 1855, , , 1024, 4, 20, 0, 2.53, 12.5,
177998, 12.5, 21, 0, 0.11, 6.45, , 12.55, 29.29, 0.91, 62, , 39, 3.8, 10.6, 0, 13.3, 29.29, , 3.8, 86, 1847, , , 1024, 4, 20, 0, 2.61, 12.5,
178179, 12.5, 21, 0, 0.11, 6.45, , 12.55, 29.29, 0.9, 62, , 39, 3.8, 10.6, 0, 13.3, 29.29, , 3.78, 86, 1836, , , 1024, 4, 20, 0, 2.53, 12.5,
178359, 12.5, 21, 0, 0.11, 6.45, , 12.55, 29.29, 0.9, 61, , 39, 3.78, 10.6, 0, 13.3, 29.29, , 3.75, 86, 1828, , , 1024, 4, 20, 0, 2.54, 12.5,
178539, 12.5, 21, 0, 0.11, 6.46, , 12.55, 29.29, 0.9, 61, , 38.5, 3.75, 10.6, 0, 13.3, 29.29, , 3.72, 86, 1816, , , 1024, 4, 20, 0, 2.57, 12.5,
178720, 12.9, 21, 0, 0.11, 6.54, , 12.94, 29.29, 0.92, 61, , 38.5, 4.11, 10.6, 0, 13.3, 29.29, , 4.05, 86, 1808, , , 1024, 4, 20, 0, 2.7, 12.9,
178891, 12.9, 22, 0, 0.11, 6.55, , 12.94, 29.29, 0.93, 61, , 39, 4.06, 10.6, 0, 13.3, 29.29, , 4, 86, 1803, , , 1024, 4, 20, 0, 2.86, 12.9,
179061, 13.3, 22, 0, 0.11, 0, , 13.33, 29.29, 0.93, 60, , 39.5, 3.9, 11, 0, 13.3, 29.29, , 3.93, 86, 1798, , , 1024, 4, 20, 0, 2.75, 12.9,
179244, 13.7, 22, 0, 0.11, 0.01, , 13.73, 29.29, 0.92, 60, , 39.5, 3.9, 11.4, 0, 13.3, 29.29, , 3.93, 86, 1789, , , 1024, 4, 20, 0, 2.74, 12.9,
179430, 13.7, 22, 0, 0.11, 0.02, , 13.73, 29.29, 0.92, 60, , 39.5, 3.9, 11.4, 0, 13.3, 29.29, , 3.87, 86, 1781, , , 1024, 4, 20, 0, 2.66, 12.9,
179611, 13.7, 22, 0, 0.11, 0, , 13.73, 29.29, 0.91, 60, , 39.5, 3.83, 11.4, 0, 13.3, 29.29, , 3.84, 86, 1770, , , 1024, 4, 20, 0, 2.61, 12.5,
179867, 13.7, 22, 0, 0.11, 0.02, , 13.73, 29.29, 0.9, 59, , 39, 3.75, 11.4, 0, 13.3, 29.29, , 3.76, 86, 1760, , , 1024, 4, 20, 0, 2.49, 12.5,
180051, 13.7, 22, 0, 0.11, 0.02, , 13.73, 29.29, 0.91, 59, , 39, 3.72, 11.4, 0, 12.9, 29.29, , 3.71, 86, 1752, , , 1024, 4, 20, 0, 2.6, 12.5,
180235, 13.7, 22, 0, 0.11, 0.01, , 13.73, 29.29, 0.9, 59, , 38.5, 3.67, 11.4, 0, 12.9, 29.29, , 3.67, 86, 1746, , , 1024, 4, 20, 0, 2.5, 12.5,
180430, 13.7, 22, 0, 0.11, 0.02, , 13.73, 29.29, 0.89, 58, , 38.5, 3.65, 11.4, 0, 12.9, 29.29, , 3.64, 86, 1729, , , 1024, 4, 20, 0, 2.42, 12.5,
180616, 13.7, 22, 0, 0.11, 0.02, , 13.73, 29.29, 0.9, 58, , 38.5, 3.62, 11.4, 0, 12.9, 29.29, , 3.61, 86, 1724, , , 1024, 4, 20, 0, 2.49, 12.5,
180811, 13.7, 22, 0, 0.11, 0.01, , 13.73, 29.29, 0.9, 58, , 39, 3.62, 11.4, 0, 12.9, 29.29, , 3.6, 86, 1714, , , 1024, 4, 20, 0, 2.42, 12.5,
181020, 13.7, 22, 0, 0.11, 0.02, , 13.73, 29.29, 0.9, 58, , 38.5, 3.6, 11.4, 0, 12.9, 29.29, , 3.59, 86, 1706, , , 1024, 4, 20, 0, 2.43, 12.5,
181220, 14.1, 22, 0, 0.11, 0.02, , 13.73, 29.29, 0.89, 57, , 38.5, 3.6, 11.4, 0, 12.9, 29.29, , 3.6, 86, 1696, , , 1024, 4, 20, 0, 2.53, 12.5,
181435, 14.1, 22, 0, 0.11, 0.01, , 14.12, 29.29, 0.89, 57, , 38.5, 3.6, 11.4, 0, 12.9, 29.29, , 3.59, 86, 1686, , , 1024, 4, 20, 0, 2.45, 12.5,
181631, 14.1, 22, 0, 0.11, 0.01, , 14.12, 29.29, 0.9, 57, , 38.5, 3.6, 11.4, 0, 12.9, 29.29, , 3.58, 86, 1681, , , 1024, 4, 20, 0, 2.38, 12.5,
181831, 14.1, 22, 0, 0.11, 0.02, , 14.12, 29.29, 0.9, 56, , 39, 3.54, 11.4, 0, 12.9, 29.29, , 3.56, 86, 1673, , , 1024, 4, 20, 0, 2.43, 12.5,
182020, 14.1, 23, 0, 0.11, 0.02, , 14.12, 29.29, 0.9, 56, , 39, 3.54, 11.4, 0, 12.9, 29.29, , 3.53, 86, 1663, , , 1024, 4, 20, 0, 2.45, 12.5,
182232, 14.1, 23, 0, 0.11, 0.01, , 14.12, 29.29, 0.89, 56, , 39, 3.54, 11.4, 0, 12.9, 29.29, , 3.53, 86, 1652, , , 1024, 4, 20, 0, 2.46, 12.5,
182424, 14.1, 23, 0, 0.11, 0.02, , 14.12, 29.29, 0.89, 55, , 39, 3.54, 11.4, 0, 12.9, 29.29, , 3.54, 86, 1641, , , 1024, 4, 20, 0, 2.45, 12.5,
182611, 14.1, 23, 0, 0.11, 0.01, , 14.12, 29.29, 0.9, 55, , 39, 3.54, 11.4, 0, 12.9, 29.29, , 3.53, 86, 1635, , , 1024, 4, 20, 0, 2.42, 12.5,
182805, 14.1, 23, 4.76, 0.12, 0.02, , 11.37, 29.29, 0.89, 55, , 32, 9.75, 11.4, 1.05, 13.3, 29.29, , 12.15, 86, 1678, , , 256, 4, 20, 0, 3.66, 14.1,
183004, 16.1, 23, 5.74, 0.13, 0.01, , 16.08, 29.29, 1.13, 55, , 34.5, 5.62, 13.3, 1.27, 14.9, 29.29, , 6.05, 86, 1657, , , 256, 4, 20, 0, 4.92, 14.5,
183210, 16.9, 23, 6.44, 0.15, 0.01, , 18.04, 22.16, 1.09, 55, , 36, 6.21, 13.7, 1.41, 16.5, 22.51, , 6.06, 86, 1662, , , 256, 4, 20, 0, 6.27, 16.1,
183411, 18.4, 23, 6.9, 0.16, 0.01, , 19.22, 15.73, 1.11, 55, , 37.5, 6.52, 15.3, 1.51, 16.5, 15.85, , 6.35, 86, 1654, , , 256, 4, 20, 0, 6.11, 15.7,
183591, 19.6, 23, 7.39, 0.17, 0.02, , 21.18, 14.13, 1.12, 54, , 38, 7.44, 16.1, 1.56, 16.9, 14.13, , 6.71, 86, 1651, , , 256, 4, 20, 0, 6.83, 16.9,
183781, 21.6, 23, 7.87, 0.19, 0.01, , 22.35, 13.67, 1.19, 54, , 41, 7.67, 18, 1.63, 16.9, 13.67, , 7.75, 86, 1654, , , 256, 4, 20, 0, 6.81, 16.5,
183981, 23.9, 23, 10.25, 0.25, 0.01, , 28.24, 13.67, 1.29, 54, , 41, 12.11, 19.6, 1.95, 19.6, 13.67, , 12.86, 86, 1656, , , 512, 4, 20, 0, 14.98, 19.2,
184181, 32.5, 23, 12.45, 0.28, 0.02, , 34.12, 14.01, 1.59, 54, , 40.5, 10.57, 27.5, 2.14, 20, 14.01, , 9.88, 86, 1660, , , 512, 4, 20, 0, 11.38, 20,
184371, 34.5, 23, 13.79, 0.31, 0.02, , 37.25, 13.78, 1.53, 54, , 39.5, 12.7, 28.2, 2.2, 20.4, 13.78, , 11.48, 86, 1665, , , 512, 4, 20, 0, 12.75, 20,
184561, 39.2, 22, 15.26, 0.34, 0.01, , 41.18, 13.44, 1.6, 55, , 37.5, 13.52, 32.5, 2.33, 23.5, 13.44, , 13.88, 86, 1670, , , 512, 4, 20, 0, 12.38, 22.7,
184740, 42, 22, 15.47, 0.35, 0.01, , 42.75, 13.09, 1.45, 55, , 37, 13.16, 34.5, 2.29, 22, 13.21, , 13.23, 86, 1671, , , 512, 4, 20, 0, 11.41, 21.6,
184930, 43.1, 22, 15.44, 0.35, 0.02, , 43.53, 12.63, 1.43, 55, , 36, 13.16, 34.9, 2.22, 22, 12.63, , 13.13, 86, 1675, , , 512, 4, 20, 0, 11.11, 21.6,
185119, 43.1, 22, 15.44, 0.35, 0.01, , 43.14, 12.86, 1.45, 55, , 36.5, 13.05, 34.9, 2.25, 22, 12.86, , 13.09, 86, 1675, , , 512, 4, 20, 0, 10.9, 21.6,
185317, 43.1, 22, 15.41, 0.42, 0.01, , 45.1, 12.75, 1.44, 55, , 40, 18.72, 34.9, 2.02, 22, 12.75, , 28.04, 86, 1726, , , 512, 4, 20, 0, 10.87, 21.6,
185501, 51.8, 22, 17.55, 0.44, 0.01, , 50.98, 13.67, 1.67, 55, , 30, 22.82, 43.1, 2.3, 30.6, 13.67, , 22.77, 86, 1994, , , 512, 4, 20, 0, 17.89, 30.6,
185679, 53.3, 22, 21.42, 0.54, 0, , 61.18, 14.24, 1.82, 55, , 9, 26.03, 48.6, 2.46, 34.1, 14.24, , 26.14, 86, 2362, , , 512, 3, 20, 0, 26.85, 33.7,
185864, 45.5, 21, 15.14, 0.36, 0.02, , 41.18, 13.44, 1.18, 55, , 24, 14.11, 40.8, 1.81, 22.4, 13.44, , 14.06, 86, 2455, , , 512, 3, 20, 0, 16.51, 22,
186055, 38, 21, 12.45, 0.3, 0.02, , 34.51, 14.93, 1.43, 55, , 23.5, 10.36, 33.3, 1.81, 20.4, 14.93, , 9.81, 86, 2439, , , 512, 3, 20, 0, 12.07, 20,
186244, 32.5, 21, 11.66, 0.29, 0.01, , 31.76, 14.24, 1.57, 56, , 40.5, 12.16, 29, 1.66, 21.2, 14.24, , 11.95, 86, 2454, , , 512, 3, 20, 0, 13.63, 20.8,
186419, 32.2, 21, 11.6, 0.29, 0.02, , 31.76, 14.7, 1.55, 56, , 40.5, 11.93, 28.6, 1.73, 20.8, 14.7, , 11.93, 86, 2455, , , 512, 3, 20, 0, 13.4, 20.4,
186615, 31.8, 21, 11.54, 0.29, 0.02, , 31.76, 14.47, 1.55, 56, , 40.5, 11.95, 28.2, 1.7, 20.8, 14.47, , 11.91, 86, 2462, , , 512, 3, 20, 0, 13.75, 20.4,
186794, 31.8, 21, 11.51, 0.29, 0.01, , 31.76, 14.59, 1.55, 56, , 41, 11.95, 28.2, 1.72, 21.2, 14.59, , 12.01, 86, 2474, , , 512, 3, 20, 0, 13.81, 20.4,
186980, 31.8, 21, 11.54, 0.29, 0.02, , 31.76, 14.47, 1.55, 56, , 40.5, 11.95, 28.6, 1.72, 21.2, 14.47, , 11.93, 86, 2476, , , 512, 3, 20, 0, 13.66, 20.4,
187171, 31.8, 21, 11.57, 0.28, 0.01, , 31.76, 14.47, 1.56, 56, , 41, 11.93, 28.2, 1.71, 20.8, 14.47, , 11.94, 85, 2489, , , 512, 3, 20, 0, 13.48, 20.4,
187370, 31.8, 21, 11.51, 0.28, 0.02, , 31.76, 14.47, 1.57, 57, , 41.5, 11.64, 28.2, 1.7, 20.8, 14.47, , 11.67, 85, 2499, , , 512, 3, 20, 0, 13.19, 20.4,
187570, 31.8, 21, 11.26, 0.28, 6.47, , 31.37, 14.47, 1.55, 57, , 41.5, 11.72, 28.2, 1.68, 20.8, 14.47, , 11.69, 85, 2498, , , 512, 3, 20, 0, 13.16, 20.4,
187761, 31.8, 21, 11.11, 0.28, 6.46, , 31.37, 14.59, 1.54, 57, , 41.5, 11.72, 28.2, 1.66, 20.8, 14.59, , 11.69, 85, 2501, , , 512, 3, 20, 0, 13.1, 20.4,
187941, 31.4, 20, 10.86, 0.26, 6.45, , 30.98, 14.93, 1.53, 57, , 39, 11.31, 28.2, 1.66, 20.8, 14.93, , 11.37, 85, 2508, , , 512, 3, 20, 0, 9.88, 20,
188130, 27.8, 20, 9.09, 0.22, 6.44, , 26.27, 14.7, 1.31, 57, , 34.5, 9.57, 25.1, 1.45, 18, 14.7, , 9.09, 85, 2512, , , 512, 3, 20, 0, 6.59, 18,
188326, 23.1, 20, 6.71, 0.17, 6.43, , 20.39, 14.47, 1, 57, , 29.5, 6.26, 20.8, 1.29, 14.1, 14.47, , 4.62, 85, 2502, , , 512, 3, 20, 0, 3.74, 13.3,
188515, 18.8, 20, 6.16, 0.17, 6.44, , 18.82, 13.9, 1.01, 57, , 42, 7.98, 16.9, 1.18, 17.3, 13.9, , 8.36, 85, 2500, , , 512, 3, 20, 0, 7.25, 16.5,
188692, 19.2, 21, 6.04, 0.15, 6.46, , 18.43, 14.36, 1.29, 57, , 28, 6.67, 17.3, 1.25, 16.9, 14.36, , 5.83, 85, 2491, , , 512, 3, 20, 0, 6.24, 15.7,
188865, 16.5, 21, 4.88, 0.13, 6.45, , 14.9, 14.81, 1.08, 57, , 30, 4.88, 14.9, 1.07, 14.9, 14.93, , 3.89, 85, 2492, , , 512, 3, 20, 0, 3.98, 14.9,
189051, 13.7, 21, 3.85, 0.13, 6.47, , 12.55, 14.47, 1.05, 57, , 38.5, 5.75, 12.2, 0.91, 14.5, 14.47, , 6.11, 85, 2465, , , 1024, 3, 20, 0, 4.59, 14.1,
189229, 11, 21, 0, 0.12, 6.45, , 10.59, 15.16, 1.03, 56, , 33.5, 5.49, 9.8, 0.87, 14.5, 15.04, , 5.52, 85, 2480, , , 1024, 3, 20, 0, 4.33, 14.1,
189410, 14.5, 21, 4.03, 0.09, 6.47, , 14.51, 17.92, 1.05, 56, , 33.5, 5.49, 12.9, 0.89, 14.9, 17.8, , 5.45, 85, 2454, , , 1024, 3, 20, 0, 4.33, 14.5,
189592, 14.5, 21, 0, 0.12, 6.46, , 14.12, 23.66, 1.05, 56, , 42, 5.36, 12.9, 0, 14.9, 23.43, , 5.34, 85, 2423, , , 1024, 3, 20, 0, 4.2, 14.1,
189785, 14.1, 21, 0, 0.12, 0.01, , 14.12, 29.29, 1.03, 55, , 42, 5.26, 12.5, 0, 14.5, 29.29, , 5.28, 85, 2407, , , 1024, 3, 20, 0, 4.06, 14.1,
189954, 13.7, 21, 0, 0.12, 0.02, , 13.73, 29.29, 1.04, 55, , 42, 5.24, 12.5, 0, 14.5, 29.29, , 5.23, 85, 2390, , , 1024, 3, 20, 0, 4.09, 14.1,
190131, 13.7, 21, 0, 0.12, 0.03, , 13.73, 29.29, 1.03, 55, , 42, 5.18, 12.5, 0, 14.5, 29.29, , 5.22, 85, 2374, , , 1024, 3, 20, 0, 4.02, 14.1,
190290, 13.7, 21, 0, 0.12, 6.48, , 13.73, 29.29, 1.03, 54, , 42, 5.18, 12.2, 0, 14.5, 29.29, , 5.18, 85, 2362, , , 1024, 3, 20, 0, 4.04, 14.1,
190471, 13.7, 21, 0, 0.12, 6.47, , 13.73, 29.29, 1.03, 54, , 42, 5.16, 12.2, 0, 14.5, 29.29, , 5.15, 85, 2344, , , 1024, 3, 20, 0, 3.98, 14.1,
190651, 13.7, 21, 0, 0.12, 6.54, , 13.73, 29.29, 1.02, 54, , 42, 5.18, 12.2, 0, 14.5, 29.29, , 5.33, 85, 2328, , , 1024, 3, 20, 0, 4.02, 14.1,
190832, 13.7, 21, 0, 0.12, 0.01, , 14.12, 29.29, 1.04, 53, , 42, 5.31, 12.5, 0, 14.5, 29.29, , 5.29, 85, 2314, , , 1024, 3, 20, 0, 4.14, 14.1,
191005, 14.1, 21, 0, 0.12, 0, , 14.12, 29.29, 1.04, 53, , 42, 5.29, 12.5, 0, 14.5, 29.29, , 5.25, 85, 2296, , , 1024, 3, 20, 0, 4.12, 14.1,
191216, 14.1, 21, 5.52, 0.29, 0.01, , 16.08, 29.29, 1.03, 53, , 35, 7.7, 12.9, 0, 14.5, 29.29, , 9.91, 85, 2246, , , 256, 3, 20, 0, 32.93, 14.1,
191411, 40, 21, 17.97, 0.39, 0.02, , 43.92, 19.18, 2.12, 53, , 20.5, 17.49, 35.7, 2.45, 26.3, 20.44, , 17.66, 85, 2540, , , 256, 3, 20, 0, 27.31, 25.9,
191584, 43.1, 21, 17.4, 0.38, 0.01, , 40.78, 14.81, 1.82, 52, , 26, 17.77, 37.6, 2.2, 27.1, 14.81, , 17.45, 85, 3040, , , 256, 3, 20, 0, 22.33, 26.7,
191755, 40.4, 21, 0, 0.22, 0.03, , 31.37, 19.87, 0.92, 52, , 35, 0.42, 35.3, 0, 11, 19.06, , 0.28, 85, 3154, , , 1024, 2, 20, 0, 0.84, 9.8,
191934, 20.8, 21, 0, 0.13, 0.03, , 15.29, 29.29, 0.77, 51, , 40.5, 1.13, 17.6, 0, 9.8, 29.29, , 2.62, 85, 3108, , , 1024, 2, 20, 0, 2.94, 9.4,
192115, 13.3, 21, 0, 0.12, 0, , 12.94, 29.29, 1.06, 51, , 40.5, 5.98, 12.2, 0, 14.9, 29.29, , 6.15, 85, 3077, , , 1024, 2, 20, 0, 4.45, 14.5,
192305, 10.6, 21, 5.31, 0.12, 0.02, , 13.73, 29.29, 1.11, 51, , 34.5, 8.59, 9.8, 0.8, 20.4, 29.29, , 8.29, 85, 3152, , , 256, 2, 20, 0, 10.13, 18.8,
192474, 13.7, 21, 5.07, 0.12, 0.03, , 13.73, 17.46, 1.28, 51, , 35.5, 8.26, 12.5, 0.8, 17.6, 17.57, , 8.26, 85, 3086, , , 256, 2, 20, 0, 7.93, 16.9,
192650, 13.7, 21, 5.16, 0.13, 0, , 13.73, 14.93, 1.27, 50, , 36.5, 8.18, 12.5, 0.88, 17.3, 14.93, , 8.22, 85, 3066, , , 256, 2, 20, 0, 7.74, 16.9,
192824, 13.7, 21, 5.4, 0.13, 0.03, , 14.12, 14.13, 1.28, 50, , 36, 8.16, 12.9, 1.09, 17.3, 14.24, , 8.2, 85, 3084, , , 256, 2, 20, 0, 7.51, 16.9,
193021, 13.7, 21, 5.46, 0.13, 0, , 14.12, 13.9, 1.27, 50, , 36, 8.23, 12.9, 1.15, 17.6, 13.9, , 8.23, 85, 3075, , , 256, 2, 20, 0, 7.87, 16.9,
193210, 14.1, 21, 5.49, 0.13, 0.03, , 14.12, 13.78, 1.28, 50, , 36, 8.23, 12.9, 1.21, 17.6, 13.78, , 8.25, 85, 3060, , , 512, 2, 20, 0, 7.7, 16.9,
193399, 14.1, 21, 5.55, 0.13, 0.01, , 14.12, 13.55, 1.27, 50, , 36.5, 8.23, 12.9, 1.22, 17.6, 13.67, , 8.23, 85, 3046, , , 512, 2, 20, 0, 7.8, 16.9,
193584, 14.1, 21, 5.49, 0.12, 6.55, , 14.12, 13.44, 1.27, 50, , 33, 7.8, 12.9, 1.24, 17.3, 13.44, , 7.82, 85, 3030, , , 512, 2, 20, 0, 7.19, 16.5,
193760, 13.7, 21, 5.22, 0.12, 0, , 13.33, 13.21, 1.24, 49, , 28.5, 7.9, 12.5, 1.17, 17.3, 13.21, , 7.91, 85, 3002, , , 512, 2, 20, 0, 7.21, 16.5,
193965, 16.1, 21, 0, 0.15, 6.55, , 13.33, 13.67, 1.25, 49, , 29, 7.59, 14.9, 0, 16.9, 13.67, , 7.15, 85, 2994, , , 1024, 2, 20, 0, 6.89, 16.5,
194141, 15.3, 21, 0, 0.14, 6.54, , 15.69, 15.85, 1.19, 49, , 30, 6.77, 14.1, 0, 16.1, 15.62, , 6.99, 85, 2972, , , 1024, 2, 20, 0, 5.91, 15.7,
194305, 15.3, 21, 0, 0.13, 0, , 14.51, 20.21, 1.16, 49, , 41, 6.34, 14.1, 0, 14.9, 19.87, , 6.58, 85, 2953, , , 1024, 2, 20, 0, 4.86, 14.5,
194475, 14.5, 21, 0, 0.13, 0.03, , 14.51, 28.94, 1.14, 48, , 41, 6.54, 13.3, 0, 15.7, 28.02, , 6.48, 85, 2912, , , 1024, 2, 20, 0, 5.51, 15.3,
194671, 14.5, 21, 5.1, 0.1, 0.02, , 14.51, 29.29, 1.13, 48, , 41, 6.44, 13.3, 0, 15.7, 29.29, , 6.43, 85, 2884, , , 1024, 2, 20, 0, 5.4, 15.3,
194840, 11.8, 21, 8.76, 0.24, 0.01, , 19.61, 29.29, 1.7, 48, , 31, 14.67, 12.9, 1.63, 22.4, 29.29, , 15.42, 85, 2981, , , 256, 2, 20, 0, 25.09, 22.4,
195014, 34.5, 21, 26.55, 0.71, 6.48, , 63.92, 17.8, 2.29, 48, , 19.5, 26, 42.4, 2.77, 35.3, 18.03, , 26.72, 85, 3033, , , 256, 2, 20, 0, 40.94, 34.1,
195194, 83.9, 21, 38.3, 0.94, 6.55, , 98.43, 12.52, 2.34, 49, , 12, 34.92, 80.8, 3.73, 40, 12.4, , 35.23, 85, 3106, , , 256, 2, 20, 0, 51.01, 40.4,
195384, 100, 20, 43.21, 0.93, 6.5, , 100, 13.9, 2.72, 51, , 12, 86.45, 93.7, 4.22, 92.2, 13.78, , 86, 85, 3124, , , 512, 2, 20, 0, 62.09, 92.2,
195575, 100, 20, 42.97, 0.92, 0.01, , 100, 12.98, 2.66, 52, , 12.5, 86.01, 92.9, 3.91, 91.4, 12.98, , 86, 85, 3269, , , 512, 2, 20, 0, 57.94, 91.8,
195754, 100, 19, 43.06, 0.92, 0.01, , 100, 12.63, 2.62, 54, , 12.5, 86.04, 92.5, 3.86, 91.4, 12.75, , 86, 85, 3360, , , 512, 2, 19, 0, 63.25, 91.8,
195940, 100, 19, 43.3, 0.91, 6.54, , 100, 12.52, 2.75, 56, , 12.5, 86.01, 92.2, 3.81, 91.4, 12.52, , 86, 85, 3478, , , 512, 2, 19, 0, 60.38, 91.8,
196135, 100, 19, 43.27, 0.92, 0.06, , 100, 12.29, 2.84, 57, , 12.5, 86.01, 92.2, 3.72, 91.4, 12.29, , 86, 85, 3597, , , 512, 2, 19, 0, 73.63, 91.8,
196325, 100, 18, 43.3, 0.92, 0.05, , 100, 12.29, 2.84, 59, , 12, 86.01, 92.2, 3.7, 91.4, 12.17, , 86, 85, 3686, , , 512, 2, 18, 0, 67.17, 91.8,
196525, 100, 18, 43.27, 0.92, 0.01, , 100, 12.29, 2.84, 61, , 11.5, 86.01, 92.5, 3.69, 91.4, 12.29, , 86, 85, 3806, , , 512, 2, 18, 0, 66.83, 91.8,
196725, 100, 18, 43.49, 0.93, 0.02, , 100, 12.29, 2.92, 62, , 12.5, 86.01, 92.5, 3.69, 91.4, 12.29, , 86, 85, 3909, , , 512, 2, 18, 0, 80.1, 91.8,
196904, 100, 17, 44.01, 0.95, 0.01, , 100, 12.29, 2.93, 64, , 12, 86.04, 93.7, 3.73, 91.4, 12.4, , 86, 85, 4014, , , 512, 2, 17, 0, 73.44, 91.8,
197090, 100, 17, 44.53, 0.95, 0.02, , 100, 12.29, 2.89, 65, , 12.5, 86.01, 94.9, 3.73, 91.4, 12.29, , 86, 85, 4099, , , 512, 2, 17, 0, 82.7, 91.8,
197294, 100, 17, 44.19, 0.94, 6.54, , 100, 12.4, 2.94, 67, , 13, 85.98, 94.9, 3.69, 91.4, 12.29, , 86, 85, 4195, , , 512, 2, 16, 0, 80.54, 91.8,
197485, 100, 16, 43.55, 0.94, 0, , 100, 12.52, 2.95, 69, , 13, 86.01, 94.5, 3.62, 91.4, 12.52, , 86, 85, 4299, , , 512, 2, 16, 0, 86.23, 91.8,
197680, 100, 16, 43, 0.93, 0.01, , 100, 12.63, 2.9, 70, , 13.5, 86.01, 93.7, 3.57, 91.4, 12.63, , 86, 85, 4392, , , 512, 2, 16, 0, 85.17, 91.8,
197864, 100, 16, 42.45, 0.93, 0.02, , 100, 12.86, 2.92, 72, , 14, 86.01, 93.3, 3.53, 91.4, 12.86, , 86, 85, 4487, , , 512, 2, 16, 0, 80.72, 91.8,
198056, 100, 15, 42.27, 0.92, 0, , 100, 12.86, 2.94, 73, , 14, 86.01, 92.5, 3.5, 91.4, 12.86, , 86, 85, 4578, , , 512, 2, 15, 0, 84.87, 91.8,
198239, 100, 15, 42.36, 0.92, 0.01, , 100, 12.98, 3.08, 75, , 14, 85.98, 92.5, 3.49, 91.4, 12.98, , 86, 85, 4677, , , 512, 2, 15, 0, 81.74, 91.8,
198439, 100, 15, 42.33, 0.92, 0.01, , 100, 12.98, 3.1, 76, , 13.5, 86.01, 92.5, 3.48, 91.4, 12.98, , 86, 85, 4774, , , 512, 2, 15, 0, 96.88, 91.8,
198640, 100, 15, 42.33, 0.92, 0, , 100, 13.09, 3.13, 78, , 13.5, 86.01, 92.5, 3.47, 91.4, 13.09, , 86, 85, 4872, , , 512, 2, 15, 0, 87.99, 91.8,
198834, 100, 15, 42.33, 0.92, 0.01, , 100, 13.09, 3.06, 80, , 13.5, 86.01, 92.5, 3.46, 91.4, 13.09, , 86, 85, 4979, , , 512, 2, 15, 0, 92.91, 91.8,
199040, 100, 14, 42.33, 0.92, 0.01, , 100, 13.09, 3.13, 81, , 14, 86.01, 92.5, 3.45, 91.4, 13.21, , 86, 85, 5066, , , 512, 2, 14, 0, 99.99, 91.8,
199240, 100, 14, 42.72, 0.93, 0.02, , 100, 13.09, 3.17, 83, , 14, 86.01, 92.9, 3.48, 91.4, 13.21, , 86, 85, 5157, , , 512, 2, 14, 0, 96.44, 91.8,
199440, 100, 14, 43.03, 0.93, 6.55, , 100, 13.09, 3.14, 84, , 14.5, 85.98, 92.9, 3.49, 91.4, 13.09, , 86, 85, 5260, , , 512, 2, 14, 0, 95.29, 91.8,
199624, 100, 14, 43.33, 0.93, 0.02, , 100, 12.98, 3.23, 86, , 14.5, 86.01, 93.3, 3.53, 91.4, 12.98, , 86, 85, 5358, , , 512, 2, 14, 0, 99.01, 91.8,
199824, 100, 14, 43.7, 0.94, 0.02, , 100, 12.98, 3.16, 87, , 15, 85.98, 93.7, 3.53, 91.4, 12.98, , 86, 85, 5442, , , 512, 2, 14, 0, 112.77, 91.8,
200026, 100, 14, 44.07, 0.94, 0.01, , 100, 12.86, 3.24, 89, , 15.5, 86.01, 94.1, 3.55, 91.4, 12.86, , 86, 85, 5534, , , 512, 2, 14, 0, 106.71, 91.8,
200225, 100, 14, 44.13, 0.94, 0.03, , 100, 12.86, 3.3, 90, , 16, 86.01, 94.5, 3.55, 91.4, 12.86, , 86, 85, 5624, , , 512, 2, 14, 0, 102.74, 91.8,
200416, 100, 13, 43.85, 0.93, 0.01, , 100, 12.86, 3.28, 92, , 16.5, 85.98, 93.7, 3.53, 91.4, 12.86, , 86, 85, 5722, , , 512, 2, 13, 0, 114.52, 91.8,
200615, 100, 13, 43.73, 0.92, 0.01, , 100, 12.86, 3.37, 93, , 17.5, 86.01, 92.9, 3.54, 91.4, 12.86, , 86, 85, 5818, , , 512, 2, 13, 0, 119.22, 91.8,
200806, 100, 13, 43.58, 0.92, 6.55, , 100, 12.75, 3.41, 95, , 17.5, 86.01, 92.2, 3.52, 91.4, 12.86, , 86, 85, 5887, , , 512, 2, 13, 0, 105.45, 91.8,
201005, 100, 13, 43.52, 0.91, 0.01, , 100, 12.75, 3.24, 96, , 18, 86.06, 92.2, 3.52, 91.4, 12.75, , 86, 85, 5983, , , 512, 2, 13, 0, 118.49, 91.8,
201205, 100, 13, 43.55, 0.91, 0.04, , 100, 12.63, 3.36, 98, , 18.5, 86.04, 91.8, 3.52, 91.4, 12.63, , 86, 85, 6098, , , 512, 2, 13, 0, 114.88, 91.8,
201404, 100, 13, 43.4, 0.91, 6.54, , 100, 12.63, 3.28, 99, , 18.5, 86.01, 91.4, 3.51, 91.4, 12.63, , 86, 85, 6138, , , 512, 2, 13, 0, 123.57, 91.8,
201606, 100, 13, 43.4, 0.91, 0.02, , 100, 12.52, 3.41, 100, , 18.5, 85.98, 90.6, 3.49, 91.4, 12.52, , 86, 85, 6210, , , 512, 2, 13, -0.256, 120.43, 91.8,
201805, 100, 13, 38.48, 0.62, 0.02, , 100, 12.52, 3.37, 101, , 3.5, 64.91, 90.6, 3.48, 91.4, 12.52, , 29.06, 85, 6227, , , 512, 2, 13, -0.256, 33.39, 91.4,
201995, 47.5, 13, 24.44, 0.79, 6.39, , 55.69, 14.24, 2.13, 102, , 2, 27.03, 39.6, 1.59, 27.8, 14.24, , 29.22, 85, 5228, , , 512, 2, 13, -0.256, 54.78, 28.2,
202202, 95.3, 13, 30.52, 0.56, 6.52, , 88.63, 14.24, 3.15, 103, , 1, 28.82, 88.2, 2.88, 45.9, 14.24, , 26.83, 85, 4765, , , 512, 3, 13, -0.256, 65.87, 43.9,
202391, 48.6, 13, 13.03, 0.25, 6.4, , 34.9, 14.24, 2.08, 103, , 9.5, 14.93, 45.1, 1.6, 25.9, 14.13, , 14.45, 85, 4584, , , 512, 3, 13, 0, 19.92, 25.1,
202576, 22, 13, 5.52, 0.13, 6.49, , 14.51, 13.67, 1.05, 103, , 26, 8.64, 16.5, 0.78, 14.5, 13.78, , 10.01, 85, 4449, , , 512, 3, 13, 0, 10.01, 15.7,
202766, 14.5, 13, 5.16, 0.13, 6.5, , 14.12, 13.21, 1.46, 102, , 27, 10.31, 13.3, 0.87, 19.2, 13.21, , 10.3, 85, 4494, , , 512, 3, 13, 0, 11.5, 18.8,
202980, 16.5, 13, 5.49, 0.12, 6.52, , 13.33, 14.13, 1.46, 102, , 29, 9.95, 12.9, 1.2, 19.2, 14.01, , 9.94, 85, 4469, , , 1024, 3, 13, 0, 10.7, 18.4,
203167, 16.1, 13, 0, 0.16, 6.51, , 15.69, 18.83, 1.42, 101, , 25.5, 9.75, 14.9, 0, 18.8, 18.6, , 9.75, 85, 4428, , , 1024, 3, 13, 0, 10.23, 18.4,
203375, 12.9, 13, 0, 0.16, 6.51, , 16.86, 29.29, 1.4, 101, , 45, 9.8, 15.7, 0, 18.8, 29.29, , 9.79, 85, 4382, , , 1024, 3, 13, 0, 10.47, 18.4,
203586, 16.5, 13, 0, 0.16, 6.52, , 16.86, 29.29, 1.41, 100, , 45.5, 9.75, 15.7, 0, 18.8, 29.29, , 9.73, 85, 4353, , , 1024, 3, 13, 0, 10.26, 18.4,
203775, 16.5, 14, 0, 0.16, 6.51, , 16.47, 29.29, 1.41, 100, , 45.5, 9.7, 15.7, 0, 18.8, 29.29, , 9.71, 85, 4334, , , 1024, 3, 13, 0, 10.23, 18.4,
203980, 16.9, 14, 0, 0.16, 6.52, , 16.47, 29.29, 1.4, 99, , 45.5, 9.64, 15.7, 0, 18.8, 29.29, , 9.67, 85, 4304, , , 1024, 3, 13, 0, 10.21, 18.4,
204180, 16.5, 14, 0, 0.16, 6.49, , 16.47, 29.29, 1.41, 99, , 45.5, 9.59, 15.7, 0, 18.8, 29.29, , 9.6, 85, 4287, , , 1024, 3, 13, 0, 10.21, 18.4,
204376, 16.5, 14, 0, 0.16, 6.54, , 16.47, 29.29, 1.39, 98, , 45.5, 9.57, 15.7, 0, 18.8, 29.29, , 9.61, 85, 4265, , , 1024, 3, 13, 0, 9.96, 18.4,
204581, 16.5, 14, 0, 0.16, 6.54, , 16.47, 29.29, 1.41, 98, , 45.5, 9.59, 15.7, 0, 18.8, 29.29, , 9.61, 85, 4242, , , 1024, 3, 13, 0, 10.16, 18.4,
204775, 16.5, 14, 0, 0.16, 0.01, , 16.47, 29.29, 1.41, 97, , 46, 9.59, 15.7, 0, 18.8, 29.29, , 9.57, 85, 4225, , , 1024, 3, 13, 0, 10.44, 18.4,
204981, 16.5, 14, 0, 0.16, 0.03, , 16.47, 29.29, 1.4, 97, , 46, 9.54, 15.7, 0, 18.8, 29.29, , 9.53, 85, 4199, , , 1024, 3, 13, 0, 10.16, 18,
205194, 16.5, 14, 0, 0.16, 0.03, , 16.47, 29.29, 1.4, 96, , 46, 9.46, 15.7, 0, 18.8, 29.29, , 9.47, 85, 4177, , , 1024, 3, 13, 0, 10.06, 18,
205395, 16.5, 14, 0, 0.16, 6.55, , 16.47, 29.29, 1.38, 96, , 46, 9.44, 15.7, 0, 18.4, 29.29, , 9.47, 85, 4160, , , 1024, 3, 13, 0, 9.72, 18,
205595, 16.5, 15, 0, 0.16, 0.02, , 16.47, 29.29, 1.38, 95, , 46, 9.44, 15.7, 0, 18.4, 29.29, , 9.42, 85, 4142, , , 1024, 3, 13, 0, 10.04, 18,
205794, 16.5, 15, 0, 0.16, 0.02, , 16.08, 29.29, 1.38, 95, , 46, 9.34, 15.7, 0, 18.4, 29.29, , 9.37, 85, 4117, , , 1024, 3, 13, 0, 9.77, 18,
205985, 16.1, 15, 0, 0.16, 0.02, , 16.08, 29.29, 1.38, 95, , 46, 9.36, 15.7, 0, 18.4, 29.29, , 9.38, 85, 4097, , , 1024, 3, 13, 0, 9.8, 18,
206195, 16.1, 15, 0, 0.16, 0, , 16.08, 29.29, 1.38, 94, , 46, 9.36, 15.7, 0, 18.4, 29.29, , 9.36, 85, 4080, , , 1024, 3, 13, 0, 9.85, 18,
206395, 16.1, 15, 0, 0.16, 0.02, , 16.08, 29.29, 1.38, 94, , 46, 9.31, 15.7, 0, 18.4, 29.29, , 9.28, 85, 4060, , , 1024, 3, 13, 0, 9.65, 18,
206587, 16.1, 15, 0, 0.15, 0.01, , 16.08, 29.29, 1.38, 93, , 46, 9.18, 15.3, 0, 18.4, 29.29, , 9.21, 85, 4046, , , 1024, 3, 13, 0, 9.55, 18,
206781, 16.1, 15, 0, 0.15, 0.02, , 16.08, 29.29, 1.35, 93, , 46, 9.13, 15.3, 0, 18.4, 29.29, , 9.14, 85, 4022, , , 1024, 3, 13, 0, 9.37, 17.6,
206981, 16.1, 15, 0, 0.15, 0.01, , 15.69, 29.29, 1.36, 92, , 46, 9.03, 15.3, 0, 18.4, 29.29, , 9.07, 85, 4006, , , 1024, 3, 13, 0, 9.39, 17.6,
207164, 16.1, 15, 0, 0.15, 0.02, , 15.69, 29.29, 1.36, 92, , 45.5, 8.95, 15.3, 0, 18, 29.29, , 8.95, 85, 3985, , , 1024, 3, 13, 0, 9.11, 17.6,
207381, 15.7, 15, 0, 0.15, 0.02, , 15.69, 29.29, 1.34, 91, , 45.5, 8.82, 14.9, 0, 18, 29.29, , 8.84, 85, 3960, , , 1024, 3, 13, 0, 8.73, 17.6,
207585, 15.7, 15, 0, 0.15, 0.02, , 15.69, 29.29, 1.34, 91, , 45.5, 8.75, 14.9, 0, 18, 29.29, , 8.73, 85, 3943, , , 1024, 3, 13, 0, 8.58, 17.6,
207776, 15.7, 15, 0, 0.14, 0, , 15.69, 29.29, 1.32, 91, , 45, 8.72, 14.5, 0, 18, 29.29, , 8.72, 85, 3928, , , 1024, 3, 13, 0, 8.62, 17.3,
207965, 15.7, 16, 0, 0.14, 0.01, , 15.69, 29.29, 1.33, 90, , 45, 8.7, 14.9, 0, 18, 29.29, , 8.66, 85, 3904, , , 1024, 3, 13, 0, 8.36, 17.3,
208157, 15.3, 16, 0, 0.14, 0.01, , 15.29, 29.29, 1.32, 90, , 45, 8.52, 14.5, 0, 17.6, 29.29, , 8.54, 85, 3885, , , 1024, 3, 13, 0, 8.47, 17.3,
208352, 15.3, 16, 0, 0.14, 0.01, , 15.29, 29.29, 1.29, 89, , 44.5, 8.49, 14.5, 0, 17.6, 29.29, , 8.48, 85, 3870, , , 1024, 3, 13, 0, 8.45, 17.3,
208535, 15.3, 16, 0, 0.14, 0.02, , 15.29, 29.29, 1.31, 89, , 44.5, 8.41, 14.5, 0, 17.6, 29.29, , 8.45, 85, 3856, , , 1024, 3, 13, 0, 8.02, 17.3,
208715, 15.3, 16, 0, 0.14, 0.02, , 15.29, 29.29, 1.3, 89, , 44.5, 8.34, 14.1, 0, 17.6, 29.29, , 8.34, 85, 3840, , , 1024, 3, 13, 0, 8.04, 16.9,
208906, 15.3, 16, 0, 0.14, 0.01, , 15.29, 29.29, 1.29, 88, , 44.5, 8.26, 14.1, 0, 17.6, 29.29, , 8.27, 85, 3816, , , 1024, 3, 13, 0, 7.85, 16.9,
209087, 14.9, 16, 0, 0.14, 0.02, , 14.9, 29.29, 1.28, 88, , 44, 8.21, 14.1, 0, 17.3, 29.29, , 8.21, 85, 3802, , , 1024, 3, 13, 0, 7.85, 16.9,
209260, 14.9, 16, 0, 0.14, 0.01, , 14.9, 29.29, 1.27, 87, , 44, 8.13, 13.7, 0, 17.3, 29.29, , 8.14, 85, 3787, , , 1024, 3, 13, 0, 7.75, 16.9,
209447, 14.9, 16, 0, 0.14, 0.02, , 14.9, 29.29, 1.27, 87, , 44, 8.11, 13.7, 0, 17.3, 29.29, , 8.1, 85, 3769, , , 1024, 3, 13, 0, 7.62, 16.9,
209626, 14.9, 16, 0, 0.14, 0.02, , 14.9, 29.29, 1.27, 86, , 43.5, 8.11, 13.7, 0, 17.3, 29.29, , 8.09, 85, 3756, , , 1024, 3, 13, 0, 7.89, 16.9,
209806, 14.9, 16, 0, 0.14, 0.02, , 14.9, 29.29, 1.26, 86, , 43.5, 8.05, 13.7, 0, 17.3, 29.29, , 8.05, 85, 3737, , , 1024, 3, 13, 0, 7.46, 16.9,
209985, 14.9, 16, 0, 0.14, 0.01, , 14.9, 29.29, 1.26, 86, , 43.5, 8.03, 13.7, 0, 17.3, 29.29, , 8, 85, 3728, , , 1024, 3, 13, 0, 7.5, 16.9,
210165, 14.9, 16, 0, 0.14, 0.02, , 14.9, 29.29, 1.26, 85, , 43.5, 7.95, 13.7, 0, 17.3, 29.29, , 7.94, 85, 3709, , , 1024, 3, 13, 0, 7.37, 16.5,
210332, 14.9, 16, 0, 0.14, 0.02, , 14.9, 29.29, 1.25, 85, , 43.5, 7.88, 13.7, 0, 17.3, 29.29, , 7.89, 85, 3694, , , 1024, 3, 13, 0, 7.42, 16.5,
210506, 14.9, 16, 0, 0.14, 6.55, , 14.9, 29.29, 1.26, 85, , 43.5, 7.82, 13.7, 0, 17.3, 29.29, , 7.81, 85, 3682, , , 1024, 3, 13, 0, 7.4, 16.5,
210680, 14.9, 16, 0, 0.14, 0.01, , 14.9, 29.29, 1.25, 84, , 43.5, 7.82, 13.7, 0, 17.3, 29.29, , 7.8, 85, 3669, , , 1024, 3, 13, 0, 7.35, 16.5,
210855, 14.9, 16, 0, 0.14, 0.02, , 14.9, 29.29, 1.25, 84, , 43, 7.75, 13.7, 0, 16.9, 29.29, , 7.72, 85, 3654, , , 1024, 3, 13, 0, 7.09, 16.5,
211035, 14.5, 16, 0, 0.14, 6.54, , 14.51, 29.29, 1.23, 84, , 43, 7.77, 13.7, 0, 16.9, 29.29, , 7.79, 85, 3634, , , 1024, 3, 13, 0, 7.29, 16.5,
211206, 14.5, 16, 0, 0.14, 6.55, , 14.51, 29.29, 1.24, 83, , 43, 7.75, 13.7, 0, 16.9, 29.29, , 7.69, 85, 3617, , , 1024, 3, 13, 0, 7.09, 16.5,
211407, 14.9, 17, 0, 0.14, 0.01, , 14.51, 29.29, 1.24, 83, , 43, 7.7, 13.7, 0, 16.9, 29.29, , 7.64, 85, 3600, , , 1024, 3, 13, 0, 7.04, 16.5,
211586, 14.5, 17, 0, 0.13, 6.55, , 14.51, 29.29, 1.23, 82, , 43, 7.64, 13.7, 0, 16.9, 29.29, , 7.65, 85, 3588, , , 1024, 3, 13, 0, 7.02, 16.5,
211766, 14.5, 17, 0, 0.14, 6.55, , 14.51, 29.29, 1.23, 82, , 43, 7.64, 13.3, 0, 16.9, 29.29, , 7.63, 85, 3566, , , 1024, 3, 13, 0, 7.06, 16.5,
211945, 14.5, 17, 0, 0.14, 0, , 14.51, 29.29, 1.23, 82, , 43, 7.62, 13.7, 0, 16.9, 29.29, , 7.57, 85, 3559, , , 1024, 3, 13, 0, 7.1, 16.5,
212136, 14.5, 17, 0, 0.14, 0.04, , 14.51, 29.29, 1.23, 81, , 43, 7.57, 13.7, 0, 16.9, 29.29, , 7.54, 85, 3536, , , 1024, 3, 13, 0, 6.94, 16.5,
212315, 14.5, 17, 0, 0.13, 6.55, , 14.51, 29.29, 1.22, 81, , 42.5, 7.49, 13.3, 0, 16.9, 29.29, , 7.48, 85, 3526, , , 1024, 3, 13, 0, 6.96, 16.1,
212495, 14.5, 17, 0, 0.13, 0.03, , 14.51, 29.29, 1.22, 81, , 42.5, 7.44, 13.3, 0, 16.9, 29.29, , 7.42, 85, 3508, , , 1024, 3, 13, 0, 6.66, 16.1,
212676, 14.5, 17, 0, 0.13, 6.54, , 14.51, 29.29, 1.21, 80, , 42.5, 7.39, 13.3, 0, 16.9, 29.29, , 7.39, 85, 3494, , , 1024, 3, 13, 0, 6.66, 16.1,
212846, 14.5, 17, 0, 0.13, 0.03, , 14.51, 29.29, 1.21, 80, , 42.5, 7.31, 13.3, 0, 16.5, 29.29, , 7.37, 85, 3475, , , 1024, 3, 13, 0, 6.66, 16.1,
213014, 14.5, 17, 0, 0.13, 0.01, , 14.51, 29.29, 1.2, 80, , 42.5, 7.34, 13.3, 0, 16.5, 29.29, , 7.35, 85, 3464, , , 1024, 3, 13, 0, 6.68, 16.1,
213194, 14.5, 17, 0, 0.13, 0.02, , 14.51, 29.29, 1.21, 79, , 42.5, 7.36, 13.3, 0, 16.5, 29.29, , 7.36, 85, 3444, , , 1024, 3, 13, 0, 6.66, 16.1,
213376, 14.5, 17, 0, 0.13, 0.01, , 14.51, 29.29, 1.21, 79, , 42.5, 7.34, 13.3, 0, 16.5, 29.29, , 7.32, 84, 3428, , , 1024, 3, 13, 0, 6.58, 16.1,
213565, 14.5, 17, 0, 0.13, 0.02, , 14.51, 29.29, 1.21, 79, , 42.5, 7.34, 13.3, 0, 16.5, 29.29, , 7.32, 84, 3412, , , 1024, 3, 13, 0, 6.66, 16.1,
213745, 14.5, 17, 0, 0.13, 0.03, , 14.51, 29.29, 1.2, 78, , 42.5, 7.26, 13.3, 0, 16.5, 29.29, , 7.26, 84, 3395, , , 1024, 3, 13, 0, 6.52, 16.1,
213925, 14.5, 17, 0, 0.13, 0.01, , 14.51, 29.29, 1.2, 78, , 42, 7.26, 13.3, 0, 16.5, 29.29, , 7.27, 84, 3388, , , 1024, 3, 13, 0, 6.6, 16.1,
214095, 14.5, 17, 0, 0.13, 0.01, , 14.51, 29.29, 1.19, 77, , 42, 7.26, 13.3, 0, 16.5, 29.29, , 7.25, 84, 3366, , , 1024, 3, 13, 0, 6.6, 16.1,
214277, 14.5, 17, 0, 0.13, 0.02, , 14.51, 29.29, 1.2, 77, , 42, 7.18, 13.3, 0, 16.5, 29.29, , 7.21, 84, 3349, , , 1024, 3, 13, 0, 6.35, 16.1,
214446, 14.5, 17, 0, 0.13, 6.55, , 14.51, 29.29, 1.19, 77, , 42, 7.18, 13.3, 0, 16.5, 29.29, , 7.25, 84, 3336, , , 1024, 3, 13, 0, 6.37, 16.1,
214614, 14.5, 17, 0, 0.14, 0.01, , 14.51, 29.29, 1.19, 76, , 42, 7.18, 13.3, 0, 16.5, 29.29, , 7.15, 84, 3317, , , 1024, 3, 13, 0, 6.5, 16.1,
214785, 14.5, 17, 0, 0.13, 0.02, , 14.51, 29.29, 1.2, 76, , 42, 7.16, 13.7, 0, 16.5, 29.29, , 7.17, 84, 3306, , , 1024, 3, 13, 0, 6.39, 16.1,
214966, 14.5, 17, 0, 0.13, 0.01, , 14.51, 29.29, 1.19, 76, , 42, 7.16, 13.3, 0, 16.5, 29.29, , 7.16, 84, 3289, , , 1024, 3, 13, 0, 6.45, 16.1,
215157, 14.5, 17, 0, 0.14, 0.01, , 14.51, 29.29, 1.19, 75, , 42, 7.16, 13.3, 0, 16.5, 29.29, , 7.14, 84, 3267, , , 1024, 3, 13, 0, 6.35, 16.1,
215346, 14.5, 17, 0, 0.14, 0.01, , 14.51, 29.29, 1.19, 75, , 42, 7.13, 13.7, 0, 16.5, 29.29, , 7.11, 84, 3255, , , 1024, 3, 13, 0, 6.35, 16.1,
215525, 14.5, 17, 0, 0.14, 0.02, , 14.51, 29.29, 1.19, 75, , 42, 7.11, 13.7, 0, 16.5, 29.29, , 7.12, 84, 3242, , , 1024, 3, 13, 0, 6.23, 15.7,
215706, 14.9, 17, 0, 0.14, 0.01, , 14.51, 29.29, 1.19, 74, , 41.5, 7.03, 13.7, 0, 16.5, 29.29, , 7.02, 84, 3224, , , 1024, 3, 13, 0, 6.21, 15.7,
215875, 14.5, 17, 0, 0.14, 0.01, , 14.51, 29.29, 1.18, 74, , 41.5, 7, 13.7, 0, 16.5, 29.29, , 7.02, 84, 3211, , , 1024, 3, 13, 0, 6.17, 15.7,
216055, 14.5, 17, 0, 0.14, 0.02, , 14.51, 29.29, 1.19, 74, , 41.5, 7, 13.7, 0, 16.5, 29.29, , 6.99, 84, 3194, , , 1024, 3, 13, 0, 6.19, 15.7,
216235, 14.9, 18, 0, 0.14, 0.01, , 14.51, 29.29, 1.18, 73, , 41.5, 6.93, 13.7, 0, 16.1, 29.29, , 6.92, 84, 3182, , , 1024, 3, 13, 0, 6.25, 15.7,
216453, 14.5, 18, 0, 0.13, 6.55, , 14.51, 29.29, 1.17, 73, , 41.5, 6.88, 13.3, 0, 16.1, 29.29, , 6.9, 84, 3160, , , 1024, 3, 13, 0, 6.1, 15.7,
216634, 14.5, 18, 0, 0.14, 6.55, , 14.51, 29.29, 1.17, 72, , 41.5, 6.88, 13.7, 0, 16.1, 29.29, , 6.86, 84, 3142, , , 1024, 3, 13, 0, 6.14, 15.7,
216815, 14.5, 18, 0, 0.14, 0.02, , 14.51, 29.29, 1.17, 72, , 41.5, 6.85, 13.7, 0, 16.1, 29.29, , 6.84, 84, 3124, , , 1024, 3, 13, 0, 6.16, 15.7,
216986, 14.5, 18, 0, 0.14, 0.04, , 14.51, 29.29, 1.17, 72, , 41.5, 6.8, 13.3, 0, 16.1, 29.29, , 6.79, 84, 3111, , , 1024, 3, 13, 0, 6.12, 15.7,
217164, 14.5, 18, 0, 0.13, 6.55, , 14.51, 29.29, 1.16, 71, , 41.5, 6.72, 13.7, 0, 16.1, 29.29, , 6.75, 84, 3096, , , 1024, 3, 13, 0, 5.87, 15.7,
217335, 14.5, 18, 0, 0.13, 0.04, , 14.51, 29.29, 1.16, 71, , 41.5, 6.72, 13.3, 0, 16.1, 29.29, , 6.74, 84, 3079, , , 1024, 3, 13, 0, 5.93, 15.7,
217515, 14.5, 18, 0, 0.13, 6.55, , 14.51, 29.29, 1.16, 70, , 41.5, 6.67, 13.7, 0, 16.1, 29.29, , 6.65, 84, 3057, , , 1024, 3, 13, 0, 5.98, 15.3,
217695, 14.5, 18, 0, 0.13, 0, , 14.51, 29.29, 1.15, 70, , 41, 6.62, 13.3, 0, 16.1, 29.29, , 6.64, 84, 3047, , , 1024, 3, 13, 0, 5.81, 15.3,
217886, 14.5, 18, 0, 0.13, 0.05, , 14.51, 29.29, 1.15, 70, , 41, 6.62, 13.3, 0, 16.1, 29.29, , 6.62, 84, 3026, , , 1024, 3, 13, 0, 5.87, 15.3,
218075, 14.5, 18, 0, 0.13, 0.04, , 14.51, 29.29, 1.14, 69, , 41, 6.62, 13.3, 0, 16.1, 29.29, , 6.6, 84, 3012, , , 1024, 3, 13, 0, 5.79, 15.3,
218247, 14.5, 18, 0, 0.13, 0.03, , 14.51, 29.29, 1.15, 69, , 41, 6.54, 13.3, 0, 15.7, 29.29, , 6.53, 84, 2995, , , 1024, 3, 13, 0, 5.77, 15.3,
218416, 14.5, 18, 0, 0.13, 0.03, , 14.12, 29.29, 1.14, 69, , 41, 6.52, 13.3, 0, 15.7, 29.29, , 6.54, 84, 2981, , , 1024, 3, 13, 0, 5.68, 15.3,
218585, 14.1, 18, 0, 0.13, 0.06, , 14.51, 29.29, 1.14, 68, , 41, 6.52, 13.3, 0, 15.7, 29.29, , 6.5, 84, 2966, , , 1024, 3, 13, 0, 5.73, 15.3,
218777, 14.5, 18, 0, 0.13, 0.03, , 14.51, 29.29, 1.14, 68, , 41, 6.47, 13.3, 0, 15.7, 29.29, , 6.46, 84, 2952, , , 1024, 3, 13, 0, 5.58, 15.3,
218956, 14.5, 18, 0, 0.13, 6.52, , 14.51, 29.29, 1.14, 68, , 41, 6.47, 13.3, 0, 15.7, 29.29, , 6.46, 84, 2934, , , 1024, 3, 13, 0, 5.62, 15.3,
219135, 14.5, 18, 0, 0.13, 0.06, , 14.51, 29.29, 1.14, 67, , 41, 6.41, 13.3, 0, 15.7, 29.29, , 6.4, 84, 2920, , , 1024, 3, 13, 0, 5.64, 15.3,
219315, 14.5, 18, 0, 0.13, 6.54, , 14.51, 29.29, 1.13, 67, , 41, 6.39, 13.3, 0, 15.7, 29.29, , 6.4, 84, 2905, , , 1024, 3, 13, 0, 5.52, 15.3,
219498, 14.5, 18, 0, 0.13, 0.04, , 14.51, 29.29, 1.13, 67, , 41, 6.39, 13.3, 0, 15.7, 29.29, , 6.39, 84, 2889, , , 1024, 3, 13, 0, 5.5, 15.3,
219676, 14.5, 18, 0, 0.13, 0, , 14.51, 29.29, 1.13, 66, , 41, 6.39, 13.3, 0, 15.7, 29.29, , 6.38, 84, 2873, , , 1024, 3, 13, 0, 5.5, 15.3,
219855, 14.5, 18, 0, 0.13, 6.54, , 14.51, 29.29, 1.13, 66, , 41, 6.39, 13.3, 0, 15.7, 29.29, , 6.36, 84, 2864, , , 1024, 3, 13, 0, 5.52, 15.3,
220026, 14.5, 18, 0, 0.13, 0.03, , 14.51, 29.29, 1.13, 66, , 41, 6.34, 13.3, 0, 15.7, 29.29, , 6.33, 84, 2846, , , 1024, 3, 13, 0, 5.48, 15.3,
220206, 14.5, 18, 0, 0.13, 0.02, , 14.51, 29.29, 1.13, 65, , 41, 6.34, 13.3, 0, 15.7, 29.29, , 6.34, 84, 2832, , , 1024, 3, 13, 0, 5.38, 15.3,
220386, 14.9, 18, 0, 0.14, 0.01, , 14.9, 29.29, 1.13, 65, , 41, 6.31, 13.3, 0, 15.7, 29.29, , 6.31, 84, 2816, , , 1024, 3, 13, 0, 5.4, 15.3,
220565, 14.9, 18, 0, 0.13, 0, , 14.9, 29.29, 1.12, 65, , 41, 6.29, 13.3, 0, 15.7, 29.29, , 6.3, 84, 2800, , , 1024, 3, 13, 0, 5.38, 15.3,
220735, 14.9, 18, 0, 0.14, 0.02, , 14.9, 29.29, 1.12, 64, , 41, 6.29, 13.7, 0, 15.7, 29.29, , 6.26, 84, 2788, , , 1024, 3, 13, 0, 5.36, 14.9,
220915, 14.9, 18, 0, 0.14, 0.01, , 14.9, 29.29, 1.12, 64, , 41, 6.24, 13.7, 0, 15.7, 29.29, , 6.23, 84, 2770, , , 1024, 3, 13, 0, 5.4, 14.9,
221086, 14.9, 18, 0, 0.14, 0.02, , 14.9, 29.29, 1.12, 63, , 41, 6.18, 13.7, 0, 15.3, 29.29, , 6.2, 84, 2756, , , 1024, 3, 13, 0, 5.25, 14.9,
221276, 14.9, 18, 0, 0.14, 0.01, , 14.9, 29.29, 1.12, 63, , 41, 6.16, 13.7, 0, 15.3, 29.29, , 6.17, 84, 2743, , , 1024, 3, 13, 0, 5.29, 14.9,
221488, 14.9, 18, 0, 0.14, 0.02, , 14.9, 29.29, 1.12, 63, , 41.5, 6.16, 13.7, 0, 15.3, 29.29, , 6.13, 84, 2719, , , 1024, 3, 13, 0, 5.2, 14.9,
221655, 14.9, 18, 0, 0.14, 0.01, , 14.9, 29.29, 1.11, 62, , 41.5, 6.13, 13.7, 0, 15.3, 29.29, , 6.12, 84, 2709, , , 1024, 3, 13, 0, 5.18, 14.9,
221846, 14.9, 18, 0, 0.14, 0.02, , 14.9, 29.29, 1.12, 62, , 41.5, 6.08, 13.7, 0, 15.3, 29.29, , 6.07, 84, 2685, , , 1024, 3, 13, 0, 5.05, 14.9,
222034, 14.9, 18, 0, 0.13, 0.01, , 14.9, 29.29, 1.1, 62, , 41.5, 6.06, 13.3, 0, 15.3, 29.29, , 6.07, 84, 2678, , , 1024, 3, 13, 0, 5.14, 14.9,
222206, 14.9, 18, 0, 0.14, 0.01, , 14.9, 29.29, 1.11, 61, , 42, 6.06, 13.3, 0, 15.3, 29.29, , 6.06, 84, 2660, , , 1024, 3, 13, 0, 5.14, 14.9,
222376, 14.9, 18, 0, 0.14, 0.02, , 14.9, 29.29, 1.11, 61, , 42, 6.06, 13.7, 0, 15.3, 29.29, , 6.02, 84, 2641, , , 1024, 3, 13, 0, 5.13, 14.9,
222555, 15.3, 18, 0, 0.14, 0.02, , 14.9, 29.29, 1.1, 61, , 42, 6, 13.7, 0, 15.3, 29.29, , 6, 84, 2624, , , 1024, 3, 13, 0, 5.02, 14.9,
222736, 14.9, 18, 0, 0.14, 0.01, , 14.9, 29.29, 1.1, 60, , 42.5, 5.95, 13.7, 0, 15.3, 29.29, , 5.97, 84, 2609, , , 1024, 3, 13, 0, 4.95, 14.9,
222913, 14.9, 18, 0, 0.14, 0.01, , 14.9, 29.29, 1.1, 60, , 42.5, 5.95, 13.3, 0, 15.3, 29.29, , 5.94, 84, 2600, , , 1024, 3, 13, 0, 5.02, 14.9,
223086, 14.9, 18, 0, 0.14, 0.01, , 14.9, 29.29, 1.1, 60, , 42.5, 5.93, 13.7, 0, 15.3, 29.29, , 5.92, 84, 2584, , , 1024, 3, 13, 0, 4.95, 14.9,
223255, 14.9, 18, 0, 0.14, 0.02, , 14.9, 29.29, 1.09, 59, , 43, 5.9, 13.7, 0, 15.3, 29.29, , 5.91, 84, 2562, , , 1024, 3, 13, 0, 4.89, 14.9,
223426, 14.9, 18, 0, 0.14, 0.02, , 14.9, 29.29, 1.09, 59, , 43, 5.88, 13.7, 0, 15.3, 29.29, , 5.89, 84, 2552, , , 1024, 3, 13, 0, 4.91, 14.9,
223605, 14.9, 18, 0, 0.14, 0.01, , 14.9, 29.29, 1.09, 58, , 43, 5.88, 13.3, 0, 15.3, 29.29, , 5.88, 84, 2538, , , 1024, 3, 13, 0, 4.86, 14.9,
223787, 14.9, 18, 0, 0.13, 0.01, , 14.9, 29.29, 1.09, 58, , 43, 5.77, 13.7, 0, 15.3, 29.29, , 5.79, 83, 2519, , , 1024, 3, 13, 0, 4.75, 14.5,
223966, 14.9, 18, 0, 0.13, 0.02, , 14.9, 29.29, 1.08, 58, , 43.5, 5.75, 13.3, 0, 14.9, 29.29, , 5.75, 83, 2505, , , 1024, 3, 13, 0, 4.79, 14.5,
224155, 14.9, 18, 0, 0.13, 0.01, , 14.9, 29.29, 1.08, 57, , 43, 5.72, 13.3, 0, 14.9, 29.29, , 5.71, 83, 2490, , , 1024, 3, 13, 0, 4.67, 14.5,
224340, 14.9, 18, 0, 0.13, 0.02, , 14.9, 29.29, 1.08, 57, , 43, 5.67, 13.3, 0, 14.9, 29.29, , 5.66, 83, 2470, , , 1024, 3, 13, 0, 4.6, 14.5,
224525, 14.9, 18, 0, 0.13, 0, , 14.9, 29.29, 1.07, 57, , 43, 5.62, 13.3, 0, 14.9, 29.29, , 5.61, 83, 2460, , , 1024, 3, 13, 0, 4.65, 14.5,
224706, 14.9, 18, 0, 0.13, 0.03, , 14.9, 29.29, 1.07, 56, , 43, 5.57, 13.3, 0, 14.9, 29.29, , 5.57, 83, 2443, , , 1024, 3, 13, 0, 4.56, 14.5,
224886, 14.5, 18, 0, 0.13, 0.02, , 14.51, 29.29, 1.06, 56, , 43, 5.54, 13.3, 0, 14.9, 29.29, , 5.54, 83, 2427, , , 1024, 3, 13, 0, 4.48, 14.5,
225066, 14.5, 18, 0, 0.13, 0.02, , 14.51, 29.29, 1.06, 56, , 43, 5.47, 13.3, 0, 14.9, 29.29, , 5.48, 83, 2412, , , 1024, 3, 13, 0, 4.43, 14.1,
225246, 14.5, 18, 0, 0.13, 0.01, , 14.51, 29.29, 1.05, 55, , 42.5, 5.44, 13.3, 0, 14.9, 29.29, , 5.43, 83, 2398, , , 1024, 3, 13, 0, 4.34, 14.1,
225426, 14.5, 18, 0, 0.13, 0.01, , 14.51, 29.29, 1.06, 55, , 42.5, 5.39, 13.3, 0, 14.9, 29.29, , 5.38, 83, 2385, , , 1024, 3, 13, 0, 4.31, 14.1,
225596, 14.5, 18, 0, 0.13, 0.02, , 14.51, 29.29, 1.05, 55, , 42.5, 5.34, 12.9, 0, 14.9, 29.29, , 5.35, 83, 2369, , , 1024, 3, 13, 0, 4.25, 14.1,
225765, 14.5, 19, 0, 0.13, 0.03, , 14.51, 29.29, 1.05, 54, , 42.5, 5.31, 12.9, 0, 14.5, 29.29, , 5.32, 83, 2356, , , 1024, 3, 13, 0, 4.26, 14.1,
225946, 14.5, 19, 0, 0.13, 0.01, , 14.51, 29.29, 1.04, 54, , 42.5, 5.24, 12.9, 0, 14.5, 29.29, , 5.25, 83, 2337, , , 1024, 3, 13, 0, 4.12, 14.1,
226134, 14.5, 19, 5.19, 0.13, 0.01, , 14.51, 29.29, 1.04, 54, , 26.5, 5.21, 12.9, 0, 14.5, 29.29, , 5.21, 83, 2332, , , 1024, 3, 13, 0, 4.17, 14.1,
226306, 12.2, 19, 7.9, 0.23, 0.02, , 18.43, 29.29, 1.14, 53, , 34.5, 13.26, 11, 1.06, 21.2, 29.29, , 13.78, 83, 2378, , , 256, 3, 13, 0, 18.61, 21.2,
226508, 48.2, 18, 27.71, 0.72, 0.02, , 67.45, 18.26, 2.45, 54, , 18, 24.72, 43.5, 3.08, 34.5, 18.38, , 24.86, 83, 2422, , , 256, 3, 13, 0, 34.07, 32.9,
226687, 89, 18, 35.89, 0.87, 6.55, , 94.12, 13.55, 2.27, 54, , 10.5, 29.31, 80.4, 3.52, 36.5, 13.44, , 29.42, 83, 2418, , , 256, 3, 13, 0, 42.38, 36.5,
226856, 97.3, 18, 36.68, 0.88, 0.02, , 98.04, 13.67, 2.3, 55, , 9.5, 34.25, 87.8, 3.68, 41.2, 13.67, , 34.6, 83, 2444, , , 512, 3, 13, 0, 41.52, 41.2,
227026, 98.4, 18, 36.71, 0.88, 6.51, , 98.82, 13.67, 2.27, 56, , 9.5, 38.77, 88.6, 3.73, 45.9, 13.67, , 38.73, 83, 2498, , , 512, 3, 13, 0, 39.66, 45.9,
227187, 98.8, 18, 37.66, 0.89, 6.48, , 98.82, 13.9, 2.45, 57, , 10, 40.07, 89, 3.8, 47.5, 13.78, , 39.91, 83, 2528, , , 512, 3, 13, 0, 41.33, 47.5,
227344, 99.2, 17, 33.48, 0.89, 6.48, , 99.22, 14.36, 2.4, 58, , 9.5, 41.23, 89, 3.47, 48.6, 14.24, , 41.19, 83, 2549, , , 512, 3, 13, 0, 46.39, 48.6,
227514, 99.6, 17, 33.78, 0.89, 6.47, , 99.22, 14.93, 2.33, 59, , 10, 42.77, 89.8, 3.57, 49.8, 14.93, , 42.87, 83, 2614, , , 512, 3, 13, 0, 52.27, 49.8,
227686, 99.6, 17, 33.97, 0.89, 6.5, , 99.61, 14.81, 2.38, 60, , 10, 44.3, 89.4, 3.62, 51.4, 14.81, , 44.19, 83, 2658, , , 512, 3, 13, 0, 42.12, 51.4,
227847, 99.6, 17, 34.21, 0.9, 6.49, , 100, 14.81, 2.3, 61, , 10.5, 45.2, 89.8, 3.65, 52.5, 14.81, , 45.32, 83, 2701, , , 512, 3, 13, 0, 41.39, 52.2,
228007, 100, 16, 34.52, 0.9, 6.53, , 100, 14.81, 2.35, 62, , 11, 47.15, 90.6, 3.7, 54.1, 14.93, , 47.16, 83, 2744, , , 512, 3, 13, 0, 46.45, 54.1,
228166, 100, 16, 34.79, 0.9, 6.49, , 100, 15.04, 2.46, 63, , 10.5, 48.28, 90.6, 3.75, 55.3, 14.93, , 48.3, 83, 2788, , , 512, 3, 13, 0, 60.42, 55.3,
228336, 99.6, 16, 35.16, 0.91, 6.5, , 100, 14.81, 2.64, 64, , 10.5, 49.33, 91, 3.82, 56.5, 14.81, , 49.38, 83, 2829, , , 512, 3, 13, 0, 57.51, 56.1,
228505, 100, 16, 35.49, 0.92, 6.49, , 99.61, 14.81, 2.53, 65, , 10.5, 49.97, 91.4, 3.87, 56.9, 14.81, , 49.93, 83, 2879, , , 512, 3, 13, 0, 57.89, 56.9,
228677, 100, 16, 35.74, 0.92, 6.55, , 100, 14.59, 2.62, 66, , 10.5, 50.53, 92.2, 3.9, 57.6, 14.59, , 50.47, 83, 2916, , , 512, 3, 13, 0, 52.67, 57.6,
228835, 99.6, 15, 36.04, 0.93, 6.55, , 100, 14.59, 2.51, 67, , 10.5, 51.51, 92.5, 3.91, 58, 14.59, , 51.52, 83, 2954, , , 512, 3, 13, 0, 56.81, 58,
229006, 100, 15, 36.41, 0.93, 6.51, , 100, 14.47, 2.66, 68, , 10.5, 52.92, 92.9, 3.95, 60, 14.47, , 52.86, 83, 2998, , , 512, 3, 13, 0, 64.61, 59.6,
229166, 100, 15, 36.44, 0.93, 6.48, , 100, 14.47, 2.71, 68, , 10.5, 52.28, 93.3, 3.94, 59.6, 14.47, , 52.26, 83, 3043, , , 512, 3, 13, 0, 63.42, 59.6,
229335, 100, 15, 36.53, 0.93, 0.02, , 100, 14.36, 2.68, 69, , 11, 52.99, 92.9, 3.88, 59.6, 14.36, , 53.12, 83, 3088, , , 512, 3, 13, 0, 54.01, 59.6,
229506, 100, 15, 36.53, 0.93, 6.46, , 100, 14.24, 2.64, 71, , 11, 54.76, 92.9, 3.84, 61.6, 14.24, , 54.74, 83, 3128, , , 512, 3, 13, 0, 66.79, 61.6,
229667, 100, 14, 36.62, 0.92, 6.53, , 100, 14.47, 2.61, 71, , 11, 55.76, 92.9, 3.46, 62.4, 14.47, , 55.69, 83, 3170, , , 512, 3, 13, 0, 70.53, 62.4,
229827, 100, 14, 36.71, 0.93, 6.54, , 100, 14.59, 2.79, 72, , 11.5, 56.61, 92.5, 3.48, 63.1, 14.59, , 56.64, 83, 3215, , , 512, 3, 13, 0, 64.6, 63.1,
230006, 100, 14, 37.23, 0.93, 6.55, , 100, 14.59, 2.6, 74, , 11.5, 83.88, 92.9, 3.47, 75.3, 14.47, , 86, 83, 3267, , , 512, 3, 13, 0, 64.52, 79.6,
230176, 100, 14, 37.11, 0.93, 6.55, , 100, 14.47, 2.75, 75, , 11.5, 86.09, 92.9, 3.45, 91.8, 14.47, , 86, 83, 3313, , , 512, 3, 13, 0, 67.62, 91.8,
230346, 100, 14, 37.23, 0.93, 0.03, , 100, 14.47, 2.69, 76, , 11.5, 86.01, 92.9, 3.4, 91.4, 14.47, , 86, 83, 3356, , , 512, 3, 13, 0, 63.87, 91.8,
230516, 100, 14, 37.32, 0.93, 0.04, , 100, 14.36, 2.64, 77, , 11.5, 86.01, 92.9, 3.38, 91.4, 14.36, , 86, 83, 3405, , , 512, 3, 13, 0, 64.51, 91.8,
230686, 100, 14, 37.38, 0.93, 0.06, , 100, 14.47, 2.83, 78, , 11.5, 86.01, 92.9, 3.35, 91.4, 14.47, , 86, 83, 3444, , , 512, 3, 13, 0, 63.64, 91.8,
230857, 100, 14, 37.51, 0.93, 0.07, , 100, 14.47, 2.82, 79, , 11.5, 86.01, 92.9, 3.32, 91.4, 14.36, , 86, 83, 3491, , , 512, 3, 13, 0, 67.78, 91.8,
231025, 100, 13, 37.54, 0.93, 6.51, , 100, 14.36, 2.75, 80, , 11, 86.01, 92.9, 3.29, 91.4, 14.36, , 86, 83, 3534, , , 512, 3, 13, 0, 63.55, 91.8,
231186, 100, 13, 37.51, 0.93, 0.1, , 100, 14.36, 2.83, 81, , 11, 86.01, 92.9, 3.27, 91.4, 14.36, , 86, 83, 3570, , , 512, 3, 13, 0, 73.47, 91.8,
231356, 100, 13, 37.54, 0.93, 0.11, , 100, 14.36, 2.83, 82, , 11, 86.01, 92.9, 3.26, 91.4, 14.36, , 86, 83, 3621, , , 512, 3, 13, 0, 73.56, 91.8,
231561, 100, 13, 37.54, 0.93, 0.04, , 100, 14.47, 2.83, 83, , 11, 86.01, 92.9, 3.26, 91.4, 14.47, , 86, 83, 3662, , , 512, 3, 13, 0, 65.07, 91.8,
231726, 100, 13, 37.54, 0.93, 6.53, , 100, 14.47, 2.71, 84, , 10.5, 86.01, 93.3, 3.24, 91.4, 14.47, , 86, 83, 3705, , , 512, 3, 13, 0, 68.19, 91.8,
231906, 100, 13, 37.6, 0.93, 6.51, , 100, 14.47, 2.85, 85, , 10.5, 86.01, 93.3, 3.24, 91.4, 14.47, , 86, 83, 3752, , , 512, 3, 13, 0, 66.19, 91.8,
232075, 100, 13, 37.54, 0.93, 0, , 100, 14.47, 2.92, 86, , 10.5, 85.98, 93.3, 3.24, 91.4, 14.47, , 86, 83, 3792, , , 512, 3, 13, 0, 67.85, 91.8,
232246, 100, 13, 37.57, 0.93, 6.53, , 100, 14.47, 2.92, 87, , 11, 86.01, 93.3, 3.23, 91.4, 14.47, , 86, 83, 3842, , , 512, 3, 13, 0, 79.84, 91.8,
232416, 100, 13, 37.75, 0.94, 0.02, , 100, 14.47, 2.93, 88, , 11, 85.98, 93.7, 3.25, 91.4, 14.47, , 86, 83, 3887, , , 512, 3, 13, 0, 78.64, 91.8,
232585, 100, 12, 37.99, 0.94, 0.02, , 100, 14.47, 2.97, 89, , 11, 86.01, 94.1, 3.27, 91.4, 14.47, , 86, 83, 3924, , , 512, 3, 12, 0, 79.1, 91.8,
232766, 100, 12, 38.18, 0.95, 0.03, , 100, 14.47, 2.98, 90, , 11, 86.01, 94.5, 3.27, 91.4, 14.59, , 86, 83, 3972, , , 512, 3, 12, 0, 80.39, 91.8,
232926, 100, 12, 38.39, 0.95, 0.01, , 100, 14.59, 2.93, 91, , 11, 85.98, 95.3, 3.29, 91.4, 14.47, , 86, 83, 4011, , , 512, 3, 12, 0, 73.11, 91.8,
233095, 100, 12, 38.6, 0.96, 0.01, , 100, 14.47, 2.99, 91, , 11.5, 86.01, 95.7, 3.3, 91.4, 14.47, , 86, 83, 4046, , , 512, 3, 12, 0, 76.55, 91.8,
233260, 100, 12, 38.85, 0.96, 6.52, , 100, 14.36, 2.95, 92, , 11.5, 86.01, 96.5, 3.31, 91.4, 14.36, , 86, 83, 4088, , , 512, 3, 12, 0, 79.47, 91.8,
233436, 100, 12, 38.85, 0.96, 6.53, , 100, 14.36, 2.97, 93, , 11.5, 85.98, 96.5, 3.3, 91.4, 14.36, , 86, 83, 4130, , , 512, 3, 12, 0, 83.85, 91.8,
233617, 100, 12, 38.79, 0.96, 6.52, , 100, 14.36, 2.97, 94, , 11.5, 86.01, 96.1, 3.27, 91.4, 14.36, , 86, 83, 4175, , , 512, 3, 12, 0, 82.16, 91.8,
233787, 100, 12, 38.73, 0.96, 6.54, , 100, 14.36, 2.89, 95, , 12, 86.01, 96.1, 3.26, 91.4, 14.36, , 86, 83, 4211, , , 512, 3, 12, 0, 80.38, 91.8,
233956, 100, 12, 38.67, 0.95, 0.01, , 100, 14.47, 2.95, 96, , 12, 86.01, 95.7, 3.24, 91.4, 14.47, , 86, 83, 4260, , , 512, 3, 12, 0, 84.53, 91.8,
234127, 100, 12, 38.57, 0.95, 0.03, , 100, 14.47, 2.98, 97, , 12.5, 86.01, 95.3, 3.23, 91.4, 14.47, , 86, 83, 4295, , , 512, 3, 12, 0, 78.91, 91.8,
234298, 100, 12, 38.51, 0.95, 0, , 100, 14.47, 2.94, 98, , 12.5, 86.01, 94.9, 3.2, 91.4, 14.47, , 86, 83, 4338, , , 512, 3, 12, 0, 86.85, 91.8,
234478, 100, 12, 38.57, 0.94, 6.52, , 100, 14.47, 2.94, 99, , 12.5, 86.01, 94.9, 3.2, 91.4, 14.47, , 86, 83, 4382, , , 512, 3, 12, 0, 88.14, 91.8,
234650, 100, 12, 38.42, 0.94, 6.55, , 100, 14.47, 2.99, 100, , 13, 85.98, 94.5, 3.19, 91.4, 14.47, , 86, 83, 4416, , , 512, 3, 12, 0, 81.59, 91.8,
234821, 100, 12, 38.36, 0.94, 6.53, , 100, 14.59, 2.94, 101, , 13, 85.98, 94.1, 3.18, 91.4, 14.59, , 86, 83, 4462, , , 512, 3, 12, 0, 79.18, 91.8,
235005, 100, 12, 38.3, 0.93, 6.5, , 100, 14.47, 3.04, 102, , 13.5, 85.98, 94.1, 3.18, 91.4, 14.47, , 86, 83, 4504, , , 512, 3, 12, 0, 89.73, 91.8,
235178, 100, 12, 38.36, 0.94, 0.01, , 100, 14.47, 3.06, 103, , 13.5, 86.04, 94.1, 3.17, 91.4, 14.47, , 86, 84, 4541, , , 512, 3, 12, 0, 83.85, 91.8,
235346, 100, 12, 38.42, 0.94, 0.01, , 100, 14.47, 2.92, 104, , 13, 86.01, 94.1, 3.17, 91.4, 14.47, , 86, 84, 4573, , , 512, 3, 12, 0, 79.83, 91.8,
235516, 100, 12, 38.48, 0.94, 6.52, , 100, 14.47, 2.97, 105, , 13, 86.01, 94.1, 3.17, 91.4, 14.47, , 86, 84, 4625, , , 512, 3, 12, 0, 91.65, 91.8,
235695, 100, 12, 38.57, 0.93, 6.55, , 100, 14.47, 2.98, 105, , 13, 86.01, 94.1, 3.18, 91.4, 14.47, , 86, 84, 4651, , , 512, 3, 12, 0, 88.74, 91.8,
235867, 100, 11, 38.7, 0.94, 6.51, , 100, 14.47, 2.94, 106, , 13, 86.01, 94.1, 3.18, 91.4, 14.47, , 86, 84, 4696, , , 512, 3, 11, 0, 91.85, 91.8,
236047, 100, 11, 38.67, 0.94, 6.51, , 100, 14.47, 3.04, 107, , 13, 86.04, 94.1, 3.18, 91.4, 14.47, , 86, 84, 4731, , , 512, 3, 11, 0, 89.73, 91.8,
236215, 100, 11, 38.73, 0.94, 6.5, , 100, 14.47, 3.03, 108, , 13, 86.01, 94.1, 3.18, 91.4, 14.47, , 86, 84, 4768, , , 512, 3, 11, 0, 82.62, 91.8,
236385, 100, 11, 42.91, 0.94, 6.5, , 100, 12.86, 3.01, 109, , 13.5, 86.01, 94.1, 3.59, 91.4, 13.09, , 86, 84, 4817, , , 512, 3, 11, 0, 86.26, 91.8,
236607, 100, 11, 42.94, 0.94, 6.5, , 100, 13.09, 2.96, 110, , 13.5, 86.01, 93.7, 3.46, 91.4, 13.09, , 86, 84, 4858, , , 512, 3, 11, 0, 88.53, 91.8,
236775, 100, 11, 42.97, 0.94, 6.51, , 100, 12.98, 3.12, 111, , 13.5, 86.01, 94.1, 3.45, 91.4, 12.98, , 86, 84, 4908, , , 512, 3, 11, 0, 87.84, 91.8,
236956, 100, 11, 42.91, 0.94, 6.54, , 100, 13.09, 3.13, 112, , 13.5, 85.98, 94.1, 3.45, 91.4, 13.09, , 86, 84, 4942, , , 512, 3, 11, 0, 97.04, 91.8,
237126, 100, 11, 42.85, 0.94, 6.48, , 100, 13.21, 3.18, 113, , 13.5, 86.01, 94.1, 3.43, 91.4, 13.21, , 86, 84, 4978, , , 512, 3, 11, 0, 89.83, 91.8,
237296, 100, 11, 42.91, 0.94, 6.53, , 100, 13.21, 3.11, 114, , 13.5, 86.01, 94.1, 3.43, 91.4, 13.09, , 86, 84, 5022, , , 512, 3, 11, 0, 91.44, 91.8,
237466, 100, 11, 43.03, 0.94, 6.53, , 100, 13.21, 3.07, 114, , 13.5, 86.01, 94.1, 3.44, 91.4, 13.21, , 86, 84, 5058, , , 512, 3, 11, 0, 100.72, 91.8,
237635, 100, 11, 43.12, 0.94, 6.49, , 100, 13.09, 3.19, 115, , 13.5, 86.01, 94.1, 3.45, 91.4, 13.09, , 86, 84, 5090, , , 512, 3, 11, 0, 93.48, 91.8,
237807, 100, 11, 43.3, 0.94, 6.49, , 100, 13.09, 3.1, 116, , 13.5, 86.04, 94.5, 3.45, 91.4, 13.21, , 86, 84, 5132, , , 512, 3, 11, 0, 94.52, 91.8,
237976, 100, 11, 43.4, 0.94, 6.52, , 100, 13.09, 3.11, 117, , 14, 86.01, 94.5, 3.46, 91.4, 13.09, , 86, 84, 5175, , , 512, 3, 11, 0, 100.94, 91.8,
238146, 100, 11, 43.64, 0.95, 6.52, , 100, 13.09, 3.09, 118, , 14, 86.01, 94.5, 3.47, 91.4, 13.09, , 86, 84, 5211, , , 512, 3, 11, 0, 101.27, 91.8,
238318, 100, 11, 43.82, 0.95, 6.55, , 100, 12.98, 3.18, 119, , 14, 85.98, 94.9, 3.48, 91.4, 12.98, , 86, 84, 5256, , , 512, 3, 11, 0, 102.6, 91.8,
238486, 100, 11, 43.79, 0.95, 6.55, , 100, 13.09, 3.08, 120, , 14, 86.01, 94.9, 3.49, 91.4, 13.09, , 86, 84, 5284, , , 512, 3, 11, 0, 97.47, 91.8,
238661, 100, 11, 44.04, 0.95, 6.55, , 100, 13.09, 3.25, 121, , 14.5, 86.01, 94.9, 3.5, 91.4, 13.09, , 86, 84, 5330, , , 512, 3, 11, 0, 108.3, 91.8,
238834, 100, 11, 44.22, 0.95, 0.01, , 100, 12.98, 3.19, 121, , 14.5, 86.04, 95.3, 3.52, 91.4, 12.98, , 86, 84, 5362, , , 512, 3, 11, 0, 102.27, 91.8,
239007, 100, 11, 44.31, 0.95, 0.04, , 100, 12.86, 3.17, 122, , 14.5, 86.04, 95.3, 3.51, 91.4, 12.86, , 86, 84, 5411, , , 512, 3, 11, 0, 100.05, 91.8,
239177, 100, 11, 44.43, 0.95, 0.02, , 100, 12.98, 3.22, 123, , 14.5, 86.01, 95.7, 3.53, 91.4, 12.98, , 86, 84, 5441, , , 512, 3, 11, 0, 112.38, 91.8,
239347, 100, 11, 44.62, 0.95, 0.02, , 100, 12.86, 3.15, 124, , 15, 86.04, 95.7, 3.53, 91.4, 12.86, , 86, 84, 5468, , , 512, 3, 11, 0, 98.97, 91.8,
239526, 100, 11, 44.77, 0.96, 0, , 100, 12.86, 3.25, 125, , 15, 85.98, 96.1, 3.54, 91.4, 12.86, , 86, 84, 5517, , , 512, 3, 11, 0, 113.2, 91.8,
239697, 100, 11, 44.92, 0.96, 0.02, , 100, 12.75, 3.19, 126, , 15, 86.01, 96.1, 3.53, 91.4, 12.75, , 86, 84, 5550, , , 512, 3, 11, 0, 102.6, 91.8,
239866, 100, 11, 44.89, 0.96, 0.02, , 100, 12.86, 3.29, 126, , 15.5, 85.98, 96.1, 3.52, 91.4, 12.86, , 86, 84, 5591, , , 512, 3, 11, 0, 101.05, 91.8,
240077, 100, 11, 44.77, 0.95, 6.55, , 100, 12.86, 3.31, 127, , 16, 86.01, 95.7, 3.53, 91.4, 12.86, , 86, 84, 5634, , , 512, 3, 11, 0, 117.98, 91.8,
240246, 100, 11, 44.74, 0.95, 6.55, , 100, 12.86, 3.36, 128, , 16, 86.01, 95.7, 3.51, 91.4, 12.86, , 86, 84, 5672, , , 512, 3, 11, 0, 107.01, 91.8,
240416, 100, 11, 44.68, 0.95, 0.03, , 100, 12.86, 3.19, 129, , 16, 86.01, 94.9, 3.52, 91.4, 12.86, , 86, 84, 5696, , , 512, 3, 11, 0, 114.73, 91.8,
240586, 100, 11, 44.62, 0.95, 0.01, , 100, 12.86, 3.32, 130, , 16.5, 86.01, 94.9, 3.52, 91.4, 12.86, , 86, 84, 5736, , , 512, 3, 11, 0, 111.67, 91.8,
240767, 100, 11, 44.46, 0.94, 0, , 100, 12.86, 3.21, 131, , 17, 86.01, 94.9, 3.5, 91.4, 12.86, , 86, 84, 5774, , , 512, 3, 11, 0, 107.59, 91.8,
240936, 100, 11, 44.43, 0.94, 0.01, , 100, 12.86, 3.25, 131, , 17, 86.01, 94.5, 3.52, 91.4, 12.86, , 86, 84, 5800, , , 512, 3, 11, 0, 115.69, 91.8,
241116, 100, 11, 44.31, 0.94, 0.01, , 100, 12.86, 3.32, 132, , 17, 86.01, 94.1, 3.52, 91.4, 12.86, , 86, 84, 5838, , , 512, 3, 11, 0, 114.37, 91.8,
241295, 100, 11, 44.22, 0.94, 0.03, , 100, 12.75, 3.27, 133, , 17.5, 86.01, 94.1, 3.52, 91.4, 12.75, , 86, 84, 5872, , , 512, 3, 11, 0, 109.8, 91.8,
241477, 100, 11, 44.28, 0.93, 0.04, , 100, 12.75, 3.24, 134, , 17.5, 85.98, 93.7, 3.5, 91.4, 12.75, , 86, 84, 5913, , , 512, 3, 11, 0, 106.9, 91.8,
241686, 100, 11, 44.25, 0.93, 6.55, , 100, 12.75, 3.23, 135, , 18, 86.04, 93.3, 3.51, 91.4, 12.75, , 86, 84, 5953, , , 512, 3, 11, 0, 106.1, 91.8,
241868, 100, 11, 44.13, 0.93, 0.01, , 100, 12.75, 3.31, 135, , 18, 86.01, 93.3, 3.52, 91.4, 12.75, , 86, 84, 5986, , , 512, 3, 11, 0, 113.78, 91.8,
242045, 100, 11, 44.31, 0.93, 0.01, , 100, 12.63, 3.26, 136, , 18.5, 86.04, 92.9, 3.51, 91.4, 12.63, , 86, 84, 6014, , , 512, 3, 11, 0, 106.9, 91.8,
242227, 100, 11, 44.95, 0.93, 6.55, , 100, 12.4, 3.34, 137, , 18.5, 86.01, 93.3, 3.53, 91.4, 12.4, , 86, 84, 6045, , , 512, 3, 11, 0, 116.77, 91.8,
242396, 100, 11, 45.04, 0.92, 0.02, , 100, 12.29, 3.24, 138, , 19, 86.01, 92.9, 3.55, 91.4, 12.4, , 86, 84, 6074, , , 512, 3, 11, 0, 111.32, 91.8,
242577, 100, 11, 44.83, 0.92, 0, , 100, 12.29, 3.29, 138, , 19, 86.01, 92.5, 3.55, 91.4, 12.29, , 86, 84, 6110, , , 512, 3, 11, 0, 106.55, 91.8,
242821, 100, 11, 44.74, 0.91, 0.03, , 100, 12.4, 3.37, 139, , 19, 85.98, 92.5, 3.53, 91.4, 12.4, , 86, 84, 6146, , , 512, 3, 11, 0, 109.22, 91.8,
243006, 100, 11, 44.77, 0.92, 0.02, , 100, 12.29, 3.29, 140, , 19, 86.01, 92.2, 3.52, 91.4, 12.4, , 86, 84, 6170, , , 512, 3, 11, 0, 111.67, 91.8,
243186, 100, 11, 44.28, 0.9, 6.55, , 100, 12.29, 3.31, 140, , 10.5, 85.32, 92.2, 3.52, 91.4, 12.29, , 85.21, 84, 6171, , , 512, 3, 11, 0, 107.01, 91.8,
243355, 91, 11, 18.8, 0.24, 6.55, , 50.2, 11.94, 3.24, 140, , 2.5, 15.93, 83.1, 2.46, 33.7, 12.06, , 15.1, 85, 5644, , , 512, 3, 11, 0, 21.27, 29,
243541, 20, 11, 7.11, 0.14, 0.02, , 17.25, 11.48, 1.59, 140, , 16, 11.59, 18.8, 0.91, 20.8, 11.48, , 11.08, 85, 4997, , , 512, 3, 11, 0, 13.19, 20.4,
243715, 14.9, 11, 6.2, 0.13, 0.01, , 14.12, 11.48, 1.5, 140, , 21, 10.36, 13.7, 0.9, 19.6, 11.48, , 10.35, 85, 4465, , , 512, 4, 11, 0, 12.16, 19.2,
243895, 13.7, 11, 6.41, 0.13, 0.03, , 13.33, 11.83, 1.46, 139, , 21, 9.75, 13.3, 1.14, 18.8, 11.83, , 9.77, 85, 4172, , , 512, 4, 11, 0, 10.56, 18.4,
244116, 13.3, 11, 6.35, 0.13, 0.02, , 13.73, 12.29, 1.45, 139, , 21, 9.9, 12.9, 1.22, 19.2, 12.29, , 9.85, 85, 4188, , , 512, 4, 11, 0, 11.03, 18.4,
244295, 13.7, 11, 5.62, 0.13, 6.46, , 13.33, 12.4, 1.45, 138, , 27, 9.59, 12.9, 0, 18.8, 12.4, , 9.52, 85, 4172, , , 1024, 4, 11, 0, 10.64, 18.4,
244466, 12.9, 11, 5.49, 0.12, 6.47, , 12.94, 16.31, 1.4, 138, , 25.5, 9.21, 12.5, 0, 18.4, 15.85, , 9.21, 85, 4143, , , 1024, 4, 11, 0, 9.62, 18,
244645, 15.7, 11, 0, 0.15, 6.54, , 15.69, 24.46, 1.36, 137, , 25, 9.13, 15.3, 0, 18.4, 24.23, , 9.16, 85, 4110, , , 1024, 4, 11, 0, 9.33, 17.6,
244821, 15.7, 11, 0, 0.15, 6.52, , 15.69, 29.29, 1.36, 137, , 45.5, 9.11, 15.3, 0, 18.4, 29.29, , 9.09, 85, 4077, , , 1024, 4, 11, 0, 9.36, 17.6,
245002, 15.7, 11, 0, 0.15, 6.45, , 15.69, 29.29, 1.37, 136, , 46, 9, 15.3, 0, 18, 29.29, , 9.01, 85, 4065, , , 1024, 4, 11, 0, 9.17, 17.6,
245175, 15.3, 12, 0, 0.15, 6.45, , 15.69, 29.29, 1.35, 136, , 45.5, 9, 14.9, 0, 18, 29.29, , 9.02, 85, 4048, , , 1024, 4, 11, 0, 9.38, 17.6,
245346, 15.7, 12, 0, 0.15, 6.36, , 15.69, 29.29, 1.36, 135, , 45.5, 9, 14.9, 0, 18, 29.29, , 8.96, 85, 4033, , , 1024, 4, 11, 0, 9.2, 17.6,
245513, 15.7, 12, 0, 0.15, 6.45, , 15.69, 29.29, 1.35, 134, , 45.5, 8.9, 14.9, 0, 18, 29.29, , 8.88, 85, 4020, , , 1024, 4, 11, 0, 9.33, 17.6,
245686, 15.3, 12, 0, 0.15, 6.46, , 15.29, 29.29, 1.35, 134, , 45.5, 8.82, 14.9, 0, 18, 29.29, , 8.85, 85, 4006, , , 1024, 4, 11, 0, 8.97, 17.6,
245856, 15.3, 12, 0, 0.15, 6.53, , 15.29, 29.29, 1.34, 134, , 45.5, 8.9, 14.9, 0, 18, 29.29, , 8.95, 85, 3987, , , 1024, 4, 11, 0, 9.22, 17.6,
246022, 15.3, 12, 0, 0.15, 0.01, , 15.69, 29.29, 1.36, 133, , 45.5, 8.88, 14.9, 0, 18, 29.29, , 8.82, 85, 3962, , , 1024, 4, 11, 0, 9.29, 17.6,
246207, 15.7, 12, 0, 0.15, 6.55, , 15.29, 29.29, 1.34, 133, , 45, 8.72, 14.9, 0, 18, 29.29, , 8.75, 85, 3953, , , 1024, 4, 11, 0, 8.79, 17.3,
246377, 15.3, 12, 0, 0.14, 0.02, , 15.29, 29.29, 1.33, 132, , 45.5, 8.7, 14.5, 0, 18, 29.29, , 8.69, 85, 3940, , , 1024, 4, 11, 0, 8.99, 17.3,
246546, 15.3, 12, 0, 0.14, 0.01, , 15.29, 29.29, 1.32, 131, , 45, 8.62, 14.5, 0, 17.6, 29.29, , 8.65, 85, 3925, , , 1024, 4, 11, 0, 8.65, 17.3,
246727, 15.3, 12, 0, 0.14, 0.01, , 15.29, 29.29, 1.33, 131, , 45, 8.57, 14.5, 0, 17.6, 29.29, , 8.56, 85, 3909, , , 1024, 4, 11, 0, 8.81, 17.3,
246895, 15.3, 12, 0, 0.14, 0.01, , 15.29, 29.29, 1.33, 130, , 45, 8.44, 14.5, 0, 17.6, 29.29, , 8.47, 85, 3890, , , 1024, 4, 11, 0, 8.65, 17.3,
247066, 15.3, 12, 0, 0.14, 0.01, , 15.29, 29.29, 1.31, 130, , 44.5, 8.41, 14.5, 0, 17.6, 29.29, , 8.42, 85, 3887, , , 1024, 4, 11, 0, 8.46, 17.3,
247236, 14.9, 12, 0, 0.14, 0.02, , 14.9, 29.29, 1.3, 129, , 44.5, 8.39, 14.1, 0, 17.6, 29.29, , 8.4, 85, 3872, , , 1024, 4, 11, 0, 8.27, 17.3,
247401, 14.9, 12, 0, 0.14, 0.03, , 14.9, 29.29, 1.3, 129, , 44.5, 8.34, 14.1, 0, 17.6, 29.29, , 8.34, 85, 3854, , , 1024, 4, 11, 0, 8.2, 16.9,
247573, 14.9, 12, 0, 0.14, 0.01, , 14.9, 29.29, 1.3, 128, , 44, 8.26, 14.1, 0, 17.6, 29.29, , 8.25, 85, 3837, , , 1024, 4, 11, 0, 8.05, 16.9,
247746, 14.9, 13, 0, 0.14, 0.01, , 14.9, 29.29, 1.28, 128, , 44, 8.23, 14.1, 0, 17.6, 29.29, , 8.25, 85, 3824, , , 1024, 4, 11, 0, 8.01, 16.9,
247927, 14.9, 13, 0, 0.14, 0.02, , 14.9, 29.29, 1.29, 127, , 44, 8.16, 13.7, 0, 17.3, 29.29, , 8.15, 85, 3805, , , 1024, 4, 11, 0, 8.03, 16.9,
248094, 14.9, 13, 0, 0.14, 0.02, , 14.9, 29.29, 1.28, 127, , 43.5, 8.08, 13.7, 0, 17.3, 29.29, , 8.08, 85, 3796, , , 1024, 4, 11, 0, 7.8, 16.9,
248260, 14.9, 13, 0, 0.14, 0.03, , 14.51, 29.29, 1.28, 127, , 43.5, 8.03, 13.7, 0, 17.3, 29.29, , 8.03, 85, 3783, , , 1024, 4, 11, 0, 7.84, 16.9,
248427, 14.5, 13, 0, 0.14, 0.02, , 14.51, 29.29, 1.28, 126, , 43.5, 7.98, 13.7, 0, 17.3, 29.29, , 7.98, 85, 3770, , , 1024, 4, 11, 0, 7.84, 16.9,
248592, 14.5, 13, 0, 0.14, 0.03, , 14.51, 29.29, 1.27, 126, , 43.5, 7.95, 13.7, 0, 17.3, 29.29, , 7.95, 85, 3757, , , 1024, 4, 11, 0, 7.59, 16.5,
248765, 14.5, 13, 0, 0.14, 0.02, , 14.51, 29.29, 1.27, 125, , 43.5, 7.93, 13.7, 0, 17.3, 29.29, , 7.96, 85, 3753, , , 1024, 4, 11, 0, 7.72, 16.5,
248926, 14.5, 13, 0, 0.14, 0.03, , 14.51, 29.29, 1.27, 125, , 43.5, 7.95, 13.7, 0, 17.3, 29.29, , 7.92, 85, 3728, , , 1024, 4, 11, 0, 7.68, 16.5,
249093, 14.5, 13, 0, 0.14, 6.54, , 14.51, 29.29, 1.26, 125, , 43.5, 7.85, 13.7, 0, 17.3, 29.29, , 7.85, 85, 3725, , , 1024, 4, 11, 0, 7.51, 16.5,
249257, 14.5, 13, 0, 0.14, 0.03, , 14.51, 29.29, 1.26, 124, , 43.5, 7.85, 13.7, 0, 17.3, 29.29, , 7.87, 85, 3712, , , 1024, 4, 11, 0, 7.72, 16.5,
249427, 14.5, 13, 0, 0.14, 0.02, , 14.51, 29.29, 1.26, 123, , 43.5, 7.8, 13.7, 0, 16.9, 29.29, , 7.79, 85, 3690, , , 1024, 4, 11, 0, 7.45, 16.5,
249606, 14.5, 13, 0, 0.14, 0.02, , 14.51, 29.29, 1.25, 123, , 43.5, 7.75, 13.7, 0, 16.9, 29.29, , 7.78, 85, 3680, , , 1024, 4, 11, 0, 7.45, 16.5,
249767, 14.5, 13, 0, 0.14, 0.01, , 14.51, 29.29, 1.25, 122, , 43, 7.75, 13.7, 0, 16.9, 29.29, , 7.76, 85, 3668, , , 1024, 4, 11, 0, 7.53, 16.5,
249941, 14.5, 13, 0, 0.14, 0.04, , 14.51, 29.29, 1.25, 122, , 43, 7.72, 13.7, 0, 16.9, 29.29, , 7.71, 85, 3655, , , 1024, 4, 11, 0, 7.37, 16.5,
250106, 14.5, 13, 0, 0.13, 0.01, , 14.51, 29.29, 1.25, 122, , 43, 7.67, 13.7, 0, 16.9, 29.29, , 7.73, 85, 3646, , , 1024, 4, 11, 0, 7.15, 16.5,
250281, 14.5, 13, 0, 0.13, 6.53, , 14.51, 29.29, 1.24, 121, , 43, 7.7, 13.3, 0, 16.9, 29.29, , 7.71, 85, 3627, , , 1024, 4, 11, 0, 7.29, 16.5,
250447, 14.5, 13, 0, 0.13, 6.55, , 14.51, 29.29, 1.25, 121, , 43, 7.7, 13.3, 0, 16.9, 29.29, , 7.65, 85, 3613, , , 1024, 4, 11, 0, 7.19, 16.5,
250616, 14.5, 13, 0, 0.13, 0.01, , 14.51, 29.29, 1.24, 120, , 43, 7.67, 13.3, 0, 16.9, 29.29, , 7.64, 85, 3605, , , 1024, 4, 11, 0, 7.21, 16.5,
250787, 14.5, 13, 0, 0.13, 0.01, , 14.51, 29.29, 1.25, 120, , 43, 7.64, 13.7, 0, 16.9, 29.29, , 7.6, 85, 3586, , , 1024, 4, 11, 0, 7.27, 16.5,
250956, 14.5, 13, 0, 0.13, 6.53, , 14.51, 29.29, 1.24, 119, , 42.5, 7.57, 13.3, 0, 16.9, 29.29, , 7.56, 85, 3568, , , 1024, 4, 11, 0, 7.01, 16.5,
251137, 14.5, 14, 0, 0.13, 6.54, , 14.51, 29.29, 1.22, 119, , 42.5, 7.57, 13.3, 0, 16.9, 29.29, , 7.56, 85, 3558, , , 1024, 4, 11, 0, 7.13, 16.1,
251317, 14.5, 14, 0, 0.13, 0.04, , 14.12, 29.29, 1.23, 119, , 42.5, 7.54, 13.3, 0, 16.9, 29.29, , 7.53, 85, 3548, , , 1024, 4, 11, 0, 7.01, 16.1,
251496, 14.5, 14, 0, 0.13, 0.03, , 14.51, 29.29, 1.23, 118, , 42.5, 7.54, 13.3, 0, 16.9, 29.29, , 7.51, 85, 3536, , , 1024, 4, 11, 0, 7.09, 16.1,
251666, 14.5, 14, 0, 0.13, 0, , 14.51, 29.29, 1.22, 118, , 42.5, 7.49, 13.3, 0, 16.9, 29.29, , 7.48, 85, 3517, , , 1024, 4, 11, 0, 6.93, 16.1,
251847, 14.1, 14, 0, 0.13, 0.04, , 14.12, 29.29, 1.23, 117, , 42.5, 7.41, 13.3, 0, 16.9, 29.29, , 7.45, 85, 3504, , , 1024, 4, 11, 0, 6.91, 16.1,
252026, 14.5, 14, 0, 0.13, 0.02, , 14.12, 29.29, 1.21, 117, , 42.5, 7.36, 13.3, 0, 16.5, 29.29, , 7.39, 85, 3476, , , 1024, 4, 11, 0, 6.75, 16.1,
252207, 14.1, 14, 0, 0.13, 0, , 14.12, 29.29, 1.21, 116, , 41.5, 7.23, 13.3, 0, 16.5, 29.29, , 7.22, 85, 3323, , , 1024, 4, 11, 0, 6.65, 16.1,
252387, 14.1, 14, 0, 0.13, 6.55, , 14.12, 29.29, 1.19, 116, , 41.5, 6.8, 13.3, 0, 16.1, 29.29, , 6.81, 85, 3064, , , 1024, 4, 11, 0, 6.22, 15.7,
252576, 14.1, 14, 0, 0.13, 6.55, , 14.51, 29.29, 1.13, 115, , 41, 6.24, 13.3, 0, 15.7, 29.29, , 6.22, 85, 2740, , , 1024, 5, 11, 0, 5.4, 14.9,
252746, 14.9, 14, 0, 0.13, 0, , 14.9, 29.29, 1.11, 115, , 43.5, 5.8, 13.7, 0, 15.3, 29.29, , 5.82, 85, 2455, , , 1024, 5, 11, 0, 4.8, 14.9,
252937, 14.5, 14, 0, 0.13, 0.02, , 14.51, 29.29, 1.07, 115, , 43, 5.52, 13.3, 0, 14.9, 29.29, , 5.54, 85, 2424, , , 1024, 5, 11, 0, 4.52, 14.5,
253115, 14.5, 14, 0, 0.13, 0.02, , 14.51, 29.29, 1.07, 114, , 42.5, 5.52, 12.9, 0, 14.9, 29.29, , 5.52, 85, 2423, , , 1024, 5, 11, 0, 4.52, 14.5,
253287, 14.5, 14, 0, 0.13, 0.02, , 14.51, 29.29, 1.07, 114, , 42.5, 5.52, 12.9, 0, 14.9, 29.29, , 5.49, 85, 2418, , , 1024, 5, 11, 0, 4.59, 14.5,
253456, 14.5, 14, 0, 0.13, 0.01, , 14.51, 29.29, 1.07, 114, , 42.5, 5.42, 12.9, 0, 14.9, 29.29, , 5.42, 85, 2411, , , 1024, 5, 11, 0, 4.45, 14.1,
253627, 14.1, 14, 0, 0.13, 0.03, , 14.12, 29.29, 1.06, 113, , 42, 5.39, 12.9, 0, 14.9, 29.29, , 5.36, 85, 2334, , , 1024, 5, 11, 0, 4.49, 14.1,
253796, 14.1, 14, 0, 0.12, 0.01, , 14.12, 29.29, 1.05, 113, , 42, 4.85, 12.9, 0, 14.5, 29.29, , 4.85, 85, 2134, , , 1024, 5, 11, 0, 3.81, 13.7,
253967, 14.1, 14, 0, 0.12, 0.01, , 14.12, 29.29, 0.99, 113, , 43, 4.13, 12.5, 0, 13.7, 29.29, , 4.28, 85, 2003, , , 1024, 6, 11, 0, 3.07, 13.3,
254147, 13.7, 14, 0, 0.12, 0.01, , 13.73, 29.29, 0.96, 112, , 43, 4.29, 12.2, 0, 13.7, 29.29, , 4.3, 85, 1996, , , 1024, 6, 11, 0, 3.17, 12.9,
254317, 13.7, 14, 0, 0.12, 0, , 13.73, 29.29, 0.97, 112, , 43, 4.31, 12.2, 0, 13.7, 29.29, , 4.3, 85, 1996, , , 1024, 6, 11, 0, 3.28, 13.3,
254487, 13.7, 14, 0, 0.12, 0.01, , 13.73, 29.29, 0.97, 111, , 43, 4.31, 12.2, 0, 13.7, 29.29, , 4.28, 85, 1991, , , 1024, 6, 11, 0, 3.12, 13.3,
254657, 13.7, 14, 0, 0.12, 0.01, , 13.73, 29.29, 0.97, 111, , 43, 4.29, 12.2, 0, 13.7, 29.29, , 4.27, 85, 1981, , , 1024, 6, 11, 0, 3.19, 13.3,
254837, 13.7, 14, 0, 0.12, 0.01, , 13.73, 29.29, 0.96, 111, , 42.5, 4.26, 12.2, 0, 13.7, 29.29, , 4.28, 85, 1976, , , 1024, 6, 11, 0, 3.22, 12.9,
255007, 13.7, 14, 0, 0.12, 0.01, , 13.73, 29.29, 0.96, 110, , 43, 4.29, 12.2, 0, 13.7, 29.29, , 4.24, 85, 1971, , , 1024, 6, 11, 0, 3.22, 12.9,
255188, 13.7, 15, 0, 0.12, 0.02, , 13.73, 29.29, 0.96, 110, , 42.5, 4.24, 12.2, 0, 13.7, 29.29, , 4.23, 85, 1960, , , 1024, 6, 11, 0, 3.14, 12.9,
255347, 13.7, 15, 0, 0.12, 0.01, , 13.73, 29.29, 0.96, 109, , 42.5, 4.21, 12.2, 0, 13.7, 29.29, , 4.21, 85, 1951, , , 1024, 6, 11, 0, 3.17, 12.9,
255527, 13.7, 15, 0, 0.12, 0.01, , 13.73, 29.29, 0.96, 109, , 42.5, 4.19, 12.2, 0, 13.7, 29.29, , 4.19, 85, 1946, , , 1024, 6, 11, 0, 3.09, 12.9,
255706, 13.7, 15, 0, 0.12, 0.01, , 13.73, 29.29, 0.95, 109, , 42, 4.16, 11.8, 0, 13.7, 29.29, , 4.17, 85, 1939, , , 1024, 6, 11, 0, 3.14, 12.9,
255887, 13.7, 15, 0, 0.12, 0.02, , 13.73, 29.29, 0.95, 108, , 42, 4.16, 11.8, 0, 13.7, 29.29, , 4.15, 85, 1931, , , 1024, 6, 11, 0, 3.14, 12.9,
256066, 13.7, 15, 0, 0.12, 0.02, , 13.73, 29.29, 0.95, 108, , 42, 4.13, 11.8, 0, 13.7, 29.29, , 4.15, 85, 1923, , , 1024, 6, 11, 0, 3.17, 12.9,
256248, 13.7, 15, 0, 0.12, 0.01, , 13.73, 29.29, 0.95, 107, , 42, 4.13, 11.8, 0, 13.7, 29.29, , 4.16, 85, 1917, , , 1024, 6, 11, 0, 3.09, 12.9,
256427, 13.7, 15, 0, 0.12, 0.01, , 13.73, 29.29, 0.95, 107, , 42, 4.13, 11.8, 0, 13.7, 29.29, , 4.15, 85, 1912, , , 1024, 6, 11, 0, 3.05, 12.9,
256607, 13.7, 15, 0, 0.12, 0.02, , 13.73, 29.29, 0.95, 107, , 41.5, 4.13, 11.8, 0, 13.7, 29.29, , 4.12, 85, 1904, , , 1024, 6, 11, 0, 3.11, 12.9,
256817, 13.7, 15, 0, 0.12, 0, , 13.73, 29.29, 0.94, 106, , 41.5, 4.03, 11.8, 0, 13.3, 29.29, , 4.09, 85, 1897, , , 1024, 6, 11, 0, 2.91, 12.9,
256996, 13.7, 15, 0, 0.12, 0.02, , 13.73, 29.29, 0.95, 106, , 41.5, 4.06, 11.8, 0, 13.3, 29.29, , 4.08, 85, 1890, , , 1024, 6, 11, 0, 3.01, 12.9,
257166, 13.7, 15, 0, 0.12, 0, , 13.73, 29.29, 0.94, 106, , 41, 4.06, 11.8, 0, 13.3, 29.29, , 4.05, 85, 1879, , , 1024, 6, 11, 0, 2.94, 12.9,
257346, 13.7, 15, 0, 0.12, 0, , 13.73, 29.29, 0.95, 105, , 41.5, 4.06, 11.8, 0, 13.3, 29.29, , 4.04, 85, 1876, , , 1024, 6, 11, 0, 2.94, 12.9,
257526, 13.7, 15, 0, 0.12, 0.02, , 13.73, 29.29, 0.94, 105, , 41, 4.03, 11.8, 0, 13.3, 29.29, , 4.04, 85, 1872, , , 1024, 6, 11, 0, 2.94, 12.9,
257702, 13.7, 15, 0, 0.12, 0.02, , 13.73, 29.29, 0.94, 105, , 41, 4.03, 11.8, 0, 13.3, 29.29, , 4.01, 85, 1864, , , 1024, 6, 11, 0, 3.02, 12.9,
257867, 13.7, 15, 0, 0.12, 0, , 13.73, 29.29, 0.94, 104, , 41, 4.03, 11.8, 0, 13.3, 29.29, , 4.01, 85, 1860, , , 1024, 6, 11, 0, 2.94, 12.9,
258046, 13.7, 15, 0, 0.12, 0.02, , 13.73, 29.29, 0.94, 104, , 41, 3.88, 11.8, 0, 13.3, 29.29, , 3.96, 85, 1852, , , 1024, 6, 11, 0, 2.84, 12.9,
258223, 13.7, 15, 0, 0.12, 0.01, , 13.73, 29.29, 0.94, 104, , 40.5, 3.95, 11.8, 0, 13.3, 29.29, , 3.97, 85, 1845, , , 1024, 6, 11, 0, 2.9, 12.9,
258408, 13.7, 15, 0, 0.12, 0.02, , 13.73, 29.29, 0.94, 103, , 40.5, 3.95, 11.8, 0, 13.3, 29.29, , 3.93, 85, 1842, , , 1024, 6, 11, 0, 2.91, 12.9,
258587, 13.7, 15, 0, 0.12, 0, , 13.73, 29.29, 0.94, 103, , 40.5, 3.93, 11.8, 0, 13.3, 29.29, , 3.89, 85, 1830, , , 1024, 6, 11, 0, 2.86, 12.9,
258755, 13.7, 15, 0, 0.11, 0.01, , 13.73, 29.29, 0.93, 103, , 40.5, 3.88, 11.8, 0, 13.3, 29.29, , 3.86, 85, 1825, , , 1024, 6, 11, 0, 2.84, 12.9,
258935, 11, 15, 7.32, 0.2, 0.02, , 19.22, 29.29, 1.64, 102, , 36.5, 9.08, 11.4, 1.02, 20.8, 29.29, , 8.92, 84, 1873, , , 256, 6, 11, 0, 14.09, 20,
259117, 24.7, 15, 10.01, 0.23, 0.01, , 26.67, 25.95, 1.57, 102, , 39.5, 9.67, 22.4, 1.7, 20, 26.3, , 10.15, 84, 1858, , , 256, 6, 11, 0, 12.11, 19.2,
259307, 27.1, 15, 10.1, 0.23, 0.01, , 27.06, 17.23, 1.37, 102, , 40.5, 8.59, 23.1, 1.78, 18, 17.34, , 8.63, 84, 1849, , , 256, 6, 11, 0, 8.49, 17.3,
259487, 27.5, 15, 10.13, 0.23, 0.02, , 27.45, 14.59, 1.33, 102, , 40.5, 8.52, 23.5, 1.7, 17.6, 14.59, , 8.53, 84, 1846, , , 256, 6, 11, 0, 8.49, 17.3,
259668, 27.8, 15, 10.19, 0.23, 0.01, , 27.84, 14.01, 1.32, 102, , 39.5, 8.26, 23.5, 1.68, 17.6, 14.01, , 8, 84, 1839, , , 256, 6, 11, 0, 6.17, 17.3,
259836, 26.3, 15, 9.19, 0.21, 0.01, , 25.1, 13.78, 1.14, 101, , 38.5, 7.64, 22, 1.58, 16.5, 13.78, , 7.78, 84, 1838, , , 256, 6, 11, 0, 7.09, 16.5,
260016, 25.1, 15, 9, 0.21, 0.01, , 24.71, 13.44, 1.23, 101, , 38, 7.75, 21.2, 1.58, 16.9, 13.44, , 7.8, 84, 1838, , , 512, 6, 11, 0, 7.11, 16.5,
260202, 24.3, 15, 8.85, 0.2, 0.02, , 24.31, 13.67, 1.25, 101, , 39, 7.77, 20.8, 1.6, 16.9, 13.67, , 7.71, 84, 1830, , , 512, 6, 11, 0, 7.23, 16.5,
260377, 22, 15, 6.71, 0.16, 0.02, , 18.82, 13.55, 0.92, 101, , 35.5, 4.03, 18, 1.39, 12.9, 13.67, , 4.23, 84, 1825, , , 512, 6, 11, 0, 2.92, 12.2,
260557, 18.8, 15, 6.74, 0.16, 0.01, , 18.43, 12.98, 1.14, 101, , 36, 6.52, 16.1, 1.32, 15.7, 12.98, , 6.55, 84, 1826, , , 512, 6, 11, 0, 5.59, 15.3,
260736, 18.4, 15, 6.71, 0.16, 0.01, , 18.43, 13.32, 1.14, 100, , 36.5, 6.57, 15.7, 1.38, 15.7, 13.32, , 6.52, 84, 1821, , , 512, 6, 11, 0, 5.65, 15.3,
260928, 18.4, 15, 6.74, 0.16, 0.02, , 18.43, 13.55, 1.14, 100, , 36, 6.47, 15.7, 1.39, 15.7, 13.44, , 6.39, 84, 1818, , , 512, 6, 11, 0, 5.56, 15.3,
261107, 18.4, 15, 6.59, 0.15, 0.01, , 18.04, 13.21, 1.12, 100, , 36.5, 6.36, 15.7, 1.35, 15.7, 13.32, , 6.43, 84, 1813, , , 512, 6, 11, 0, 5.34, 15.3,
261295, 18, 15, 6.62, 0.16, 0.01, , 18.04, 13.32, 1.13, 100, , 37, 6.62, 15.3, 1.37, 15.7, 13.32, , 6.64, 84, 1809, , , 512, 6, 11, 0, 5.54, 15.3,
261467, 20.4, 15, 7.72, 0.18, 0.01, , 21.18, 13.32, 1.35, 100, , 38, 7.85, 17.3, 1.53, 17.3, 13.32, , 7.41, 84, 1806, , , 512, 6, 11, 0, 7.11, 16.9,
261636, 22, 15, 8.06, 0.19, 0.02, , 22.35, 13.55, 1.24, 99, , 41, 7.54, 18.4, 1.58, 16.9, 13.55, , 7.44, 84, 1802, , , 512, 6, 11, 0, 6.89, 16.5,
261836, 22.7, 15, 8.21, 0.19, 0.02, , 22.75, 13.44, 1.21, 99, , 40.5, 7.47, 18.8, 1.59, 16.9, 13.44, , 7.44, 84, 1799, , , 512, 6, 11, 0, 6.75, 16.1,
262006, 23.1, 15, 8.15, 0.19, 6.51, , 22.75, 13.32, 1.21, 99, , 40, 7.26, 19.2, 1.59, 16.5, 13.32, , 7.3, 84, 1799, , , 512, 6, 11, 0, 6.44, 16.1,
262166, 22.7, 15, 8, 0.19, 6.5, , 22.75, 13.44, 1.2, 99, , 41, 7.36, 19.2, 1.57, 16.5, 13.44, , 7.45, 84, 1795, , , 512, 6, 11, 0, 6.69, 16.1,
262347, 23.1, 15, 8.12, 0.2, 6.5, , 23.14, 13.44, 1.21, 99, , 40, 7.47, 19.2, 1.59, 16.9, 13.44, , 7.4, 84, 1795, , , 512, 6, 11, 0, 6.77, 16.1,
262527, 23.5, 15, 8.09, 0.2, 6.48, , 23.53, 13.55, 1.2, 99, , 40.5, 7.44, 19.6, 1.58, 16.9, 13.55, , 7.5, 84, 1790, , , 512, 6, 11, 0, 6.62, 16.1,
262706, 23.5, 15, 8.15, 0.2, 6.53, , 23.53, 13.55, 1.2, 98, , 40.5, 7.52, 19.6, 1.59, 16.9, 13.55, , 7.48, 84, 1783, , , 512, 6, 11, 0, 6.73, 16.1,
262866, 23.5, 15, 8.18, 0.2, 6.53, , 23.92, 13.55, 1.21, 98, , 39.5, 7.47, 19.6, 1.6, 16.9, 13.55, , 7.46, 84, 1783, , , 512, 6, 11, 0, 6.89, 16.1,
263036, 23.9, 15, 7.45, 0.2, 6.52, , 23.92, 13.55, 1.21, 98, , 44, 7.39, 20, 1.45, 16.5, 13.55, , 7.4, 84, 1784, , , 512, 6, 11, 0, 6.79, 16.1,
263206, 23.9, 15, 7.48, 0.2, 6.48, , 23.92, 13.78, 1.22, 98, , 46, 7.64, 19.6, 1.45, 16.9, 13.78, , 7.6, 84, 1783, , , 512, 6, 11, 0, 7.15, 16.5,
263386, 24.3, 15, 7.63, 0.2, 6.5, , 24.31, 14.36, 1.23, 98, , 45, 7.62, 20, 1.49, 16.9, 14.36, , 7.59, 84, 1780, , , 512, 6, 11, 0, 6.97, 16.5,
263565, 24.7, 15, 7.69, 0.2, 6.5, , 24.71, 14.47, 1.23, 98, , 44.5, 7.59, 20.4, 1.48, 16.9, 14.47, , 7.59, 84, 1773, , , 512, 6, 11, 0, 6.97, 16.5,
263748, 24.7, 15, 7.72, 0.2, 6.49, , 24.71, 14.47, 1.23, 98, , 44.5, 7.59, 20.4, 1.49, 16.9, 14.47, , 7.6, 84, 1772, , , 512, 6, 11, 0, 7.07, 16.5,
263926, 25.1, 15, 7.72, 0.21, 6.47, , 25.1, 14.59, 1.21, 98, , 43.5, 7.34, 20.8, 1.58, 16.5, 14.59, , 7.32, 84, 1771, , , 512, 6, 11, 0, 6.71, 16.1,
264108, 25.1, 15, 7.48, 0.2, 6.43, , 24.71, 14.24, 1.2, 98, , 43.5, 7.29, 20.8, 1.43, 16.5, 14.24, , 7.34, 84, 1771, , , 512, 6, 11, 0, 6.6, 16.1,
264287, 24.7, 15, 6.32, 0.17, 6.44, , 22.35, 14.36, 1.2, 97, , 42.5, 2.85, 20.4, 1.39, 12.9, 14.36, , 4.52, 84, 1764, , , 512, 6, 11, 0, 1.96, 11.4,
264456, 20.4, 15, 5.1, 0.14, 6.46, , 18.82, 14.59, 0.95, 97, , 39.5, 4.13, 16.5, 1.19, 14.1, 14.59, , 4.01, 84, 1756, , , 512, 6, 11, 0, 2.55, 13.7,
264626, 16.9, 15, 4.3, 0.12, 6.5, , 16.08, 14.59, 0.99, 97, , 39.5, 3.01, 14.1, 1.02, 14.1, 14.59, , 3.88, 84, 1755, , , 512, 6, 11, 0, 3.59, 12.9,
264787, 18.8, 15, 6.04, 0.17, 6.48, , 19.61, 14.81, 1.37, 97, , 40, 7.23, 15.7, 1.34, 16.9, 14.81, , 6.5, 84, 1782, , , 512, 6, 11, 0, 6.46, 16.5,
264954, 20.4, 15, 5.37, 0.15, 6.48, , 18.43, 15.39, 1.03, 97, , 40.5, 5.18, 16.9, 1.27, 12.9, 15.39, , 5.89, 84, 1750, , , 512, 6, 11, 0, 4.31, 12.5,
265126, 18, 15, 5.19, 0.15, 6.48, , 18.04, 14.81, 1.09, 97, , 40.5, 5.93, 14.9, 1.15, 15.3, 14.81, , 5.92, 84, 1750, , , 512, 6, 11, 0, 4.85, 14.9,
265286, 18, 16, 5.16, 0.15, 6.5, , 18.04, 14.7, 1.08, 96, , 40.5, 5.93, 14.9, 1.16, 15.3, 14.7, , 5.93, 84, 1746, , , 512, 6, 11, 0, 4.82, 14.9,
265461, 18, 16, 5.22, 0.15, 6.48, , 18.04, 15.16, 1.09, 96, , 40.5, 5.93, 14.5, 1.2, 15.3, 15.16, , 5.92, 84, 1746, , , 512, 6, 11, 0, 4.8, 14.9,
265637, 18, 16, 5.28, 0.15, 6.48, , 18.04, 15.16, 1.1, 96, , 41, 6.06, 14.5, 1.21, 15.3, 15.27, , 6.02, 84, 1742, , , 512, 6, 11, 0, 4.92, 14.9,
265806, 18.4, 16, 5.28, 0.15, 6.39, , 18.43, 15.04, 1.09, 96, , 41, 5.85, 14.9, 1.2, 15.3, 15.04, , 5.85, 84, 1738, , , 512, 6, 11, 0, 4.82, 14.5,
265986, 18.4, 16, 5.13, 0.15, 6.38, , 18.43, 15.04, 1.08, 96, , 41, 5.85, 14.9, 1.2, 15.3, 15.04, , 5.92, 84, 1736, , , 512, 6, 11, 0, 4.68, 14.5,
266156, 18, 16, 5.16, 0.15, 6.39, , 18.04, 15.16, 1.09, 96, , 41.5, 6.06, 14.9, 1.19, 15.3, 15.16, , 6, 84, 1734, , , 512, 6, 11, 0, 4.94, 14.9,
266337, 18.4, 16, 5.22, 0.15, 6.4, , 18.82, 15.27, 1.1, 95, , 41.5, 6.03, 15.3, 1.22, 15.3, 15.27, , 6.03, 84, 1732, , , 512, 6, 11, 0, 4.92, 14.9,
266506, 18.8, 16, 5.25, 0.15, 6.39, , 18.82, 15.27, 1.09, 95, , 41, 5.93, 15.3, 1.23, 15.3, 15.27, , 5.86, 84, 1733, , , 512, 6, 11, 0, 4.82, 14.9,
266677, 18.8, 16, 5.13, 0.15, 6.4, , 18.82, 15.27, 1.08, 95, , 40.5, 5.83, 15.3, 1.21, 15.3, 15.27, , 5.83, 84, 1727, , , 512, 6, 11, 0, 4.72, 14.5,
266876, 18.4, 16, 5.07, 0.15, 6.39, , 18.43, 15.16, 1.08, 95, , 41, 5.83, 15.3, 1.2, 15.3, 15.16, , 5.82, 84, 1723, , , 512, 6, 11, 0, 4.68, 14.5,
267047, 18.4, 16, 5.1, 0.15, 6.37, , 18.43, 15.16, 1.08, 95, , 41, 5.85, 14.9, 1.21, 15.3, 15.16, , 5.89, 84, 1717, , , 512, 6, 11, 0, 4.77, 14.5,
267217, 18.4, 16, 5.1, 0.15, 6.38, , 18.43, 15.16, 1.08, 95, , 41, 5.88, 14.9, 1.22, 15.3, 15.16, , 5.87, 84, 1714, , , 512, 6, 11, 0, 4.77, 14.5,
267386, 18.4, 16, 5.1, 0.15, 6.38, , 18.43, 15.16, 1.08, 94, , 40.5, 5.83, 15.3, 1.22, 15.3, 15.16, , 5.75, 84, 1713, , , 512, 6, 11, 0, 4.7, 14.5,
267556, 18.4, 16, 5.1, 0.15, 6.39, , 18.43, 15.04, 1.08, 94, , 41, 5.77, 15.3, 1.23, 15.3, 15.04, , 5.78, 84, 1712, , , 512, 6, 11, 0, 4.61, 14.5,
267727, 18, 16, 4.39, 0.13, 6.34, , 16.86, 15.04, 0.91, 94, , 39.5, 4.06, 14.5, 1.14, 12.9, 15.04, , 3.56, 84, 1707, , , 512, 6, 11, 0, 2.62, 12.9,
267897, 14.9, 16, 0, 0.11, 6.35, , 13.73, 14.81, 0.91, 94, , 38.5, 3.7, 11.8, 0.91, 12.5, 14.81, , 4.25, 84, 1685, , , 1024, 6, 11, 0, 2.37, 12.2,
268067, 12.5, 16, 0, 0.12, 6.38, , 15.29, 14.7, 0.83, 94, , 33.5, 3.67, 10.2, 0, 12.9, 14.7, , 3.8, 84, 1686, , , 1024, 6, 11, 0, 2.62, 12.5,
268246, 11.4, 16, 0, 0.11, 6.4, , 14.51, 16.77, 0.87, 94, , 34.5, 3.72, 9.4, 0, 12.9, 16.65, , 3.75, 84, 1680, , , 1024, 6, 11, 0, 1.78, 12.5,
268418, 13.7, 16, 0, 0.1, 6.33, , 13.33, 19.75, 0.84, 93, , 38.5, 3.21, 11, 0, 12.5, 19.41, , 3.23, 84, 1668, , , 1024, 6, 11, 0, 2.22, 12.2,
268582, 12.9, 16, 0, 0.11, 6.35, , 12.94, 23.43, 0.88, 93, , 37.5, 3.21, 11, 0, 12.5, 22.97, , 3.23, 84, 1652, , , 1024, 6, 11, 0, 2.31, 12.2,
268743, 12.9, 16, 0, 0.11, 6.41, , 12.94, 29.29, 0.88, 93, , 37.5, 3.24, 10.6, 0, 12.5, 29.29, , 3.21, 84, 1644, , , 1024, 6, 11, 0, 2.36, 12.2,
268907, 12.9, 16, 3.66, 0.11, 6.55, , 12.94, 29.29, 0.89, 93, , 37, 3.24, 10.6, 0, 12.5, 29.29, , 3.19, 84, 1637, , , 1024, 6, 11, 0, 2.24, 12.2,
269077, 12.2, 16, 7.57, 0.19, 6.55, , 22.35, 29.29, 1.43, 92, , 36, 9.57, 11.8, 1.63, 21.2, 29.29, , 9.3, 84, 1700, , , 256, 6, 11, 0, 9.7, 20.4,
269247, 23.5, 16, 7.84, 0.2, 6.36, , 23.92, 25.15, 1.23, 92, , 40, 7.31, 19.2, 1.62, 16.5, 25.5, , 7.11, 84, 1672, , , 256, 6, 11, 0, 6.38, 16.1,
269426, 23.9, 16, 7.69, 0.2, 6.49, , 23.92, 16.19, 1.18, 92, , 41, 7.11, 19.6, 1.58, 16.5, 16.42, , 7.12, 84, 1671, , , 256, 6, 11, 0, 6.27, 15.7,
269607, 24.3, 16, 8.06, 0.2, 6.53, , 24.31, 14.59, 1.2, 92, , 40.5, 7.39, 20, 1.62, 16.5, 14.59, , 7.39, 84, 1668, , , 256, 6, 11, 0, 6.66, 16.1,
269777, 24.7, 16, 8.33, 0.2, 6.55, , 24.71, 14.01, 1.21, 92, , 40, 7.36, 20.4, 1.68, 16.5, 14.13, , 7.32, 84, 1670, , , 256, 6, 11, 0, 6.68, 16.1,
269946, 24.7, 16, 8.42, 0.2, 0.01, , 24.71, 13.78, 1.21, 92, , 39.5, 7.36, 20.4, 1.7, 16.5, 13.78, , 7.35, 84, 1661, , , 256, 6, 11, 0, 6.52, 16.1,
270138, 24.7, 16, 8.42, 0.2, 0.01, , 24.31, 13.32, 1.17, 92, , 38, 6.7, 20.4, 1.71, 15.7, 13.32, , 7.06, 84, 1662, , , 512, 6, 11, 0, 5.96, 15.3,
270308, 23.9, 16, 8.09, 0.19, 0.01, , 23.53, 13.09, 1.16, 92, , 38, 6.82, 19.6, 1.66, 15.7, 13.09, , 6.86, 84, 1662, , , 512, 6, 11, 0, 5.94, 15.3,
270476, 23.1, 16, 8.03, 0.19, 0.02, , 23.14, 12.86, 1.17, 91, , 38.5, 6.93, 19.2, 1.66, 16.1, 12.86, , 6.94, 84, 1656, , , 512, 6, 11, 0, 6.07, 15.7,
270648, 23.1, 16, 8, 0.19, 0.01, , 22.75, 12.98, 1.17, 91, , 40, 7.03, 18.8, 1.67, 16.5, 12.98, , 7.03, 84, 1656, , , 512, 6, 11, 0, 6.29, 15.7,
270808, 23.1, 16, 8.06, 0.19, 0.01, , 23.14, 12.98, 1.18, 91, , 40.5, 7.11, 19.2, 1.68, 16.5, 12.98, , 7.1, 84, 1651, , , 512, 6, 11, 0, 6.37, 15.7,
270978, 23.1, 16, 8.15, 0.19, 0, , 23.53, 12.86, 1.19, 91, , 39.5, 7.06, 19.2, 1.69, 16.5, 12.86, , 7.02, 84, 1659, , , 512, 6, 11, 0, 6.33, 15.7,
271146, 23.1, 16, 8.21, 0.19, 0.03, , 23.14, 12.98, 1.18, 91, , 40.5, 7.06, 19.2, 1.7, 16.5, 12.98, , 7, 84, 1644, , , 512, 6, 11, 0, 6.35, 15.7,
271307, 23.5, 16, 8.21, 0.19, 0.01, , 23.53, 12.86, 1.19, 91, , 39.5, 7, 19.6, 1.69, 16.5, 12.86, , 7.02, 84, 1652, , , 512, 6, 11, 0, 6.21, 15.7,
271476, 23.1, 16, 8.18, 0.2, 0.02, , 23.14, 12.98, 1.19, 91, , 41, 7.21, 19.2, 1.68, 16.5, 12.98, , 7.14, 84, 1648, , , 512, 6, 11, 0, 6.58, 16.1,
271647, 23.5, 16, 8.27, 0.2, 0.02, , 23.53, 12.98, 1.19, 91, , 40, 7.11, 19.6, 1.7, 16.5, 12.98, , 7.08, 84, 1641, , , 512, 6, 11, 0, 6.23, 15.7,
271816, 23.5, 16, 8.27, 0.2, 0.01, , 23.53, 12.98, 1.18, 91, , 40, 7.11, 19.6, 1.69, 16.5, 12.98, , 7.12, 84, 1640, , , 512, 6, 11, 0, 6.25, 15.7,
271986, 23.5, 16, 8.27, 0.2, 0.01, , 23.53, 12.98, 1.18, 90, , 40.5, 7.11, 19.6, 1.68, 16.5, 12.98, , 7.14, 84, 1638, , , 512, 6, 11, 0, 6.29, 15.7,
272146, 23.9, 16, 8.27, 0.2, 6.51, , 23.92, 12.98, 1.19, 90, , 41, 7.08, 19.6, 1.67, 16.5, 12.98, , 7.07, 84, 1638, , , 512, 6, 11, 0, 6.29, 15.7,
272307, 23.9, 16, 8.24, 0.2, 6.39, , 23.92, 13.09, 1.18, 90, , 40.5, 7.11, 19.6, 1.67, 16.5, 13.09, , 7.18, 84, 1640, , , 512, 6, 11, 0, 6.38, 15.7,
272477, 23.9, 16, 7.81, 0.21, 6.38, , 25.1, 13.09, 1.18, 90, , 43.5, 9.75, 20, 1.53, 16.9, 13.09, , 9.1, 84, 1636, , , 512, 6, 11, 0, 9.75, 17.6,
272647, 26.3, 16, 8.54, 0.23, 6.43, , 26.67, 13.55, 1.3, 90, , 45, 8.52, 22, 1.68, 17.6, 13.55, , 8.51, 84, 1634, , , 512, 6, 11, 0, 9.51, 17.3,
272808, 27.8, 16, 9.03, 0.25, 6.55, , 28.24, 14.47, 1.37, 90, , 45.5, 10.54, 23.1, 1.76, 17.6, 14.47, , 11.32, 84, 1637, , , 512, 6, 11, 0, 9.3, 17.3,
272976, 29.8, 16, 9.55, 0.26, 6.55, , 30.2, 14.36, 1.36, 90, , 44.5, 8.67, 24.7, 1.78, 18, 14.36, , 9.09, 84, 1634, , , 512, 6, 11, 0, 8.68, 17.3,
273148, 33.3, 16, 11.93, 0.3, 6.5, , 34.12, 14.24, 1.49, 90, , 43.5, 13.72, 27.8, 1.86, 20, 14.24, , 14.02, 84, 1635, , , 512, 6, 11, 0, 15.5, 20.4,
273307, 38, 16, 14.19, 0.34, 6.38, , 40.39, 15.04, 1.63, 90, , 41, 15.72, 31.4, 2.14, 23.9, 15.04, , 15.04, 84, 1644, , , 512, 6, 11, 0, 18.68, 24.3,
273465, 42, 16, 14.86, 0.36, 6.45, , 43.14, 14.81, 1.48, 90, , 38.5, 14.72, 34.5, 2.12, 22.7, 14.81, , 13.67, 84, 1647, , , 512, 6, 11, 0, 12.14, 23.1,
273626, 44.3, 16, 15.26, 0.37, 6.53, , 44.31, 14.13, 1.45, 90, , 36.5, 13.67, 36.5, 2.14, 22.7, 14.13, , 13.75, 84, 1640, , , 512, 6, 11, 0, 11.07, 22.4,
273787, 43.9, 16, 15.11, 0.36, 6.38, , 43.92, 13.78, 1.46, 90, , 36.5, 13.52, 36.5, 2.17, 22.4, 13.9, , 13.5, 84, 1634, , , 512, 6, 11, 0, 10.83, 22,
273948, 43.9, 16, 14.74, 0.34, 6.28, , 43.53, 13.55, 1.44, 90, , 37, 12.11, 36.5, 2.11, 22, 13.55, , 12.06, 84, 1632, , , 512, 6, 11, 0, 5.58, 21.2,
274107, 39.2, 16, 12.15, 0.31, 6.5, , 38.04, 13.44, 1.14, 90, , 41, 6.9, 32.5, 1.83, 18.4, 13.44, , 6.87, 84, 1626, , , 512, 6, 11, 0, 6.69, 17.3,
274277, 37.6, 16, 11.78, 0.31, 6.49, , 38.04, 13.32, 1.26, 89, , 41.5, 9.67, 31.4, 1.77, 18.4, 13.32, , 9.51, 84, 1624, , , 512, 6, 11, 0, 9.28, 18,
274448, 35.3, 16, 9.16, 0.26, 6.44, , 32.94, 14.13, 0.8, 89, , 16, 0.21, 29.4, 1.55, 10.2, 14.13, , 0.28, 84, 1608, , , 512, 6, 11, 0, 0.85, 9.4,
274608, 29.4, 16, 6.81, 0.19, 6.3, , 26.27, 13.67, 0.75, 89, , 14.5, 0.26, 24.3, 1.35, 9.8, 13.67, , 0.28, 84, 1615, , , 512, 6, 11, 0, 0.56, 9.4,
274777, 21.2, 16, 4.43, 0.16, 6.33, , 17.65, 13.21, 0.72, 89, , 23, 0.24, 16.9, 0, 9.8, 13.21, , 0.28, 84, 1596, , , 1024, 6, 11, 0, 0.57, 9.4,
274947, 14.5, 16, 3.51, 0.1, 6.41, , 12.94, 13.78, 0.72, 89, , 31.5, 1.54, 12.2, 0, 9.8, 13.78, , 2.51, 84, 1610, , , 1024, 6, 11, 0, 1.92, 9.4,
275107, 11.4, 16, 0, 0.12, 6.53, , 10.98, 14.81, 0.85, 88, , 33.5, 3.42, 9.8, 0, 12.5, 14.7, , 3.42, 84, 1590, , , 1024, 6, 11, 0, 2.35, 12.2,
275277, 13.7, 16, 0, 0.11, 6.53, , 13.33, 17, 0.86, 88, , 38.5, 3.11, 11.4, 0, 12.5, 17, , 3.15, 84, 1586, , , 1024, 6, 11, 0, 2.25, 12.2,
275447, 13.3, 16, 0, 0.11, 6.49, , 13.33, 20.1, 0.89, 88, , 38, 3.29, 11, 0, 12.5, 20.1, , 3.27, 84, 1568, , , 1024, 6, 11, 0, 2.24, 12.2,
275617, 12.9, 16, 0, 0.11, 6.39, , 12.94, 24.12, 0.88, 88, , 38, 3.29, 11, 0, 12.5, 24.23, , 3.28, 84, 1561, , , 1024, 6, 11, 0, 2.24, 12.2,
275788, 12.9, 16, 0, 0.11, 6.39, , 12.94, 29.17, 0.88, 87, , 38, 3.34, 11, 0, 12.9, 28.94, , 3.31, 84, 1547, , , 1024, 6, 11, 0, 2.35, 12.2,
275948, 12.9, 16, 0, 0.11, 6.45, , 13.33, 29.29, 0.89, 87, , 38.5, 3.34, 11, 0, 12.9, 29.29, , 3.34, 84, 1539, , , 1024, 6, 11, 0, 2.25, 12.2,
276117, 13.3, 16, 0, 0.11, 6.54, , 13.33, 29.29, 0.88, 87, , 38, 3.37, 11, 0, 12.9, 29.29, , 3.35, 84, 1534, , , 1024, 6, 11, 0, 2.26, 12.2,
276281, 13.3, 16, 0, 0.11, 6.55, , 13.33, 29.29, 0.88, 87, , 38.5, 3.37, 11.4, 0, 12.9, 29.29, , 3.43, 84, 1530, , , 1024, 6, 11, 0, 2.29, 12.2,
276447, 13.3, 16, 0, 0.11, 0.01, , 13.33, 29.29, 0.9, 86, , 38.5, 3.52, 11.4, 0, 12.9, 29.29, , 3.51, 84, 1526, , , 1024, 6, 11, 0, 2.46, 12.5,
276606, 13.3, 16, 0, 0.11, 0, , 13.73, 29.29, 0.9, 86, , 39, 3.52, 11.4, 0, 12.9, 29.29, , 3.51, 84, 1522, , , 1024, 6, 11, 0, 2.5, 12.5,
276773, 13.7, 16, 0, 0.12, 0, , 13.73, 29.29, 0.9, 86, , 39, 3.49, 11.8, 0, 12.9, 29.29, , 3.5, 84, 1512, , , 1024, 6, 11, 0, 2.47, 12.5,
276958, 13.7, 16, 0, 0.12, 0, , 13.73, 29.29, 0.9, 85, , 39.5, 3.49, 11.8, 0, 12.9, 29.29, , 3.49, 84, 1504, , , 1024, 6, 11, 0, 2.47, 12.5,
277119, 14.1, 16, 0, 0.12, 0.01, , 14.12, 29.29, 0.9, 85, , 39.5, 3.49, 11.8, 0, 12.9, 29.29, , 3.48, 84, 1498, , , 1024, 6, 11, 0, 2.5, 12.5,
277289, 14.1, 16, 0, 0.12, 0.01, , 14.12, 29.29, 0.9, 85, , 39.5, 3.47, 11.8, 0, 12.9, 29.29, , 3.46, 84, 1492, , , 1024, 6, 11, 0, 2.47, 12.5,
277448, 14.1, 16, 0, 0.12, 0.01, , 14.12, 29.29, 0.9, 84, , 39.5, 3.44, 11.8, 0, 12.9, 29.29, , 3.44, 84, 1491, , , 1024, 6, 11, 0, 2.46, 12.5,
277607, 14.1, 16, 0, 0.12, 0.01, , 14.12, 29.29, 0.9, 84, , 39.5, 3.42, 11.8, 0, 12.9, 29.29, , 3.43, 84, 1488, , , 1024, 6, 11, 0, 2.43, 12.5,
277778, 14.1, 16, 0, 0.12, 0.01, , 14.12, 29.29, 0.89, 84, , 39.5, 3.42, 11.8, 0, 12.9, 29.29, , 3.41, 84, 1481, , , 1024, 6, 11, 0, 2.37, 12.2,
277947, 14.1, 16, 0, 0.12, 0.03, , 14.12, 29.29, 0.89, 84, , 39.5, 3.39, 11.8, 0, 12.9, 29.29, , 3.39, 84, 1478, , , 1024, 6, 11, 0, 2.31, 12.2,
278107, 14.1, 16, 0, 0.12, 0.03, , 14.12, 29.29, 0.88, 83, , 39.5, 3.37, 11.8, 0, 12.9, 29.29, , 3.38, 84, 1472, , , 1024, 6, 11, 0, 2.31, 12.2,
278278, 14.1, 16, 0, 0.12, 0.01, , 14.12, 29.29, 0.88, 83, , 39.5, 3.37, 11.8, 0, 12.9, 29.29, , 3.35, 84, 1466, , , 1024, 6, 11, 0, 2.25, 12.2,
278437, 13.7, 16, 0, 0.12, 0.02, , 14.12, 29.29, 0.88, 83, , 39.5, 3.34, 11.8, 0, 12.9, 29.29, , 3.34, 84, 1460, , , 1024, 6, 11, 0, 2.29, 12.2,
278597, 14.1, 16, 0, 0.12, 0.02, , 13.73, 29.29, 0.89, 82, , 39.5, 3.29, 11.8, 0, 12.5, 29.29, , 3.29, 84, 1453, , , 1024, 6, 11, 0, 2.37, 12.2,
278757, 13.7, 16, 0, 0.12, 0.01, , 13.73, 29.29, 0.88, 82, , 39, 3.26, 11.8, 0, 12.5, 29.29, , 3.25, 84, 1446, , , 1024, 6, 11, 0, 2.19, 12.2,
278916, 13.7, 16, 0, 0.12, 0.02, , 13.73, 29.29, 0.87, 82, , 39, 3.24, 11.8, 0, 12.5, 29.29, , 3.26, 84, 1445, , , 1024, 6, 11, 0, 2.17, 12.2,
279077, 13.7, 16, 0, 0.12, 0.02, , 13.73, 29.29, 0.88, 81, , 39, 3.26, 11.8, 0, 12.5, 29.29, , 3.23, 84, 1440, , , 1024, 6, 11, 0, 2.31, 12.2,
279247, 13.7, 16, 0, 0.12, 0.02, , 13.73, 29.29, 0.88, 81, , 39, 3.21, 11.8, 0, 12.5, 29.29, , 3.2, 84, 1435, , , 1024, 6, 11, 0, 2.19, 12.2,
279408, 13.7, 16, 0, 0.12, 0.01, , 13.73, 29.29, 0.87, 81, , 39, 3.16, 11.8, 0, 12.5, 29.29, , 3.16, 84, 1430, , , 1024, 6, 11, 0, 2.1, 12.2,
279577, 13.7, 17, 0, 0.11, 0.01, , 13.73, 29.29, 0.88, 80, , 38.5, 3.11, 11.4, 0, 12.5, 29.29, , 3.11, 84, 1425, , , 1024, 6, 11, 0, 2.21, 12.2,
279748, 13.7, 17, 0, 0.11, 0.02, , 13.73, 29.29, 0.87, 80, , 38.5, 3.11, 11.4, 0, 12.5, 29.29, , 3.09, 84, 1420, , , 1024, 6, 11, 0, 2.1, 12.2,
279908, 13.7, 17, 0, 0.11, 0.02, , 13.73, 29.29, 0.87, 80, , 38.5, 3.06, 11.4, 0, 12.5, 29.29, , 3.07, 84, 1413, , , 1024, 6, 11, 0, 2.15, 12.2,
280073, 13.7, 17, 0, 0.11, 0.02, , 13.73, 29.29, 0.87, 80, , 38.5, 3.06, 11.4, 0, 12.5, 29.29, , 3.06, 84, 1408, , , 1024, 6, 11, 0, 2.06, 12.2,
280238, 13.7, 17, 0, 0.11, 0.02, , 13.73, 29.29, 0.87, 79, , 38.5, 3.03, 11.4, 0, 12.5, 29.29, , 3.04, 84, 1401, , , 1024, 6, 11, 0, 2.1, 12.2,
280398, 13.7, 17, 0, 0.11, 0.02, , 13.73, 29.29, 0.87, 79, , 38, 3.01, 11.4, 0, 12.5, 29.29, , 3, 84, 1398, , , 1024, 6, 11, 0, 2.03, 12.2,
280561, 13.7, 17, 0, 0.11, 0.02, , 13.73, 29.29, 0.87, 79, , 38.5, 2.96, 11.4, 0, 12.5, 29.29, , 2.96, 84, 1393, , , 1024, 6, 11, 0, 2.07, 11.8,
280728, 13.7, 17, 0, 0.11, 0.01, , 13.73, 29.29, 0.85, 78, , 38, 2.96, 11.4, 0, 12.5, 29.29, , 2.98, 84, 1387, , , 1024, 6, 11, 0, 1.98, 11.8,
280887, 13.3, 17, 0, 0.11, 0.01, , 13.73, 29.29, 0.86, 78, , 38, 2.96, 11.4, 0, 12.5, 29.29, , 2.99, 84, 1382, , , 1024, 6, 11, 0, 2.04, 11.8,
281048, 13.7, 17, 0, 0.11, 0.02, , 13.73, 29.29, 0.86, 78, , 38, 2.96, 11.4, 0, 12.5, 29.29, , 2.97, 84, 1381, , , 1024, 6, 11, 0, 2.11, 11.8,
281208, 13.7, 17, 0, 0.11, 0.02, , 13.73, 29.29, 0.87, 78, , 38, 2.98, 11.4, 0, 12.5, 29.29, , 2.97, 84, 1372, , , 1024, 6, 11, 0, 1.96, 11.8,
281367, 13.7, 17, 0, 0.11, 0.01, , 13.73, 29.29, 0.86, 77, , 38, 2.98, 11.4, 0, 12.5, 29.29, , 2.95, 84, 1384, , , 1024, 6, 11, 0, 2.03, 11.8,
281526, 13.7, 17, 0, 0.12, 0.01, , 13.73, 29.29, 0.86, 77, , 38.5, 3.06, 11.4, 0, 12.5, 29.29, , 3.11, 84, 1439, , , 1024, 5, 11, 0, 2, 11.8,
281688, 13.7, 17, 0, 0.12, 0.03, , 14.12, 29.29, 0.88, 77, , 40.5, 3.49, 11.8, 0, 12.9, 29.29, , 3.49, 84, 1541, , , 1024, 5, 11, 0, 2.43, 12.5,
281847, 14.5, 17, 0, 0.12, 0.02, , 14.51, 29.29, 0.9, 76, , 40, 3.67, 12.2, 0, 12.9, 29.29, , 3.64, 84, 1609, , , 1024, 5, 11, 0, 2.49, 12.5,
282023, 14.1, 17, 0, 0.12, 0.02, , 14.12, 29.29, 0.91, 75, , 39.5, 3.65, 11.8, 0, 12.9, 29.29, , 3.56, 84, 1599, , , 1024, 5, 11, 0, 2.6, 12.5,
282183, 14.1, 17, 0, 0.12, 0.02, , 14.12, 29.29, 0.9, 75, , 39.5, 3.52, 11.8, 0, 12.9, 29.29, , 3.51, 84, 1583, , , 1024, 5, 11, 0, 2.42, 12.5,
282341, 14.1, 17, 0, 0.12, 0.02, , 14.12, 29.29, 0.9, 74, , 39.5, 3.49, 11.8, 0, 12.9, 29.29, , 3.51, 84, 1568, , , 1024, 5, 11, 0, 2.43, 12.5,
282502, 14.1, 17, 0, 0.12, 0.01, , 14.12, 29.29, 0.89, 73, , 39.5, 3.49, 11.8, 0, 12.9, 29.29, , 3.49, 84, 1548, , , 1024, 5, 11, 0, 2.36, 12.5,
282662, 14.1, 17, 0, 0.12, 0.02, , 14.12, 29.29, 0.89, 72, , 39.5, 3.47, 11.8, 0, 12.9, 29.29, , 3.48, 84, 1530, , , 1024, 5, 11, 0, 2.36, 12.5,
282827, 14.1, 17, 0, 0.12, 0.02, , 14.12, 29.29, 0.89, 72, , 40, 3.47, 11.8, 0, 12.9, 29.29, , 3.46, 84, 1513, , , 1024, 5, 11, 0, 2.4, 12.5,
282993, 14.1, 17, 0, 0.12, 0.02, , 14.12, 29.29, 0.89, 71, , 40, 3.44, 12.2, 0, 12.9, 29.29, , 3.44, 84, 1490, , , 1024, 5, 11, 0, 2.43, 12.5,
283157, 14.1, 17, 0, 0.12, 0.03, , 14.12, 29.29, 0.89, 70, , 39.5, 3.34, 11.8, 0, 12.9, 29.29, , 3.34, 84, 1467, , , 1024, 5, 11, 0, 2.25, 12.2,
283318, 13.7, 17, 0, 0.12, 0.02, , 13.73, 29.29, 0.88, 69, , 39.5, 3.29, 11.8, 0, 12.9, 29.29, , 3.28, 84, 1451, , , 1024, 5, 11, 0, 2.21, 12.2,
283477, 13.7, 17, 0, 0.11, 0.02, , 13.73, 29.29, 0.88, 68, , 39, 3.21, 11.8, 0, 12.5, 29.29, , 3.19, 84, 1429, , , 1024, 5, 11, 0, 2.22, 12.2,
283637, 13.7, 17, 0, 0.11, 0.02, , 13.73, 29.29, 0.88, 67, , 38.5, 3.08, 11.4, 0, 12.5, 29.29, , 3.09, 83, 1410, , , 1024, 5, 11, 0, 2.22, 12.2,
283796, 13.7, 17, 0, 0.11, 0.02, , 13.33, 29.29, 0.86, 66, , 38, 3.01, 11.4, 0, 12.5, 29.29, , 3, 83, 1385, , , 1024, 5, 11, 0, 2.13, 12.2,
283957, 13.7, 17, 0, 0.11, 0.01, , 13.73, 29.29, 0.87, 65, , 38, 2.93, 11.4, 0, 12.5, 29.29, , 2.94, 83, 1365, , , 1024, 5, 11, 0, 1.99, 11.8,
284116, 13.7, 17, 0, 0.11, 0.02, , 13.73, 29.29, 0.86, 64, , 38, 2.9, 11.4, 0, 12.5, 29.29, , 2.91, 83, 1342, , , 1024, 5, 11, 0, 2.04, 11.8,
284277, 13.7, 17, 0, 0.11, 0.01, , 13.73, 29.29, 0.85, 63, , 37.5, 2.83, 11.4, 0, 12.2, 29.29, , 2.82, 83, 1322, , , 1024, 5, 11, 0, 2, 11.8,
284437, 13.7, 17, 0, 0.11, 0.02, , 13.73, 29.29, 0.85, 62, , 37.5, 2.75, 11.4, 0, 12.2, 29.29, , 2.74, 83, 1304, , , 1024, 5, 11, 0, 1.96, 11.8,
284597, 13.7, 17, 0, 0.11, 0.02, , 13.73, 29.29, 0.84, 61, , 37.5, 2.7, 11, 0, 12.2, 29.29, , 2.71, 83, 1287, , , 1024, 5, 11, 0, 1.88, 11.8,
284756, 13.7, 17, 0, 0.11, 0.01, , 13.73, 29.29, 0.85, 60, , 37.5, 2.7, 11, 0, 12.2, 29.29, , 2.69, 83, 1272, , , 1024, 5, 11, 0, 1.8, 11.8,
284916, 13.7, 17, 0, 0.11, 0.02, , 13.73, 29.29, 0.84, 59, , 37, 2.65, 11, 0, 12.2, 29.29, , 2.64, 83, 1255, , , 1024, 5, 11, 0, 1.79, 11.8,
285078, 13.7, 17, 0, 0.11, 0.01, , 14.12, 29.29, 0.84, 58, , 37, 2.62, 11, 0, 12.2, 29.29, , 2.61, 83, 1236, , , 1024, 5, 11, 0, 1.83, 11.4,
285237, 13.7, 17, 0, 0.11, 0.02, , 13.73, 29.29, 0.84, 57, , 36.5, 2.52, 11, 0, 12.2, 29.29, , 2.51, 83, 1218, , , 1024, 5, 11, 0, 1.82, 11.4,
285397, 14.1, 17, 0, 0.11, 0.02, , 14.12, 29.29, 0.84, 56, , 36.5, 2.47, 11, 0, 12.2, 29.29, , 2.46, 83, 1187, , , 1024, 5, 11, 0, 1.76, 11.4,
285557, 13.7, 17, 0, 0.1, 0.02, , 13.73, 29.29, 0.83, 55, , 35.5, 2.29, 10.6, 0, 11.8, 29.29, , 2.3, 83, 1146, , , 1024, 5, 11, 0, 1.62, 11.4,
285717, 13.7, 17, 0, 0.1, 0.01, , 13.73, 29.29, 0.82, 54, , 35.5, 2.19, 10.2, 0, 11.8, 29.29, , 2.21, 83, 1137, , , 1024, 5, 11, 0, 1.49, 11.4,
285879, 13.7, 17, 0, 0.11, 0.01, , 13.73, 29.29, 0.81, 53, , 35.5, 2.21, 10.2, 0, 11.8, 29.29, , 2.23, 83, 1160, , , 1024, 5, 11, 0, 1.53, 11.4,
286036, 13.7, 17, 0, 0.11, 0.01, , 13.73, 29.29, 0.82, 52, , 36.5, 2.29, 10.6, 0, 11.8, 29.29, , 2.4, 83, 1232, , , 1024, 5, 11, 0, 1.57, 11.4,
286197, 13.7, 17, 0, 0.12, 0.02, , 13.73, 29.29, 0.82, 51, , 38.5, 2.72, 11, 0, 12.2, 29.29, , 2.83, 83, 1352, , , 1024, 5, 11, 0, 1.75, 11.8,
286367, 14.1, 17, 0, 0.12, 0.02, , 14.12, 29.29, 0.85, 50, , 40.5, 3.11, 11.8, 0, 12.5, 29.29, , 3.04, 83, 1480, , , 1024, 4, 11, 0, 2.14, 12.2,
286539, 14.5, 17, 0, 0.12, 0.03, , 14.51, 29.29, 0.89, 49, , 41, 3.49, 12.5, 0, 12.9, 29.29, , 3.47, 83, 1474, , , 1024, 4, 11, 0, 2.39, 12.5,
286697, 14.5, 17, 0, 0.12, 0.01, , 14.51, 29.29, 0.9, 48, , 40, 3.29, 12.2, 0, 12.9, 29.29, , 3.22, 83, 1432, , , 1024, 4, 11, 0, 2.36, 12.2,
286857, 14.1, 17, 0, 0.11, 0.02, , 13.73, 29.29, 0.87, 47, , 39, 2.98, 11.8, 0, 12.5, 29.29, , 2.99, 83, 1394, , , 1024, 4, 11, 0, 2.02, 12.2,
287057, 13.7, 17, 0, 0.11, 0.02, , 13.73, 29.29, 0.86, 46, , 38, 2.83, 11.4, 0, 12.2, 29.29, , 2.84, 83, 1354, , , 1024, 4, 11, 0, 1.9, 11.8,
287217, 13.7, 17, 0, 0.11, 0.02, , 13.73, 29.29, 0.85, 45, , 38, 2.78, 11.4, 0, 12.2, 29.29, , 2.78, 83, 1318, , , 1024, 4, 11, 0, 1.99, 11.8,
287376, 13.7, 17, 0, 0.11, 0.01, , 13.73, 29.29, 0.85, 44, , 37.5, 2.67, 11, 0, 12.2, 29.29, , 2.68, 83, 1290, , , 1024, 4, 11, 0, 1.8, 11.8,
287536, 13.7, 17, 0, 0.11, 0.02, , 13.73, 29.29, 0.84, 43, , 37, 2.62, 11, 0, 12.2, 29.29, , 2.61, 83, 1272, , , 1024, 4, 11, 0, 1.87, 11.8,
287697, 13.7, 17, 0, 0.11, 0.01, , 13.73, 29.29, 0.84, 43, , 36.5, 2.6, 11, 0, 12.2, 29.29, , 2.6, 83, 1253, , , 1024, 4, 11, 0, 1.77, 11.8,
287858, 13.7, 17, 0, 0.11, 0.02, , 13.73, 29.29, 0.83, 42, , 36.5, 2.54, 10.6, 0, 12.2, 29.29, , 2.53, 83, 1233, , , 1024, 4, 11, 0, 1.67, 11.4,
288017, 13.7, 17, 0, 0.11, 0.01, , 13.73, 29.29, 0.83, 41, , 36.5, 2.47, 10.6, 0, 12.2, 29.29, , 2.48, 83, 1218, , , 1024, 4, 11, 0, 1.7, 11.4,
288177, 13.7, 18, 0, 0.11, 0.02, , 13.73, 29.29, 0.83, 40, , 36.5, 2.44, 10.6, 0, 12.2, 29.29, , 2.43, 83, 1196, , , 1024, 4, 11, 0, 1.67, 11.4,
288343, 13.7, 18, 0, 0.11, 0.01, , 13.73, 29.29, 0.82, 39, , 36, 2.31, 10.6, 0, 11.8, 29.29, , 2.34, 83, 1170, , , 1024, 4, 11, 0, 1.57, 11.4,
288506, 13.7, 18, 0, 0.1, 0.02, , 13.73, 29.29, 0.82, 38, , 35, 2.19, 10.6, 0, 11.8, 29.29, , 2.21, 83, 1142, , , 1024, 4, 11, 0, 1.47, 11.4,
288673, 13.7, 18, 0, 0.1, 0.02, , 13.73, 29.29, 0.81, 37, , 35, 2.16, 10.2, 0, 11.8, 29.29, , 2.16, 83, 1104, , , 1024, 4, 11, 0, 1.58, 11,
288835, 13.7, 18, 0, 0.1, 0.01, , 13.73, 29.29, 0.8, 36, , 34, 2.11, 10.2, 0, 11.8, 29.29, , 2.11, 83, 1074, , , 1024, 4, 11, 0, 1.43, 11,
288997, 13.7, 18, 0, 0.1, 0.02, , 13.73, 29.29, 0.81, 35, , 34, 2.11, 9.8, 0, 11.8, 29.29, , 2.13, 83, 1100, , , 1024, 4, 11, 0, 1.5, 11,
289158, 14.1, 18, 0, 0.11, 0.02, , 14.12, 29.29, 0.8, 34, , 36, 2.16, 10.6, 0, 11.8, 29.29, , 2.24, 83, 1160, , , 1024, 4, 11, 0, 1.47, 11,
289318, 14.1, 18, 0, 0.11, 0.01, , 14.12, 29.29, 0.81, 32, , 36.5, 2.34, 11, 0, 11.8, 29.29, , 2.33, 83, 1235, , , 1024, 3, 11, 0, 1.54, 11.4,
289477, 14.5, 18, 0, 0.12, 0.02, , 14.51, 29.29, 0.82, 31, , 38, 2.6, 11.4, 0, 12.2, 29.29, , 2.57, 83, 1310, , , 1024, 3, 11, 0, 1.79, 11.4,
289637, 14.1, 18, 0, 0.12, 0.01, , 14.51, 29.29, 0.84, 30, , 39, 2.78, 11.8, 0, 12.2, 29.29, , 2.77, 83, 1324, , , 1024, 3, 11, 0, 1.87, 11.8,
289797, 14.5, 18, 0, 0.11, 0.02, , 14.51, 29.29, 0.84, 29, , 38.5, 2.75, 11.8, 0, 12.2, 29.29, , 2.63, 83, 1259, , , 1024, 3, 11, 0, 1.95, 11.8,
289957, 14.5, 18, 0, 0.11, 0.02, , 14.12, 29.29, 0.84, 28, , 37.5, 2.42, 11.4, 0, 11.8, 29.29, , 2.41, 83, 1218, , , 1024, 3, 11, 0, 1.73, 11.4,
290118, 14.1, 18, 0, 0.11, 0.02, , 14.12, 29.29, 0.83, 27, , 36, 2.26, 11, 0, 11.8, 29.29, , 2.29, 83, 1182, , , 1024, 3, 11, 0, 1.63, 11.4,
290279, 13.7, 18, 0, 0.1, 0.02, , 13.73, 29.29, 0.82, 26, , 35.5, 2.16, 10.6, 0, 11.8, 29.29, , 2.19, 83, 1139, , , 1024, 3, 11, 0, 1.57, 11,
290438, 13.7, 18, 0, 0.1, 0.01, , 13.73, 29.29, 0.8, 25, , 34.5, 2.16, 10.2, 0, 11.8, 29.29, , 2.15, 83, 1098, , , 1024, 3, 11, 0, 1.43, 11,
290599, 13.7, 18, 0, 0.1, 0.02, , 13.73, 29.29, 0.81, 25, , 34, 2.16, 10.2, 0, 11.8, 29.29, , 2.1, 83, 1066, , , 1024, 3, 11, 0, 1.58, 11,
290757, 13.7, 18, 0, 0.1, 0.02, , 14.12, 29.29, 0.82, 24, , 34, 2.01, 10.2, 0, 11.8, 29.29, , 2.05, 83, 1023, , , 1024, 3, 11, 0, 1.49, 11.4,
290917, 14.5, 18, 0, 0.1, 0.01, , 14.51, 29.29, 0.81, 23, , 33.5, 1.96, 10.2, 0, 11.4, 29.29, , 1.94, 83, 986, , , 1024, 3, 11, 0, 1.43, 11,
291077, 14.5, 18, 0, 0.11, 0.01, , 15.29, 29.29, 0.79, 22, , 32, 1.88, 10.6, 0, 11.4, 29.29, , 1.9, 83, 946, , , 1024, 3, 11, 0, 1.27, 11,
291238, 15.7, 18, 0, 0.11, 0.02, , 16.08, 29.29, 0.79, 21, , 30.5, 1.83, 11, 0, 11.4, 29.29, , 1.83, 83, 900, , , 1024, 3, 11, 0, 1.3, 11,
291398, 16.5, 18, 0, 0.11, 0.01, , 16.47, 29.29, 0.79, 20, , 29.5, 1.75, 11, 0, 11.4, 29.29, , 1.75, 83, 862, , , 1024, 3, 11, 0, 1.18, 10.6,
291557, 17.3, 18, 6.1, 0.15, 0.01, , 18.82, 29.29, 0.78, 19, , 30.5, 7.72, 11.4, 1.15, 11.8, 29.29, , 12.21, 83, 837, , , 1024, 3, 11, 0, 6.78, 12.5,
291718, 17.6, 18, 7.66, 0.14, 0.01, , 21.57, 29.29, 1.21, 18, , 11, 4.34, 17.3, 1.68, 15.3, 29.29, , 3.44, 83, 830, , , 256, 3, 11, 0, 4.55, 14.5,
291878, 23.5, 18, 8.15, 0.17, 0.02, , 26.67, 29.29, 1.02, 18, , 2, 4.93, 16.1, 1.84, 16.1, 29.29, , 4, 83, 842, , , 256, 3, 11, 0, 3.41, 15.3,
292068, 26.3, 18, 7.72, 0.17, 0.02, , 26.67, 29.29, 0.91, 17, , 1, 3.83, 17.3, 1.7, 13.3, 29.29, , 3.88, 83, 815, , , 256, 3, 11, 0, 2.91, 12.5,
292226, 27.5, 18, 8.15, 0.18, 0.02, , 29.02, 28.25, 0.97, 16, , 4.5, 4.42, 17.3, 1.73, 13.7, 28.71, , 5.13, 83, 772, , , 256, 3, 11, 0, 3.33, 13.3,
292387, 30.6, 18, 8.79, 0.2, 0.02, , 31.76, 20.67, 0.97, 15, , 0.5, 4.75, 18.8, 1.84, 14.1, 21.13, , 4.91, 83, 744, , , 256, 3, 11, 0, 3.58, 13.7,
292546, 32.9, 18, 9.43, 0.21, 0.02, , 34.12, 17.46, 1.01, 15, , 0.5, 5.72, 20, 1.92, 14.5, 17.57, , 6.25, 83, 729, , , 256, 3, 11, 0, 3.97, 13.7,
292706, 35.7, 18, 10.31, 0.23, 0.02, , 37.25, 15.39, 1.03, 14, , -1.5, 5.83, 21.6, 2.05, 14.9, 15.5, , 6.33, 83, 725, , , 256, 3, 11, 0, 4.39, 14.5,
292869, 39.2, 18, 11.17, 0.25, 0.02, , 40, 14.59, 1.04, 13, , -3.5, 5.7, 23.5, 2.09, 14.9, 14.59, , 5.15, 83, 721, , , 256, 3, 11, 0, 4.1, 14.5,
293027, 41.6, 18, 11.32, 0.25, 0.02, , 41.96, 14.24, 1.01, 12, , -7, 4.75, 25.1, 2.06, 14.1, 14.24, , 4.75, 83, 729, , , 256, 3, 11, 0, 3.78, 13.7,
293187, 40.8, 18, 10.31, 0.22, 0.02, , 39.61, 14.01, 0.89, 11, , -8, 1.29, 24.7, 1.84, 12.2, 14.01, , 0.88, 83, 742, , , 256, 2, 11, 0, 1.27, 11.4,
293352, 35.7, 18, 9.06, 0.2, 0.02, , 34.12, 13.78, 0.83, 10, , -3, 3.78, 21.6, 1.67, 12.5, 13.78, , 4, 83, 724, , , 256, 2, 11, 0, 2.89, 12.2,
293512, 34.1, 18, 8.97, 0.2, 0.02, , 34.12, 13.55, 0.93, 10, , 0, 4.16, 20.4, 1.7, 13.7, 13.55, , 4.37, 83, 719, , , 512, 2, 11, 0, 2.84, 12.9,
293672, 35.3, 18, 10.53, 0.23, 0.02, , 37.65, 13.09, 1.04, 9, , 0.5, 5.59, 22, 1.87, 15.7, 13.09, , 4.49, 83, 705, , , 512, 2, 11, 0, 4.24, 15.7,
293834, 39.6, 18, 11.11, 0.25, 0.01, , 40.78, 12.75, 1.02, 8, , -0.5, 5.39, 23.5, 1.98, 14.9, 12.75, , 5.31, 83, 692, , , 512, 2, 11, 0, 3.84, 14.1,
293992, 41.6, 18, 11.17, 0.25, 0.01, , 41.96, 12.86, 1.01, 8, , -1, 4.6, 24.7, 2, 14.1, 12.86, , 4.59, 83, 691, , , 512, 2, 11, 0, 3.65, 13.3,
294151, 42, 18, 11.14, 0.25, 0.02, , 41.96, 13.21, 0.98, 8, , -3, 4.57, 25.1, 2.04, 14.1, 13.21, , 4.56, 83, 697, , , 512, 2, 11, 0, 3.47, 13.3,
294312, 42, 18, 11.11, 0.25, 0.01, , 41.96, 13.55, 0.98, 8, , 5.5, 4.49, 25.1, 2.02, 13.7, 13.55, , 4.54, 83, 692, , , 512, 2, 11, 0, 3.5, 13.3,
294474, 41.6, 18, 11.75, 0.27, 0.02, , 42.35, 13.44, 0.97, 8, , 9.5, 7.7, 24.7, 1.97, 14.5, 13.44, , 8.79, 83, 759, , , 512, 2, 11, 0, 7.02, 14.9,
294634, 46.7, 18, 14.74, 0.34, 0.02, , 49.02, 13.09, 1.24, 8, , 9.5, 9.11, 29, 2.31, 17.6, 13.21, , 7.14, 83, 858, , , 512, 2, 11, 0, 7.22, 17.3,
294792, 51, 18, 15.56, 0.36, 0.01, , 49.02, 13.09, 1.49, 9, , 16.5, 9.59, 35.3, 2.3, 18, 13.09, , 11.94, 83, 1010, , , 512, 2, 11, 0, 9.03, 17.3,
294958, 48.6, 18, 14.47, 0.34, 0.02, , 47.06, 13.78, 1.29, 9, , 18.5, 8.26, 35.3, 2.16, 17.6, 13.78, , 8.24, 83, 1113, , , 512, 2, 11, 0, 9.85, 17.3,
295117, 45.5, 18, 14.86, 0.34, 0.01, , 44.71, 13.9, 1.39, 9, , 27, 12.21, 34.5, 2.18, 20.4, 13.9, , 11.33, 83, 1199, , , 512, 2, 11, 0, 11.89, 20.4,
295277, 43.9, 17, 14.71, 0.35, 0.01, , 42.75, 13.9, 1.41, 10, , 32, 12.88, 34.5, 2.19, 21.2, 13.9, , 15.06, 83, 1279, , , 512, 2, 11, 0, 12.14, 20.4,
295437, 42.7, 17, 15.2, 0.34, 0, , 42.75, 14.13, 1.41, 11, , 33.5, 12.44, 34.9, 2.24, 21.6, 14.13, , 12.14, 83, 1323, , , 512, 2, 11, 0, 10.24, 21.2,
295598, 42, 17, 15.29, 0.34, 0, , 41.96, 14.01, 1.36, 11, , 34, 12.75, 34.1, 2.29, 22, 14.01, , 12.61, 83, 1343, , , 512, 2, 11, 0, 9.33, 21.2,
295757, 42.7, 17, 16.11, 0.36, 0.01, , 44.31, 13.55, 1.37, 12, , 33, 13.8, 35.3, 2.34, 23.5, 13.55, , 13.73, 83, 1350, , , 512, 2, 11, 0, 10.02, 22.7,
295917, 46.3, 17, 17.64, 0.41, 0.01, , 48.24, 13.32, 1.4, 12, , 30.5, 15.64, 38.4, 2.45, 24.3, 13.32, , 15.64, 83, 1411, , , 512, 2, 11, 0, 11.37, 23.9,
296079, 49.8, 17, 18.52, 0.43, 0.01, , 50.59, 12.86, 1.47, 13, , 28.5, 16.16, 42, 2.45, 25.1, 12.98, , 16.19, 83, 1471, , , 512, 2, 11, 0, 11.91, 24.3,
296237, 51.4, 17, 19.84, 0.47, 0.02, , 54.51, 12.98, 1.48, 14, , 26, 15.98, 44.3, 2.5, 24.7, 12.86, , 16.07, 83, 1536, , , 512, 2, 11, 0, 11.81, 24.3,
296397, 58.4, 17, 20.54, 0.53, 6.4, , 62.35, 12.75, 1.56, 14, , 21.5, 17.54, 49.8, 2.7, 26.3, 12.75, , 17.44, 83, 1628, , , 512, 2, 11, 0, 16.04, 25.9,
296558, 66.3, 17, 21.18, 0.55, 6.36, , 67.84, 13.21, 1.61, 15, , 22, 17.64, 54.9, 2.39, 26.3, 13.21, , 17.62, 83, 1721, , , 512, 2, 11, 0, 16.99, 25.9,
296717, 66.7, 17, 20.63, 0.53, 6.51, , 65.88, 14.24, 1.68, 16, , 23.5, 17.59, 54.1, 2.41, 26.3, 14.24, , 17.61, 83, 1758, , , 512, 2, 11, 0, 16.81, 25.9,
296878, 64.7, 16, 20.32, 0.52, 6.47, , 63.92, 14.47, 1.71, 17, , 24.5, 17.8, 53.3, 2.38, 26.7, 14.36, , 17.93, 83, 1770, , , 512, 2, 11, 0, 17.95, 25.9,
297038, 63.5, 16, 20.23, 0.53, 6.51, , 64.31, 14.47, 1.72, 18, , 24.5, 18.08, 52.5, 2.36, 26.7, 14.47, , 18.06, 83, 1782, , , 512, 2, 11, 0, 18.05, 26.3,
297196, 63.9, 16, 20.23, 0.53, 6.38, , 63.53, 14.7, 1.72, 19, , 24.5, 18.13, 52.5, 2.38, 26.7, 14.59, , 18.12, 83, 1805, , , 512, 2, 11, 0, 17.45, 26.3,
297361, 63.1, 16, 20.14, 0.52, 6.31, , 62.75, 14.7, 1.7, 20, , 25, 18.16, 52.9, 2.35, 27.1, 14.7, , 18.15, 83, 1824, , , 512, 2, 11, 0, 17.84, 26.3,
297523, 62, 16, 19.93, 0.52, 6.45, , 61.96, 14.47, 1.72, 20, , 25.5, 18.28, 52.2, 2.31, 27.1, 14.47, , 18.27, 83, 1836, , , 512, 2, 11, 0, 18.31, 26.7,
297683, 61.6, 16, 19.9, 0.52, 6.46, , 61.57, 14.93, 1.72, 21, , 25.5, 18.28, 52.2, 2.36, 27.1, 14.81, , 18.26, 83, 1857, , , 512, 2, 11, 0, 18.09, 26.7,
297843, 61.2, 16, 19.47, 0.51, 6.25, , 60, 14.47, 1.69, 22, , 25.5, 17.98, 51.8, 2.31, 26.7, 14.47, , 17.99, 83, 1869, , , 512, 2, 11, 0, 17.34, 26.3,
298002, 59.6, 16, 18.95, 0.51, 6.22, , 60, 14.81, 1.69, 23, , 25.5, 18.13, 51, 2.3, 26.7, 14.81, , 18.17, 83, 1875, , , 512, 2, 11, 0, 17.41, 26.3,
298162, 60, 16, 18.68, 0.51, 6.15, , 59.61, 15.04, 1.71, 24, , 24.5, 18.28, 51, 2.3, 27.1, 15.04, , 18.28, 83, 1898, , , 512, 2, 11, 0, 18.01, 26.7,
298323, 57.3, 16, 15.78, 0.41, 6.1, , 51.37, 15.04, 1.54, 24, , 14.5, 14.29, 48.2, 2.06, 23.9, 15.04, , 13.99, 83, 1818, , , 512, 2, 11, 0, 13.35, 23.1,
298482, 47.1, 16, 13, 0.34, 6.37, , 44.31, 15.16, 1.45, 25, , 17, 10.93, 38.4, 1.93, 20, 15.16, , 10.76, 83, 1734, , , 512, 2, 11, 0, 8.93, 19.6,
298642, 40.4, 16, 9.95, 0.29, 6.44, , 36.08, 15.04, 0.98, 25, , 32.5, 7.29, 32.2, 1.59, 14.1, 15.04, , 8.85, 83, 1709, , , 512, 2, 11, 0, 3.69, 13.3,
298802, 34.1, 16, 7.81, 0.23, 6.27, , 30.2, 14.59, 1, 25, , 23.5, 0.44, 27.1, 1.41, 11, 14.47, , 0.28, 83, 1611, , , 512, 2, 11, 0, 1, 10.2,
298963, 26.7, 16, 5.52, 0.18, 6.41, , 23.53, 14.36, 0.74, 25, , 18, 0.21, 21.6, 1.23, 9.8, 14.47, , 0.28, 83, 1586, , , 512, 2, 11, 0, 0.59, 9.4,
299122, 20, 16, 3.88, 0.13, 6.41, , 17.25, 14.24, 0.74, 25, , 24.5, 0.24, 16.1, 0.96, 9.8, 14.24, , 0.28, 83, 1565, , , 512, 2, 11, 0, 0.66, 9.4,
299283, 14.1, 16, 3.3, 0.13, 6.48, , 12.55, 14.59, 0.74, 26, , 35.5, 2.98, 11.4, 0.8, 10.2, 14.59, , 3.36, 83, 1486, , , 1024, 2, 11, 0, 2.11, 10.6,
299444, 14.1, 16, 5.22, 0.15, 6.5, , 17.65, 15.27, 1.42, 25, , 39, 6.54, 12.9, 1.25, 18, 15.39, , 5.08, 83, 1488, , , 512, 2, 11, 0, 5.65, 16.9,
299602, 18.8, 16, 6.99, 0.21, 6.4, , 22.35, 15.62, 1.14, 25, , 41.5, 10.13, 16.5, 1.45, 18, 15.62, , 10.04, 83, 1579, , , 512, 2, 11, 0, 11.31, 18,
299762, 26.7, 16, 9.67, 0.27, 6.28, , 30.98, 15.39, 1.48, 25, , 43.5, 12.08, 22.7, 1.84, 21.2, 15.39, , 11.98, 83, 1729, , , 512, 2, 11, 0, 15.7, 20.8,
299928, 35.3, 16, 12.66, 0.36, 6.24, , 38.43, 15.73, 1.75, 25, , 42.5, 16.39, 29, 1.98, 23.9, 15.73, , 16.41, 83, 1814, , , 512, 2, 11, 0, 19.05, 23.9,
300153, 51, 16, 17.94, 0.6, 6.32, , 56.47, 15.27, 1.65, 26, , 25, 22.03, 43.1, 2.32, 29, 15.39, , 22.27, 83, 1952, , , 512, 2, 11, 0, 21, 29,
300313, 74.5, 16, 27.22, 0.86, 6.34, , 84.31, 14.24, 1.81, 27, , 11, 26.87, 65.5, 2.9, 34.1, 14.24, , 26.91, 83, 2170, , , 512, 2, 11, 0, 30.41, 34.1,
300472, 100, 15, 37.51, 0.92, 6.49, , 100, 14.36, 2.14, 28, , 7.5, 86.55, 90.2, 3.91, 87.8, 14.36, , 86, 83, 2406, , , 512, 2, 11, 0, 39.28, 90.2,
300637, 100, 15, 36.04, 0.92, 6.51, , 100, 14.13, 2.15, 29, , 8.5, 85.98, 92.2, 3.62, 91.4, 14.01, , 86, 83, 2515, , , 256, 2, 11, 0, 34.12, 91.8,
300798, 100, 15, 40.92, 0.91, 6.53, , 100, 14.47, 2.59, 31, , 10, 86.01, 92.2, 4.05, 91.4, 14.59, , 86, 83, 2595, , , 512, 2, 11, 0, 37.29, 91.8,
300963, 100, 15, 41.26, 0.93, 0, , 100, 12.98, 2.67, 32, , 12, 86.01, 91.8, 4.12, 91.4, 12.86, , 86, 83, 2972, , , 512, 2, 11, 0, 55.62, 91.8,
301129, 100, 15, 43.88, 0.93, 0.12, , 100, 12.52, 2.78, 33, , 1.5, 86.01, 94.1, 3.83, 91.4, 12.52, , 86, 83, 3580, , , 512, 2, 11, 0, 70.12, 91.8,
301288, 100, 15, 43.79, 0.95, 0.01, , 100, 12.63, 2.84, 33, , 7, 86.01, 93.3, 3.7, 91.4, 12.63, , 86, 83, 4007, , , 512, 1, 11, 0, 77.57, 91.8,
301448, 100, 14, 44.07, 0.95, 0.02, , 100, 12.17, 2.96, 35, , 13, 86.01, 96.1, 3.67, 91.4, 12.06, , 86, 83, 4336, , , 512, 1, 11, 0, 83.32, 91.8,
301607, 100, 14, 43.52, 0.94, 0, , 100, 12.52, 2.96, 38, , 13.5, 85.98, 94.5, 3.6, 91.4, 12.52, , 86, 83, 4442, , , 512, 1, 11, 0, 90.27, 91.8,
301769, 100, 14, 42.79, 0.93, 6.52, , 100, 12.86, 3.07, 39, , 13.5, 86.01, 93.7, 3.53, 91.4, 12.86, , 86, 83, 4658, , , 512, 1, 11, 0, 83.88, 91.8,
301927, 100, 14, 42.69, 0.93, 6.53, , 100, 12.98, 3.12, 42, , 13.5, 86.01, 93.3, 3.5, 91.4, 12.98, , 86, 83, 4880, , , 512, 1, 11, 0, 96.02, 91.8,
302128, 67.8, 13, 20.94, 0.43, 0.02, , 50.59, 12.86, 2.17, 44, , 12, 18.98, 58, 2.01, 27.5, 12.75, , 18.76, 83, 4311, , , 512, 1, 11, 0, 34.88, 27.1,
302289, 50.2, 13, 39.25, 0.9, 6.52, , 85.1, 13.55, 2.15, 46, , 14, 33.95, 47.8, 3.01, 37.3, 13.44, , 35.04, 83, 3552, , , 512, 2, 11, 0, 80.04, 38.4,
302447, 99.6, 13, 43.49, 0.93, 0.01, , 100, 13.09, 2.81, 47, , 12, 51.63, 91.8, 3.69, 54.5, 12.98, , 52.66, 83, 3365, , , 512, 2, 11, -0.256, 67.77, 55.7,
302615, 100, 13, 44.04, 0.93, 0.05, , 100, 12.75, 2.75, 49, , 11, 86.42, 93.3, 3.7, 91.4, 12.63, , 86, 83, 3502, , , 512, 2, 11, -0.256, 65.15, 92.2,
302778, 100, 13, 43.91, 0.93, 0.02, , 100, 12.52, 2.66, 50, , 8.5, 85.98, 93.3, 3.66, 91.4, 12.52, , 86, 83, 3556, , , 512, 2, 11, -0.766, 74.33, 91.8,
302937, 100, 13, 43.88, 0.93, 0.1, , 100, 12.52, 2.84, 52, , 9, 86.04, 93.3, 3.66, 91.4, 12.52, , 86, 83, 3633, , , 512, 2, 11, -0.75, 74.33, 91.8,
303098, 100, 13, 43.85, 0.93, 6.48, , 100, 12.4, 2.88, 53, , 9.5, 86.01, 93.3, 3.66, 91.4, 12.4, , 86, 83, 3735, , , 512, 2, 11, -0.736, 65.38, 91.8,
303263, 100, 12, 43.88, 0.93, 0.03, , 100, 12.4, 2.94, 55, , 9, 86.01, 93.3, 3.68, 91.4, 12.52, , 86, 83, 3808, , , 512, 2, 11, -1.232, 64.98, 91.8,
303428, 100, 12, 44.04, 0.94, 0, , 100, 12.52, 2.85, 56, , 9, 86.01, 93.7, 3.68, 91.4, 12.52, , 86, 83, 3906, , , 512, 2, 11, -1.536, 74.59, 91.8,
303588, 100, 12, 44.62, 0.95, 0.01, , 100, 12.52, 2.84, 58, , 9, 85.98, 94.9, 3.75, 91.4, 12.52, , 86, 83, 3980, , , 512, 2, 11, -1.676, 74.32, 91.8,
303747, 100, 12, 44.89, 0.96, 0, , 100, 12.4, 2.91, 59, , 8, 86.01, 96.1, 3.76, 91.4, 12.4, , 86, 83, 4066, , , 512, 2, 11, -2.157, 78.45, 91.8,
303908, 100, 12, 45.14, 0.96, 0.03, , 100, 12.29, 2.9, 61, , 8.5, 85.98, 96.9, 3.73, 91.4, 12.29, , 86, 83, 4139, , , 512, 2, 11, -2.14, 83.28, 91.8,
304068, 100, 12, 44.62, 0.96, 6.54, , 100, 12.4, 2.94, 62, , 8.5, 86.04, 96.5, 3.69, 91.4, 12.4, , 86, 83, 4214, , , 512, 2, 11, -2.124, 84.04, 91.8,
304227, 100, 12, 44.13, 0.95, 0.04, , 100, 12.52, 3.01, 64, , 9, 85.98, 95.7, 3.61, 91.4, 12.52, , 86, 83, 4308, , , 512, 2, 11, -2.107, 86.95, 91.8,
304387, 100, 12, 43.79, 0.94, 0, , 100, 12.63, 2.91, 65, , 9, 86.01, 95.3, 3.57, 91.4, 12.75, , 86, 83, 4386, , , 512, 2, 11, -2.091, 86.17, 91.8,
304548, 100, 12, 43.33, 0.94, 0.02, , 100, 12.86, 2.97, 67, , 9.5, 85.98, 94.5, 3.54, 91.4, 12.86, , 86, 83, 4456, , , 512, 2, 11, -2.075, 89.93, 91.8,
304709, 100, 12, 42.91, 0.93, 0.01, , 100, 12.86, 3.05, 68, , 9.5, 85.98, 94.1, 3.5, 91.4, 12.86, , 86, 83, 4524, , , 512, 2, 11, -2.058, 89.33, 91.8,
304867, 100, 11, 42.94, 0.94, 0.02, , 100, 12.98, 2.97, 69, , 9.5, 86.01, 93.7, 3.5, 91.4, 12.98, , 86, 83, 4575, , , 512, 2, 11, -2.042, 85.2, 91.8,
305028, 100, 11, 42.97, 0.94, 0.02, , 100, 12.98, 3.02, 71, , 9.5, 85.98, 94.1, 3.48, 91.4, 12.98, , 86, 83, 4657, , , 512, 2, 11, -2.025, 87.84, 91.8,
305188, 100, 11, 43.06, 0.93, 0.02, , 100, 12.98, 2.99, 72, , 9.5, 86.04, 94.1, 3.48, 91.4, 12.98, , 86, 83, 4722, , , 512, 2, 11, -2.024, 95.15, 91.8,
305347, 100, 11, 43, 0.94, 0.02, , 100, 12.98, 3.07, 74, , 9, 86.04, 94.1, 3.47, 91.4, 12.98, , 86, 83, 4795, , , 512, 2, 11, -2.014, 88.93, 91.8,
305507, 100, 11, 43, 0.94, 0.01, , 100, 13.09, 3.04, 75, , 9, 85.98, 94.1, 3.48, 91.4, 13.09, , 86, 83, 4865, , , 512, 2, 11, -2.014, 92.76, 91.8,
305674, 100, 11, 42.97, 0.93, 6.54, , 100, 13.09, 3.16, 76, , 9, 86.01, 94.1, 3.48, 91.4, 12.98, , 86, 83, 4939, , , 512, 2, 11, -2.014, 94.94, 91.8,
305836, 100, 11, 42.85, 0.93, 0, , 100, 13.21, 3.11, 78, , 9, 86.04, 94.1, 3.45, 91.4, 13.09, , 86, 83, 5024, , , 512, 2, 11, -2.014, 94.94, 91.8,
305999, 100, 11, 43.09, 0.94, 6.55, , 100, 13.21, 3.18, 79, , 9, 86.01, 94.1, 3.48, 91.4, 13.21, , 86, 83, 5100, , , 512, 2, 11, -2.014, 103.48, 91.8,
306163, 100, 11, 43.43, 0.94, 0, , 100, 13.09, 3.1, 80, , 9.5, 85.98, 94.1, 3.49, 91.4, 13.09, , 86, 83, 5182, , , 512, 2, 11, -2.014, 94.41, 91.8,
306329, 100, 11, 43.67, 0.94, 6.55, , 100, 13.09, 3.12, 82, , 9.5, 86.01, 94.5, 3.49, 91.4, 13.09, , 86, 83, 5265, , , 512, 2, 11, -2.014, 102.26, 91.8,
306495, 100, 11, 43.85, 0.95, 0.01, , 100, 12.98, 3.18, 83, , 10, 86.01, 94.9, 3.51, 91.4, 12.98, , 86, 83, 5310, , , 512, 2, 11, -2.014, 101.05, 91.8,
306653, 100, 11, 44.19, 0.95, 0, , 100, 12.98, 3.22, 84, , 10, 86.01, 94.9, 3.55, 91.4, 12.98, , 86, 83, 5384, , , 512, 2, 11, -1.983, 106.44, 91.8,
306817, 100, 11, 44.4, 0.95, 6.55, , 100, 12.98, 3.28, 86, , 10.5, 86.01, 95.3, 3.55, 91.4, 12.98, , 86, 84, 5436, , , 512, 2, 11, -1.946, 110.85, 91.8,
306978, 100, 11, 44.46, 0.95, 6.54, , 100, 12.86, 3.2, 87, , 10.5, 86.01, 95.7, 3.55, 91.4, 12.86, , 86, 84, 5499, , , 512, 2, 11, -1.91, 105.08, 91.8,
307175, 100, 11, 44.83, 0.96, 6.55, , 100, 12.75, 3.33, 89, , 11, 86.01, 96.1, 3.58, 91.4, 12.75, , 86, 84, 5573, , , 512, 2, 11, -1.864, 115.57, 91.8,
307342, 100, 11, 44.68, 0.95, 0.01, , 100, 12.86, 3.27, 90, , 11.5, 86.01, 95.7, 3.55, 91.4, 12.86, , 86, 84, 5651, , , 512, 2, 11, -1.827, 110.97, 91.8,
307505, 100, 11, 44.56, 0.95, 0.03, , 100, 12.86, 3.28, 91, , 12, 85.98, 94.9, 3.54, 91.4, 12.86, , 86, 84, 5709, , , 512, 2, 11, -1.79, 101.82, 91.8,
307667, 100, 11, 44.37, 0.94, 0.03, , 100, 12.86, 3.24, 92, , 12.5, 86.01, 94.5, 3.52, 91.4, 12.86, , 86, 84, 5778, , , 512, 2, 11, -1.752, 106.55, 91.8,
307837, 100, 11, 44.25, 0.94, 0.02, , 100, 12.75, 3.28, 94, , 13, 85.98, 94.1, 3.52, 91.4, 12.86, , 86, 84, 5842, , , 512, 2, 11, -1.712, 111.55, 91.8,
307998, 100, 11, 44.19, 0.93, 0.02, , 100, 12.75, 3.29, 95, , 13.5, 86.01, 93.7, 3.52, 91.4, 12.75, , 86, 84, 5920, , , 512, 2, 11, -1.675, 120.15, 91.8,
308158, 100, 11, 44.1, 0.93, 0.02, , 100, 12.75, 3.26, 96, , 14, 86.01, 92.9, 3.53, 91.4, 12.75, , 86, 84, 5984, , , 512, 2, 11, -1.637, 108.87, 91.8,
308318, 100, 11, 44.1, 0.93, 6.55, , 100, 12.75, 3.32, 97, , 14.5, 86.01, 92.9, 3.52, 91.4, 12.75, , 86, 84, 6042, , , 512, 2, 11, -1.599, 109.8, 91.8,
308478, 100, 11, 44.01, 0.92, 6.54, , 100, 12.63, 3.27, 98, , 14.5, 86.01, 92.5, 3.53, 91.4, 12.63, , 86, 84, 6108, , , 512, 2, 11, -1.561, 108.4, 91.8,
308639, 100, 11, 43.98, 0.92, 6.55, , 100, 12.52, 3.26, 99, , 15, 86.01, 92.2, 3.52, 91.4, 12.63, , 86, 84, 6173, , , 512, 2, 11, -1.523, 111.55, 91.8,
308797, 100, 11, 43.95, 0.91, 0.01, , 100, 12.4, 3.36, 100, , 15, 85.98, 91.8, 3.5, 91.4, 12.52, , 86, 84, 6244, , , 512, 2, 11, -1.484, 118.82, 91.8,
308958, 100, 11, 43.98, 0.91, 0.01, , 100, 12.52, 3.43, 101, , 15.5, 86.01, 91.4, 3.48, 91.4, 12.52, , 86, 84, 6276, , , 512, 2, 10, -1.446, 125.09, 91.8,
309118, 100, 10, 43.82, 0.89, 0.01, , 100, 12.4, 3.34, 102, , 15.5, 86.01, 91, 3.46, 91.4, 12.4, , 86, 84, 6318, , , 512, 2, 10, -1.406, 109.91, 91.8,
309280, 66.7, 11, 17.36, 0.36, 0.02, , 47.06, 12.52, 3.27, 103, , 6.5, 19.51, 60, 1.96, 28.2, 12.63, , 19.75, 84, 5883, , , 512, 2, 10, -1.368, 38.7, 27.8,
309438, 45.9, 11, 37.02, 0.86, 0.01, , 78.43, 12.4, 3.09, 104, , 1, 32.61, 53.7, 2.73, 38.4, 12.63, , 34.02, 84, 5159, , , 512, 3, 10, -1.327, 93.36, 38.4,
309599, 94.9, 11, 44.13, 0.93, 6.54, , 98.82, 12.52, 3.09, 105, , 9, 44.87, 91, 3.41, 49.8, 12.52, , 45.76, 84, 4802, , , 512, 3, 10, -1.288, 88.82, 50.6,
309764, 100, 11, 45.14, 0.94, 0, , 100, 12.52, 2.97, 106, , 10.5, 53.17, 93.7, 3.49, 58.4, 12.52, , 54.24, 84, 4666, , , 512, 3, 10, -1.25, 83.54, 59.2,
309922, 100, 11, 46.05, 0.95, 0.01, , 100, 12.4, 3.07, 106, , 8, 79.78, 94.5, 3.59, 73.7, 12.4, , 86, 84, 4696, , , 512, 3, 10, -1.736, 87.63, 76.1,
310084, 100, 11, 46.6, 0.95, 0, , 100, 12.17, 3.12, 107, , 9, 86.09, 94.9, 3.64, 91.8, 12.17, , 86, 84, 4740, , , 512, 3, 10, -1.72, 93.68, 91.8,
310244, 100, 10, 47.27, 0.95, 0, , 100, 11.94, 3.09, 108, , 9.5, 86.01, 94.9, 3.67, 91.4, 11.94, , 86, 84, 4776, , , 512, 3, 10, -1.704, 91.94, 91.8,
310404, 100, 10, 47.21, 0.95, 0.03, , 100, 11.94, 3.05, 109, , 10, 86.01, 94.9, 3.66, 91.4, 11.94, , 86, 84, 4817, , , 512, 3, 10, -1.687, 90.02, 91.8,
310564, 100, 10, 47.03, 0.95, 0.01, , 100, 11.94, 3.09, 110, , 10, 86.01, 94.9, 3.68, 91.4, 11.94, , 86, 84, 4856, , , 512, 3, 10, -1.671, 93.36, 91.8,
310722, 100, 10, 47.09, 0.95, 6.55, , 100, 12.06, 3.09, 111, , 10, 86.01, 94.9, 3.65, 91.4, 12.06, , 86, 84, 4902, , , 512, 3, 10, -1.654, 92.44, 91.8,
310884, 100, 10, 46.94, 0.95, 0.01, , 100, 12.06, 3.11, 112, , 9.5, 86.01, 94.9, 3.63, 91.4, 12.06, , 86, 84, 4931, , , 512, 3, 10, -1.638, 97.46, 91.8,
311047, 100, 10, 46.78, 0.95, 0.01, , 100, 12.17, 3.14, 112, , 9.5, 86.01, 94.9, 3.63, 91.4, 12.17, , 86, 84, 4970, , , 512, 3, 10, -1.621, 97.89, 91.8,
311207, 100, 10, 46.75, 0.95, 0.01, , 100, 12.17, 3.17, 113, , 9.5, 86.01, 94.9, 3.63, 91.4, 12.06, , 86, 84, 5007, , , 512, 3, 10, -1.604, 95.97, 91.8,
311368, 100, 10, 46.69, 0.95, 0.01, , 100, 12.29, 3.12, 114, , 9.5, 86.04, 94.9, 3.61, 91.4, 12.29, , 86, 84, 5049, , , 512, 3, 10, -1.6, 100.15, 91.8,
311528, 100, 10, 46.6, 0.95, 6.53, , 100, 12.29, 3.17, 115, , 9.5, 86.04, 94.9, 3.61, 91.4, 12.29, , 86, 84, 5083, , , 512, 3, 10, -1.6, 98.1, 91.8,
311688, 100, 10, 46.57, 0.95, 0.01, , 100, 12.4, 3.14, 116, , 10, 86.01, 95.3, 3.62, 91.4, 12.4, , 86, 84, 5124, , , 512, 3, 10, -1.6, 99.07, 91.8,
311848, 100, 10, 46.57, 0.95, 0.02, , 100, 12.29, 3.08, 117, , 10, 86.01, 95.3, 3.62, 91.4, 12.29, , 86, 84, 5153, , , 512, 3, 10, -1.6, 95.97, 91.8,
312007, 100, 10, 46.69, 0.95, 0.02, , 100, 12.29, 3.12, 118, , 10, 85.98, 95.3, 3.61, 91.4, 12.29, , 86, 84, 5194, , , 512, 3, 10, -1.6, 102.25, 91.8,
312174, 100, 10, 46.69, 0.95, 0.01, , 100, 12.29, 3.18, 118, , 10, 86.01, 95.7, 3.62, 91.4, 12.29, , 86, 84, 5229, , , 512, 3, 10, -1.567, 100.71, 91.8,
312334, 100, 10, 46.94, 0.95, 0.01, , 100, 12.29, 3.17, 119, , 10, 86.01, 95.7, 3.64, 91.4, 12.29, , 86, 84, 5269, , , 512, 3, 10, -1.533, 106.21, 91.8,
312493, 100, 10, 47.09, 0.96, 0, , 100, 12.17, 3.17, 120, , 10.5, 85.98, 95.7, 3.65, 91.4, 12.17, , 86, 84, 5314, , , 512, 3, 10, -1.499, 100.6, 91.8,
312655, 100, 10, 47.21, 0.96, 0.01, , 100, 12.29, 3.23, 121, , 10.5, 86.01, 96.1, 3.66, 91.4, 12.17, , 86, 84, 5339, , , 512, 3, 10, -1.465, 102.25, 91.8,
312814, 100, 10, 47.52, 0.96, 0, , 100, 12.17, 3.14, 122, , 10.5, 86.04, 96.1, 3.66, 91.4, 12.17, , 86, 84, 5371, , , 512, 3, 10, -1.432, 97.67, 91.8,
312974, 100, 10, 47.64, 0.96, 0.02, , 100, 12.06, 3.14, 122, , 11, 86.01, 96.5, 3.7, 91.4, 12.06, , 86, 84, 5411, , , 512, 3, 10, -1.397, 104.95, 91.8,
313134, 100, 10, 48.03, 0.96, 0.01, , 100, 12.06, 3.27, 123, , 11, 86.01, 96.5, 3.71, 91.4, 12.17, , 86, 84, 5444, , , 512, 3, 10, -1.363, 109.45, 91.8,
313299, 100, 10, 48.22, 0.96, 6.54, , 100, 11.94, 3.27, 124, , 11.5, 86.01, 96.9, 3.72, 91.4, 11.94, , 86, 84, 5492, , , 512, 3, 10, -1.328, 111.43, 91.8,
313458, 100, 10, 48.43, 0.96, 0.02, , 100, 11.94, 3.29, 125, , 11.5, 85.98, 96.9, 3.72, 91.4, 11.94, , 86, 84, 5515, , , 512, 3, 10, -1.294, 114.48, 91.8,
313624, 100, 10, 48.86, 0.96, 0.02, , 100, 11.94, 3.24, 126, , 11.5, 86.01, 96.9, 3.74, 91.4, 11.94, , 86, 84, 5544, , , 512, 3, 10, -1.257, 106.77, 91.8,
313789, 100, 10, 49.01, 0.96, 0.03, , 100, 11.83, 3.29, 126, , 12, 86.01, 96.9, 3.74, 91.4, 11.83, , 86, 84, 5592, , , 512, 3, 10, -1.222, 98.32, 91.8,
313947, 100, 10, 49.16, 0.96, 0.01, , 100, 11.83, 3.27, 127, , 12.5, 86.01, 96.5, 3.73, 91.4, 11.83, , 86, 84, 5621, , , 512, 3, 10, -1.188, 109.8, 91.8,
314107, 100, 10, 49.16, 0.95, 6.53, , 100, 11.83, 3.21, 128, , 13, 86.01, 96.1, 3.73, 91.4, 11.83, , 86, 84, 5647, , , 512, 3, 10, -1.153, 114.01, 91.8,
314268, 100, 10, 49.13, 0.95, 0.02, , 100, 11.71, 3.32, 129, , 13, 86.01, 96.1, 3.77, 91.4, 11.71, , 86, 84, 5682, , , 512, 3, 10, -1.118, 110.38, 91.8,
314429, 100, 10, 49.26, 0.95, 6.53, , 100, 11.71, 3.36, 129, , 13.5, 86.01, 95.7, 3.73, 91.4, 11.71, , 86, 84, 5721, , , 512, 3, 10, -1.082, 118.09, 91.8,
314588, 100, 10, 49.22, 0.95, 0.02, , 100, 11.6, 3.21, 130, , 14, 86.01, 95.7, 3.78, 91.4, 11.71, , 86, 84, 5759, , , 512, 3, 10, -1.048, 108.63, 91.8,
314749, 100, 10, 49.07, 0.95, 0.02, , 100, 11.71, 3.26, 131, , 14, 86.01, 95.3, 3.77, 91.4, 11.71, , 86, 84, 5786, , , 512, 3, 10, -1.012, 108.28, 91.8,
314909, 100, 10, 49.07, 0.95, 0.03, , 100, 11.6, 3.27, 132, , 14, 85.98, 95.3, 3.76, 91.4, 11.6, , 86, 85, 5823, , , 512, 3, 10, -0.977, 109.8, 91.8,
315067, 100, 10, 49.07, 0.94, 0.01, , 100, 11.71, 3.38, 132, , 14.5, 86.01, 94.5, 3.76, 91.4, 11.6, , 86, 85, 5851, , , 512, 3, 10, -0.941, 120.15, 91.8,
315227, 100, 10, 48.98, 0.94, 0.05, , 100, 11.6, 3.27, 133, , 15, 86.01, 94.5, 3.76, 91.4, 11.6, , 86, 85, 5883, , , 512, 3, 10, -0.906, 113.3, 91.8,
315388, 100, 10, 48.89, 0.94, 0.04, , 100, 11.6, 3.31, 134, , 15, 86.01, 94.5, 3.75, 91.8, 11.6, , 86, 85, 5913, , , 512, 3, 10, -0.87, 108.86, 91.8,
315548, 100, 10, 48.77, 0.94, 0.03, , 100, 11.6, 3.38, 135, , 15.5, 86.01, 94.1, 3.75, 91.4, 11.6, , 86, 85, 5952, , , 512, 3, 10, -0.835, 120.27, 91.8,
315707, 100, 10, 48.61, 0.94, 6.53, , 100, 11.6, 3.42, 135, , 15.5, 85.98, 93.7, 3.72, 91.4, 11.6, , 86, 85, 5966, , , 512, 3, 10, -0.799, 117.73, 91.8,
315868, 100, 10, 48.58, 0.93, 0.02, , 100, 11.6, 3.35, 136, , 15.5, 86.01, 94.1, 3.73, 91.4, 11.71, , 86, 85, 6003, , , 512, 3, 10, -0.763, 109.21, 91.8,
316028, 100, 10, 48.43, 0.93, 0.03, , 100, 11.6, 3.26, 137, , 16, 86.01, 93.7, 3.71, 91.4, 11.6, , 86, 85, 6038, , , 512, 3, 10, -0.727, 124.36, 91.8,
316187, 100, 10, 48.43, 0.93, 0.02, , 100, 11.6, 3.4, 137, , 16, 86.04, 93.3, 3.72, 91.4, 11.6, , 86, 85, 6065, , , 512, 3, 10, -0.691, 122.8, 91.8,
316349, 100, 10, 48.19, 0.91, 0.04, , 100, 11.71, 3.37, 138, , 10.5, 86.01, 93.3, 3.7, 91.4, 11.71, , 86, 85, 6085, , , 512, 3, 10, -0.654, 111.66, 91.8,
316508, 96.1, 10, 21.85, 0.3, 0.03, , 49.8, 11.48, 3.29, 138, , 3.5, 16.31, 88.6, 2.8, 37.3, 11.71, , 14.48, 85, 5995, , , 512, 3, 10, -0.624, 19.11, 32.2,
316668, 24.7, 10, 7.6, 0.16, 0.04, , 17.65, 11.14, 1.75, 137, , 17.5, 12.05, 20.4, 1.07, 21.6, 11.25, , 12.01, 85, 5538, , , 512, 3, 10, 0, 16.34, 20.8,
316827, 15.7, 10, 7.02, 0.13, 0.02, , 14.51, 11.14, 1.62, 137, , 18, 11.23, 14.9, 1.09, 20.8, 11.25, , 11.17, 85, 5067, , , 512, 3, 10, 0, 13.16, 20,
316987, 14.1, 10, 7.02, 0.13, 0.02, , 13.73, 11.48, 1.54, 137, , 21, 10.62, 13.3, 1.33, 20, 11.48, , 10.61, 85, 4677, , , 512, 4, 10, 0, 12.64, 19.2,
317148, 13.7, 10, 6.96, 0.13, 0.02, , 13.73, 10.68, 1.48, 137, , 21.5, 10.11, 12.9, 1.22, 19.2, 10.68, , 10.14, 85, 4300, , , 512, 4, 10, 0, 10.77, 18.8,
317307, 13.3, 10, 6.74, 0.13, 0.03, , 13.33, 10.91, 1.43, 136, , 21, 9.75, 12.9, 1.3, 18.8, 10.91, , 9.76, 85, 4072, , , 512, 4, 10, 0, 10.62, 18.4,
317468, 13.3, 10, 6.84, 0.13, 0.02, , 13.33, 11.6, 1.43, 136, , 21, 9.7, 13.3, 1.4, 18.8, 11.6, , 9.75, 85, 4117, , , 512, 4, 10, 0, 10.74, 18.4,
317630, 13.3, 11, 0, 0.13, 0.02, , 13.33, 11.14, 1.42, 135, , 27.5, 9.7, 12.9, 1.23, 18.8, 11.14, , 9.68, 85, 4077, , , 1024, 4, 10, 0, 10.41, 18.4,
317787, 15.7, 11, 0, 0.15, 0.02, , 15.69, 13.9, 1.42, 135, , 25, 9.23, 15.3, 1.1, 18.4, 13.78, , 9.26, 85, 4062, , , 1024, 4, 10, 0, 9.67, 18,
317948, 15.7, 11, 5.34, 0.15, 6.45, , 15.29, 17.69, 1.37, 135, , 25, 8.98, 15.3, 1.08, 18, 17.57, , 8.98, 85, 4042, , , 1024, 4, 10, 0, 9.31, 17.6,
318108, 12.2, 11, 0, 0.14, 6.48, , 12.16, 26.76, 1.35, 134, , 45.5, 8.88, 11.8, 0, 18, 25.95, , 8.87, 85, 3996, , , 1024, 4, 10, 0, 9.08, 17.6,
318267, 14.9, 11, 0, 0.14, 6.39, , 15.29, 29.29, 1.34, 133, , 45, 8.72, 14.5, 0, 18, 29.29, , 8.71, 85, 3958, , , 1024, 4, 10, 0, 8.83, 17.3,
318427, 14.9, 11, 0, 0.14, 6.44, , 14.9, 29.29, 1.33, 133, , 45, 8.62, 14.5, 0, 18, 29.29, , 8.62, 85, 3950, , , 1024, 4, 10, 0, 8.69, 17.3,
318588, 14.9, 11, 0, 0.14, 6.54, , 14.9, 29.29, 1.33, 132, , 45, 8.57, 14.5, 0, 17.6, 29.29, , 8.57, 85, 3933, , , 1024, 4, 10, 0, 8.46, 17.3,
318748, 14.9, 11, 0, 0.14, 6.49, , 14.9, 29.29, 1.32, 132, , 44.5, 8.49, 14.1, 0, 17.6, 29.29, , 8.51, 85, 3922, , , 1024, 4, 10, 0, 8.56, 17.3,
318909, 14.9, 11, 0, 0.14, 6.47, , 14.9, 29.29, 1.31, 131, , 44.5, 8.46, 14.1, 0, 17.6, 29.29, , 8.46, 85, 3911, , , 1024, 4, 10, 0, 8.35, 17.3,
319067, 14.9, 11, 0, 0.14, 6.4, , 14.9, 29.29, 1.31, 131, , 44.5, 8.41, 14.1, 0, 17.6, 29.29, , 8.42, 85, 3901, , , 1024, 4, 10, 0, 8.26, 17.3,
319228, 14.5, 11, 0, 0.14, 0.01, , 14.9, 29.29, 1.31, 130, , 44.5, 8.44, 14.1, 0, 17.6, 29.29, , 8.51, 85, 3891, , , 1024, 4, 10, 0, 8.26, 17.3,
319387, 14.9, 11, 0, 0.14, 0.02, , 14.9, 29.29, 1.3, 130, , 44.5, 8.46, 14.1, 0, 17.6, 29.29, , 8.44, 85, 3878, , , 1024, 4, 10, 0, 8.54, 17.3,
319548, 14.9, 11, 0, 0.14, 0.01, , 14.9, 29.29, 1.31, 130, , 44.5, 8.46, 14.1, 0, 17.6, 29.29, , 8.44, 85, 3876, , , 1024, 4, 10, 0, 8.5, 17.3,
319708, 14.9, 11, 0, 0.14, 0.01, , 14.9, 29.29, 1.3, 130, , 44.5, 8.41, 14.1, 0, 17.6, 29.29, , 8.42, 85, 3867, , , 1024, 4, 10, 0, 8.28, 17.3,
319867, 14.9, 11, 0, 0.14, 6.55, , 14.9, 29.29, 1.31, 129, , 44.5, 8.36, 14.1, 0, 17.6, 29.29, , 8.36, 85, 3856, , , 1024, 4, 10, 0, 8.26, 16.9,
320028, 14.9, 11, 0, 0.14, 0.01, , 14.9, 29.29, 1.3, 127, , 44, 8.23, 14.1, 0, 17.6, 29.29, , 8.26, 85, 3818, , , 1024, 4, 10, 0, 8.24, 16.9,
320187, 14.5, 11, 0, 0.14, 0.02, , 14.51, 29.29, 1.3, 127, , 44, 8.03, 13.7, 0, 17.3, 29.29, , 8.05, 85, 3790, , , 1024, 4, 10, 0, 7.82, 16.9,
320349, 14.5, 11, 0, 0.14, 0.01, , 14.51, 29.29, 1.27, 125, , 43.5, 8.03, 13.7, 0, 17.3, 29.29, , 8.02, 85, 3745, , , 1024, 4, 10, 0, 7.69, 16.9,
320507, 14.5, 11, 0, 0.14, 6.53, , 14.51, 29.29, 1.26, 124, , 43.5, 7.9, 13.7, 0, 17.3, 29.29, , 7.89, 85, 3704, , , 1024, 4, 10, 0, 7.55, 16.5,
320668, 14.5, 11, 0, 0.14, 0.06, , 14.51, 29.29, 1.26, 123, , 43, 7.88, 13.7, 0, 17.3, 29.29, , 7.87, 85, 3681, , , 1024, 4, 10, 0, 7.57, 16.5,
320828, 14.5, 12, 0, 0.13, 6.55, , 14.51, 29.29, 1.25, 121, , 43, 7.8, 13.7, 0, 17.3, 29.29, , 7.8, 85, 3627, , , 1024, 4, 10, 0, 7.4, 16.5,
320988, 14.5, 12, 0, 0.13, 6.51, , 14.51, 29.29, 1.25, 121, , 43, 7.67, 13.3, 0, 16.9, 29.29, , 7.68, 85, 3610, , , 1024, 4, 10, 0, 7.06, 16.5,
321146, 14.1, 12, 0, 0.13, 6.51, , 14.12, 29.29, 1.25, 119, , 42.5, 7.67, 13.3, 0, 16.9, 29.29, , 7.6, 85, 3551, , , 1024, 4, 10, 0, 7.18, 16.5,
321308, 14.1, 12, 0, 0.13, 0.07, , 14.12, 29.29, 1.23, 118, , 42.5, 7.54, 13.3, 0, 16.9, 29.29, , 7.5, 85, 3529, , , 1024, 4, 10, 0, 7.08, 16.1,
321467, 14.1, 12, 0, 0.13, 6.52, , 14.12, 29.29, 1.22, 116, , 42.5, 7.47, 13.3, 0, 16.9, 29.29, , 7.41, 85, 3470, , , 1024, 4, 10, 0, 6.76, 16.1,
321628, 14.1, 12, 0, 0.13, 0.02, , 14.12, 29.29, 1.22, 116, , 42, 7.29, 13.3, 0, 16.5, 29.29, , 7.29, 85, 3438, , , 1024, 4, 10, 0, 6.74, 16.1,
321788, 14.1, 12, 0, 0.13, 0.02, , 14.12, 29.29, 1.21, 114, , 42, 7.29, 13.3, 0, 16.5, 29.29, , 7.31, 85, 3408, , , 1024, 4, 10, 0, 6.57, 16.1,
321947, 14.1, 12, 0, 0.13, 0.03, , 14.12, 29.29, 1.21, 114, , 42, 7.29, 13.3, 0, 16.5, 29.29, , 7.28, 85, 3386, , , 1024, 4, 10, 0, 6.7, 16.1,
322107, 14.1, 12, 0, 0.13, 6.51, , 14.12, 29.29, 1.2, 113, , 42, 7.26, 13.3, 0, 16.5, 29.29, , 7.26, 85, 3371, , , 1024, 4, 10, 0, 6.59, 16.1,
322302, 14.1, 12, 0, 0.13, 6.55, , 14.12, 29.29, 1.21, 113, , 42, 7.23, 13.3, 0, 16.5, 29.29, , 7.22, 85, 3358, , , 1024, 4, 10, 0, 6.74, 16.1,
322463, 14.1, 12, 0, 0.13, 0.01, , 14.12, 29.29, 1.2, 112, , 42, 7.21, 13.3, 0, 16.5, 29.29, , 7.25, 85, 3338, , , 1024, 4, 10, 0, 6.63, 16.1,
322623, 14.1, 12, 0, 0.13, 6.55, , 14.12, 29.29, 1.2, 112, , 42, 7.23, 13.3, 0, 16.5, 29.29, , 7.24, 85, 3329, , , 1024, 4, 10, 0, 6.51, 16.1,
322783, 14.1, 12, 4.52, 0.11, 0.02, , 10.59, 29.29, 1.2, 112, , 32.5, 7.57, 13.3, 0.89, 16.5, 29.29, , 9.46, 85, 3382, , , 256, 4, 10, 0, 6.39, 16.1,
322945, 12.9, 12, 5.22, 0.12, 0.01, , 12.94, 22.28, 1.32, 112, , 27, 8.49, 12.2, 1.09, 17.6, 23.08, , 8.5, 85, 3357, , , 256, 4, 10, 0, 8.27, 17.3,
323104, 15.3, 12, 0, 0.12, 0.01, , 13.33, 16.31, 1.28, 111, , 33, 8.16, 14.1, 0, 17.3, 16.31, , 8.15, 85, 3341, , , 1024, 4, 10, 0, 7.92, 16.9,
323262, 16.5, 12, 5.58, 0.12, 6.55, , 12.16, 17.57, 1.27, 111, , 33, 7.57, 14.5, 1.1, 16.5, 17.57, , 7.69, 85, 3321, , , 256, 4, 10, 0, 6.9, 16.1,
323423, 18.8, 12, 16.69, 0.46, 0.01, , 37.65, 16.42, 2.14, 110, , 22, 21.85, 21.6, 1.98, 28.2, 16.54, , 22.69, 85, 3428, , , 256, 4, 10, 0, 51.51, 28.2,
323584, 61.2, 12, 33.08, 0.79, 0.02, , 78.43, 14.7, 2.49, 111, , 15.5, 31.18, 61.6, 2.61, 36.1, 14.7, , 31.41, 85, 3396, , , 256, 4, 10, 0, 53.27, 36.5,
323744, 91.4, 12, 39.22, 0.89, 6.53, , 95.69, 13.55, 2.6, 111, , 11, 33.2, 87.1, 3.09, 41.2, 13.55, , 33.28, 85, 3390, , , 256, 4, 10, 0.007, 61.74, 40.8,
323904, 96.1, 12, 39.67, 0.91, 6.51, , 96.47, 13.55, 2.59, 112, , 10, 33.33, 90.2, 3.27, 41.2, 13.55, , 33.48, 85, 3399, , , 512, 4, 10, 0.014, 57.3, 41.2,
324064, 97.3, 12, 36.65, 0.93, 6.55, , 98.04, 13.32, 2.66, 112, , 9, 34.77, 91, 3.3, 42.4, 13.44, , 35.29, 85, 3386, , , 512, 4, 10, 0.022, 65.37, 42,
324223, 100, 12, 37.9, 0.93, 0, , 100, 14.81, 2.68, 113, , 9, 44.82, 93.7, 3.15, 50.6, 14.81, , 45.27, 85, 3410, , , 512, 4, 10, 0.03, 63.92, 50.6,
324385, 100, 12, 37.78, 0.93, 6.51, , 99.61, 14.93, 2.69, 113, , 9, 50.2, 93.3, 3.16, 56.5, 14.93, , 50.41, 85, 3434, , , 512, 4, 10, 0.036, 71.89, 56.5,
324543, 100, 12, 37.69, 0.93, 6.5, , 100, 14.93, 2.68, 113, , 9, 52.2, 93.3, 3.19, 59.2, 14.93, , 52.28, 85, 3440, , , 512, 4, 10, 0.042, 72.32, 59.2,
324704, 100, 12, 37.81, 0.93, 0.04, , 99.61, 14.7, 2.65, 114, , 9, 53.79, 93.7, 3.21, 60.8, 14.7, , 53.77, 85, 3452, , , 512, 4, 10, 0.048, 61.5, 60.8,
324864, 100, 12, 37.81, 0.93, 0.03, , 100, 14.7, 2.8, 114, , 9, 55.38, 93.7, 3.21, 62, 14.7, , 55.35, 85, 3470, , , 512, 4, 10, 0.053, 62.59, 62,
325024, 100, 12, 37.9, 0.94, 0.04, , 100, 14.59, 2.79, 115, , 9, 56.69, 93.7, 3.21, 63.1, 14.59, , 56.77, 85, 3483, , , 512, 4, 10, 0.058, 64.88, 63.1,
325184, 100, 12, 37.99, 0.94, 6.49, , 100, 14.59, 2.71, 115, , 9, 58.48, 94.1, 3.21, 64.7, 14.59, , 58.69, 85, 3498, , , 512, 4, 10, 0.063, 69.25, 64.7,
325343, 100, 11, 38.06, 0.94, 0.06, , 100, 14.47, 2.82, 115, , 8, 62.35, 94.1, 3.21, 67.8, 14.47, , 62.68, 85, 3513, , , 512, 4, 10, -0.317, 68.25, 68.2,
325504, 100, 11, 38.15, 0.94, 6.48, , 100, 14.47, 2.66, 116, , 8, 67.96, 94.5, 3.21, 72.2, 14.47, , 68.24, 85, 3527, , , 512, 4, 10, -0.277, 62.04, 72.5,
325664, 100, 11, 38.21, 0.95, 0.01, , 100, 14.47, 2.81, 116, , 8, 86.27, 94.9, 3.23, 91.8, 14.47, , 86, 85, 3532, , , 512, 4, 10, -0.237, 69.5, 92.2,
325823, 100, 11, 38.21, 0.95, 0.09, , 100, 14.47, 2.73, 117, , 8, 85.98, 94.5, 3.23, 91.4, 14.47, , 86, 85, 3540, , , 512, 4, 10, -0.197, 63.6, 91.8,
325984, 100, 11, 38.21, 0.95, 6.41, , 100, 14.47, 2.69, 117, , 8, 85.98, 94.9, 3.22, 91.4, 14.47, , 86, 85, 3550, , , 512, 4, 10, -0.157, 71.39, 91.8,
326144, 100, 11, 38.27, 0.95, 6.46, , 100, 14.47, 2.84, 118, , 8.5, 86.01, 94.9, 3.22, 91.4, 14.47, , 86, 85, 3568, , , 512, 4, 10, -0.117, 74.05, 91.8,
326305, 100, 11, 38.24, 0.95, 6.48, , 100, 14.47, 2.85, 118, , 8, 86.01, 94.9, 3.22, 91.4, 14.47, , 86, 85, 3581, , , 512, 4, 10, -0.077, 74.4, 91.8,
326462, 100, 11, 38.24, 0.95, 0.04, , 100, 14.47, 2.82, 118, , 8.5, 86.01, 94.5, 3.22, 91.4, 14.47, , 86, 85, 3599, , , 512, 4, 10, -0.037, 73.01, 91.8,
326623, 100, 11, 38.27, 0.95, 0.05, , 100, 14.47, 2.82, 119, , 8.5, 86.01, 94.9, 3.22, 91.4, 14.47, , 86, 85, 3605, , , 512, 4, 10, 0.001, 72.05, 91.8,
326782, 100, 11, 38.24, 0.95, 6.53, , 100, 14.47, 2.81, 119, , 8.5, 86.01, 94.9, 3.22, 91.4, 14.47, , 86, 85, 3626, , , 512, 4, 10, 0.008, 73.35, 91.8,
326942, 100, 11, 38.3, 0.95, 6.52, , 100, 14.47, 2.82, 120, , 8.5, 86.04, 94.9, 3.21, 91.4, 14.47, , 86, 85, 3632, , , 512, 4, 10, 0.016, 74.48, 91.8,
327103, 100, 11, 38.27, 0.95, 6.41, , 100, 14.47, 2.86, 120, , 5.5, 86.01, 94.9, 3.21, 91.4, 14.47, , 86, 85, 3629, , , 512, 4, 10, 0, 75.1, 91.8,
327264, 100, 11, 35.92, 0.85, 6.55, , 94.9, 14.47, 2.69, 120, , 5, 35.61, 94.1, 3.13, 52.5, 14.47, , 33.69, 85, 3652, , , 512, 4, 10, 0, 58.82, 49.4,
327427, 74.1, 11, 20.45, 0.38, 0.08, , 55.29, 13.32, 2.03, 120, , 7, 15.29, 69.8, 2.27, 25.9, 13.44, , 14.89, 85, 3609, , , 512, 4, 10, 0, 17.22, 24.7,
327588, 33.7, 11, 7.78, 0.24, 0.07, , 22.75, 13.67, 1.69, 119, , 37, 8.44, 31.8, 1.22, 16.9, 13.67, , 10.15, 85, 3599, , , 512, 4, 10, 0, 7.18, 16.5,
327748, 32.2, 11, 16.57, 0.48, 0.04, , 41.96, 14.13, 2.09, 119, , 28, 20.15, 30.2, 1.77, 27.5, 14.24, , 20.27, 85, 3624, , , 512, 4, 10, 0, 39.19, 27.5,
327908, 61.6, 11, 27.62, 0.8, 0.09, , 74.51, 14.47, 2.56, 119, , 15.5, 25.69, 58, 2.44, 33.3, 14.59, , 26.46, 85, 3663, , , 512, 4, 10, 0, 55.79, 33.3,
328068, 90.6, 11, 37.2, 0.93, 6.51, , 98.04, 14.13, 2.7, 120, , 9, 38.38, 85.5, 2.97, 42, 14.13, , 39.24, 85, 3656, , , 512, 4, 10, 0.008, 71.06, 43.1,
328229, 100, 11, 37.96, 0.93, 6.45, , 99.61, 14.47, 2.68, 120, , 8.5, 47.33, 93.7, 3.13, 53.3, 14.47, , 47.67, 85, 3655, , , 512, 4, 10, 0.016, 65.2, 53.7,
328389, 99.6, 11, 37.96, 0.94, 0.16, , 100, 14.59, 2.71, 120, , 8.5, 52.04, 93.7, 3.15, 58.4, 14.59, , 52.05, 85, 3653, , , 512, 4, 10, 0.023, 68.83, 58.4,
328549, 99.6, 11, 37.78, 0.94, 6.54, , 100, 14.59, 2.83, 121, , 8.5, 53.76, 93.7, 3.15, 60.8, 14.59, , 53.63, 85, 3667, , , 512, 4, 10, 0.03, 74.57, 60.4,
328709, 100, 11, 37.81, 0.94, 6.45, , 100, 14.59, 2.69, 121, , 8.5, 55.48, 94.1, 3.15, 62.4, 14.59, , 55.5, 85, 3677, , , 512, 4, 10, 0.036, 63.45, 62.4,
328874, 100, 11, 37.87, 0.94, 0.05, , 100, 14.59, 2.75, 122, , 8, 57.07, 94.5, 3.16, 63.5, 14.59, , 57.09, 85, 3690, , , 512, 4, 10, 0.042, 75.46, 63.5,
329038, 100, 11, 37.93, 0.94, 6.47, , 100, 14.59, 2.86, 122, , 8, 58.27, 94.5, 3.17, 64.7, 14.47, , 58.37, 85, 3702, , , 512, 4, 10, 0.048, 66.99, 64.7,
329203, 100, 11, 37.99, 0.94, 0.03, , 100, 14.59, 2.86, 122, , 8, 59.84, 94.5, 3.18, 66.3, 14.59, , 59.79, 85, 3726, , , 512, 4, 10, 0.053, 75.28, 66.3,
329366, 100, 11, 38.02, 0.94, 0.07, , 100, 14.47, 2.85, 123, , 8, 60.94, 94.5, 3.19, 67.5, 14.59, , 60.84, 85, 3718, , , 512, 4, 10, 0.058, 70.65, 67.5,
329530, 100, 11, 38.09, 0.94, 6.48, , 100, 14.59, 2.87, 123, , 8, 62.17, 94.5, 3.2, 68.6, 14.59, , 62.22, 85, 3736, , , 512, 4, 10, 0.063, 66.09, 68.6,
329688, 100, 11, 38.09, 0.95, 0.07, , 100, 14.47, 2.73, 124, , 8, 63.43, 94.5, 3.19, 69.8, 14.47, , 63.39, 85, 3750, , , 512, 4, 10, 0.067, 76.71, 70.2,
329849, 100, 11, 38.15, 0.95, 0.01, , 100, 14.47, 2.68, 124, , 8, 64.71, 94.9, 3.19, 71, 14.47, , 64.61, 85, 3758, , , 512, 4, 10, 0.071, 77.79, 71,
330009, 100, 11, 39, 0.95, 0.07, , 100, 14.36, 2.75, 124, , 8, 74.6, 94.9, 3.22, 75.7, 14.36, , 82.61, 85, 3767, , , 512, 4, 10, 0.075, 67.83, 76.9,
330239, 100, 11, 39.83, 0.95, 0.05, , 100, 14.13, 2.84, 124, , 8, 85.98, 95.3, 3.32, 91.4, 14.13, , 86, 85, 3766, , , 512, 4, 10, 0.08, 78.44, 91.8,
330399, 100, 11, 40.56, 0.95, 0.09, , 100, 13.78, 2.9, 125, , 8, 86.01, 95.3, 3.35, 91.4, 13.78, , 86, 85, 3789, , , 512, 4, 10, 0.083, 77.43, 91.8,
330559, 100, 11, 40.89, 0.95, 0.01, , 100, 13.67, 2.66, 125, , 8, 86.04, 95.3, 3.41, 91.4, 13.67, , 86, 85, 3806, , , 512, 4, 10, 0.086, 78.71, 91.8,
330718, 100, 11, 41.53, 0.95, 0.07, , 100, 13.44, 2.86, 125, , 9, 86.01, 95.3, 3.46, 91.4, 13.44, , 86, 85, 3816, , , 512, 4, 10, 0.089, 75.73, 91.8,
330879, 100, 11, 42.02, 0.95, 0.02, , 100, 13.21, 2.71, 126, , 9, 86.01, 95.3, 3.48, 91.4, 13.21, , 86, 85, 3827, , , 512, 4, 10, 0.092, 78.25, 91.8,
331038, 100, 11, 42.79, 0.95, 0.02, , 100, 13.09, 2.94, 126, , 9.5, 86.01, 95.7, 3.53, 91.4, 13.09, , 86, 85, 3838, , , 512, 4, 10, 0.094, 67.24, 91.8,
331198, 100, 11, 41.38, 0.73, 0.01, , 96.86, 12.75, 2.74, 127, , -3.5, 52.71, 95.3, 3.53, 87.5, 12.86, , 33.81, 85, 3800, , , 512, 4, 10, 0, 68.32, 80.4,
331359, 56.1, 11, 12.18, 0.18, 0.07, , 27.06, 12.4, 1.71, 126, , 11.5, 3.24, 43.9, 1.77, 19.2, 12.29, , 0.28, 85, 3784, , , 512, 4, 10, 0, 1.8, 16.9,
331519, 15.7, 11, 5.55, 0.13, 0.04, , 13.73, 10.91, 1.28, 126, , 27.5, 9, 14.1, 0.84, 17.6, 10.91, , 9.43, 85, 3779, , , 512, 4, 10, 0, 7.92, 17.3,
331679, 17.6, 11, 13.98, 0.34, 0.03, , 32.16, 11.6, 1.44, 125, , 6, 18.64, 21.6, 1.76, 27.5, 11.37, , 18.65, 85, 3815, , , 512, 4, 10, 0, 32.18, 27.1,
331840, 38, 11, 14.65, 0.29, 6.51, , 33.73, 12.86, 2.04, 125, , 8, 11.41, 36.1, 1.87, 25.1, 12.98, , 11.18, 85, 3496, , , 512, 4, 10, 0, 16.73, 22.7,
331999, 27.8, 11, 7.05, 0.14, 0.01, , 17.25, 12.17, 1.67, 125, , 20, 1.16, 23.5, 1.38, 12.5, 12.17, , 1.09, 85, 3136, , , 512, 5, 10, 0, 1.76, 11.8,
332159, 14.1, 11, 5.37, 0.13, 0.02, , 13.73, 10.91, 1.15, 125, , 27, 7.47, 13.3, 1.07, 16.9, 10.91, , 6.82, 85, 2794, , , 512, 5, 10, 0, 5.97, 16.5,
332318, 13.3, 11, 4.64, 0.12, 0.02, , 12.94, 11.02, 1.15, 125, , 29.5, 6.65, 12.2, 1.02, 16.1, 11.02, , 6.5, 85, 2648, , , 512, 5, 10, 0, 5.74, 15.3,
332481, 12.5, 11, 4.3, 0.11, 0.02, , 12.16, 12.29, 1.12, 124, , 31, 6.52, 11.4, 1.02, 15.7, 12.17, , 6.57, 85, 2673, , , 512, 5, 10, 0, 5.64, 15.3,
332638, 11.8, 11, 4.15, 0.11, 0.01, , 11.76, 12.86, 1.14, 124, , 35.5, 6.54, 11, 0.95, 15.7, 12.86, , 6.54, 85, 2654, , , 512, 5, 10, 0, 5.62, 15.3,
332798, 11.8, 11, 4.06, 0.13, 0.02, , 14.51, 13.32, 1.14, 124, , 33.5, 6.06, 10.2, 0.96, 14.9, 13.21, , 6.11, 85, 2648, , , 1024, 5, 10, 0, 4.86, 14.5,
332964, 11, 11, 4.3, 0.13, 0.01, , 10.98, 14.47, 1.11, 123, , 33.5, 6.11, 10.2, 0, 15.3, 14.47, , 6.1, 85, 2630, , , 1024, 5, 10, 0, 5.11, 14.9,
333125, 10.6, 11, 0, 0.13, 0.02, , 14.12, 17.92, 1.11, 123, , 33.5, 6.11, 9.8, 0, 15.3, 17.69, , 6.1, 85, 2616, , , 1024, 5, 10, 0, 5.18, 14.9,
333285, 14.1, 11, 0, 0.13, 0.01, , 14.51, 23.43, 1.11, 122, , 42, 6.06, 13.3, 0, 15.3, 23.08, , 6.04, 85, 2593, , , 1024, 5, 10, 0, 5.04, 14.9,
333445, 14.1, 12, 0, 0.13, 0.01, , 14.12, 29.29, 1.1, 122, , 42, 6.03, 12.9, 0, 15.3, 29.29, , 6.04, 85, 2594, , , 1024, 5, 10, 0, 5.01, 14.9,
333606, 14.1, 12, 0, 0.13, 0.01, , 14.12, 29.29, 1.09, 122, , 42, 6.06, 12.9, 0, 15.3, 29.29, , 6.07, 86, 2585, , , 1024, 5, 10, 0, 4.92, 14.9,
333764, 14.1, 12, 0, 0.13, 0.02, , 14.12, 29.29, 1.1, 121, , 42, 6.03, 12.9, 0, 15.3, 29.29, , 6.04, 86, 2573, , , 1024, 5, 10, 0, 5.06, 14.9,
333926, 14.1, 12, 0, 0.13, 0, , 14.51, 29.29, 1.11, 121, , 42.5, 6.03, 12.9, 0, 15.3, 29.29, , 6, 86, 2564, , , 1024, 5, 10, 0, 5.1, 14.9,
334085, 14.5, 12, 0, 0.13, 0.01, , 14.12, 29.29, 1.11, 121, , 42.5, 5.93, 13.3, 0, 15.3, 29.29, , 5.99, 86, 2556, , , 1024, 5, 10, 0, 4.83, 14.9,
334244, 14.1, 12, 0, 0.13, 0.01, , 14.12, 29.29, 1.1, 120, , 42.5, 5.98, 12.9, 0, 15.3, 29.29, , 5.99, 86, 2550, , , 1024, 5, 10, 0, 4.88, 14.9,
334407, 14.1, 12, 0, 0.13, 0.02, , 14.12, 29.29, 1.1, 120, , 42.5, 5.98, 12.9, 0, 15.3, 29.29, , 5.97, 86, 2542, , , 1024, 5, 10, 0, 4.93, 14.9,
334569, 14.1, 12, 0, 0.13, 0.02, , 14.12, 29.29, 1.1, 119, , 42.5, 5.95, 12.9, 0, 15.3, 29.29, , 5.95, 86, 2530, , , 1024, 5, 10, 0, 4.95, 14.9,
334729, 14.1, 12, 0, 0.13, 0.01, , 14.12, 29.29, 1.1, 119, , 42.5, 5.88, 12.9, 0, 15.3, 29.29, , 5.88, 86, 2517, , , 1024, 5, 10, 0, 4.85, 14.9,
334889, 14.1, 12, 0, 0.13, 0.02, , 14.12, 29.29, 1.09, 119, , 42.5, 5.85, 12.9, 0, 15.3, 29.29, , 5.87, 86, 2515, , , 1024, 5, 10, 0, 4.9, 14.5,
335048, 14.1, 12, 0, 0.13, 0.01, , 14.12, 29.29, 1.08, 118, , 42.5, 5.88, 12.9, 0, 15.3, 29.29, , 5.88, 86, 2505, , , 1024, 5, 10, 0, 4.81, 14.5,
335208, 14.1, 12, 0, 0.13, 0.02, , 14.12, 29.29, 1.09, 118, , 42.5, 5.85, 12.9, 0, 15.3, 29.29, , 5.81, 86, 2490, , , 1024, 5, 10, 0, 4.85, 14.5,
335369, 14.1, 12, 0, 0.13, 0.01, , 14.12, 29.29, 1.08, 117, , 42.5, 5.77, 12.9, 0, 15.3, 29.29, , 5.79, 86, 2486, , , 1024, 5, 10, 0, 4.71, 14.5,
335528, 14.1, 12, 0, 0.13, 0.02, , 14.12, 29.29, 1.08, 117, , 42.5, 5.8, 12.9, 0, 15.3, 29.29, , 5.77, 86, 2477, , , 1024, 5, 10, 0, 4.76, 14.5,
335688, 14.1, 12, 0, 0.13, 0.01, , 14.12, 29.29, 1.08, 116, , 42.5, 5.75, 12.9, 0, 14.9, 29.29, , 5.74, 86, 2464, , , 1024, 5, 10, 0, 4.78, 14.5,
335849, 14.1, 12, 0, 0.13, 0.01, , 14.12, 29.29, 1.07, 116, , 42.5, 5.7, 12.9, 0, 14.9, 29.29, , 5.7, 86, 2460, , , 1024, 5, 10, 0, 4.64, 14.5,
336009, 14.1, 12, 0, 0.13, 0.02, , 14.12, 29.29, 1.08, 116, , 42.5, 5.67, 12.9, 0, 14.9, 29.29, , 5.66, 86, 2449, , , 1024, 5, 10, 0, 4.74, 14.5,
336168, 13.7, 12, 0, 0.13, 0.01, , 14.12, 29.29, 1.07, 115, , 42.5, 5.65, 12.9, 0, 14.9, 29.29, , 5.65, 86, 2444, , , 1024, 5, 10, 0, 4.54, 14.5,
336329, 13.7, 12, 0, 0.13, 0, , 13.73, 29.29, 1.07, 115, , 42.5, 5.65, 12.5, 0, 14.9, 29.29, , 5.65, 86, 2433, , , 1024, 5, 10, 0, 4.55, 14.5,
336488, 13.7, 12, 0, 0.12, 0.01, , 13.73, 29.29, 1.07, 115, , 42, 5.65, 12.9, 0, 14.9, 29.29, , 5.62, 86, 2428, , , 1024, 5, 10, 0, 4.61, 14.5,
336658, 13.7, 12, 0, 0.12, 0.02, , 13.73, 29.29, 1.07, 114, , 42.5, 5.59, 12.9, 0, 14.9, 29.29, , 5.59, 86, 2420, , , 1024, 5, 10, 0, 4.5, 14.5,
336820, 13.7, 12, 0, 0.12, 0.02, , 13.73, 29.29, 1.07, 114, , 42, 5.59, 12.5, 0, 14.9, 29.29, , 5.59, 86, 2411, , , 1024, 5, 10, 0, 4.54, 14.5,
336979, 13.7, 12, 0, 0.12, 0.03, , 13.73, 29.29, 1.07, 114, , 42.5, 5.54, 12.5, 0, 14.9, 29.29, , 5.55, 86, 2404, , , 1024, 5, 10, 0, 4.54, 14.5,
337139, 13.7, 13, 0, 0.12, 0.02, , 13.73, 29.29, 1.06, 113, , 42, 5.49, 12.5, 0, 14.9, 29.29, , 5.51, 86, 2396, , , 1024, 5, 10, 0, 4.47, 14.5,
337299, 13.7, 13, 0, 0.12, 0.03, , 13.73, 29.29, 1.06, 113, , 42, 5.49, 12.5, 0, 14.9, 29.29, , 5.49, 86, 2384, , , 1024, 5, 10, 0, 4.38, 14.5,
337474, 13.7, 13, 0, 0.12, 0.01, , 13.73, 29.29, 1.06, 113, , 42, 5.47, 12.5, 0, 14.9, 29.29, , 5.48, 86, 2378, , , 1024, 5, 10, 0, 4.49, 14.5,
337614, 13.7, 13, 0, 0.12, 0.01, , 13.73, 29.29, 1.05, 112, , 42, 5.47, 12.5, 0, 14.9, 29.29, , 5.46, 86, 2372, , , 1024, 5, 10, 0, 4.35, 14.1,
337755, 13.7, 13, 0, 0.12, 0.02, , 13.73, 29.29, 1.05, 112, , 42, 5.42, 12.5, 0, 14.9, 29.29, , 5.41, 86, 2363, , , 1024, 5, 10, 0, 4.35, 14.1,
337894, 13.7, 13, 0, 0.12, 0, , 13.73, 29.29, 1.05, 112, , 42, 5.39, 12.5, 0, 14.9, 29.29, , 5.39, 86, 2359, , , 1024, 5, 10, 0, 4.28, 14.1,
338034, 13.7, 13, 0, 0.12, 0.02, , 13.73, 29.29, 1.05, 111, , 42, 5.39, 12.5, 0, 14.9, 29.29, , 5.39, 86, 2354, , , 1024, 5, 10, 0, 4.22, 14.1,
